slug	wine_name	winery	category	region	grape	gallery_state	reference_image_path
a-gordienko-m-nikolaev-pino-nuar-krasnoe-suhoe-135	Пино Нуар	А. Гордиенко & М. Николаев	Красное	Кубань	Пино Нуар	indexed	dataset/prod-svoe-vino-1/uploads/a_gordienko_m_nikolaev_pino_nuar_krasnoe_suhoe_135_660d8a5012.webp
a-gordienko-m-nikolaev-sira-nuvo-krasnoe-suhoe-115	Сира Нуво	А. Гордиенко & М. Николаев	Красное	Кубань	Сира	indexed	dataset/prod-svoe-vino-1/uploads/a_gordienko_m_nikolaev_sira_nuvo_krasnoe_suhoe_115_3eff431cec.webp
abrau-dyurso-abrau-durso-brut-rose-reserve-pino-nuar-beloe-bryut-12	Abrau-Durso Brut Rose Reserve	Абрау-Дюрсо	Белое	Кубань	Каберне Совиньон, Каберне Фран, Мерло, Пино Нуар, Пино фран	indexed	dataset/prod-svoe-vino-1/uploads/abrau_dyurso_abrau_durso_brut_rose_reserve_pino_nuar_beloe_bryut_12_bb364de705.webp
abrau-dyurso-abrau-durso-reserve-brut-shardone-beloe-bryut-115	Abrau-Durso Reserve Brut	Абрау-Дюрсо	Белое	Кубань	Пино Блан, Рислинг, Шардоне	indexed	dataset/prod-svoe-vino-1/uploads/abrau_dyurso_abrau_durso_reserve_brut_shardone_beloe_bryut_115_c2d789063b.webp
abrau-dyurso-abrau-dyurso-pino-nuar-krasnoe-suhoe-13	Абрау-Дюрсо Пино Нуар	Абрау-Дюрсо	Красное	Кубань	Пино Нуар	indexed	dataset/prod-svoe-vino-1/uploads/abrau_dyurso_abrau_dyurso_pino_nuar_krasnoe_suhoe_13_2c1e6330fe.webp
abrau-dyurso-abrau-estates-amurskiy-potapenko-krasnoe-suhoe-105	Abrau Estates Амурский Потапенко	Абрау-Дюрсо	Красное	Кубань	Амурский Потапенко	indexed	dataset/prod-svoe-vino-1/uploads/abrau_dyurso_abrau_estates_amurskiy_potapenko_krasnoe_suhoe_105_a70c9cabe2.webp
abrau-dyurso-abrau-estates-beloe-shardone-suhoe-12	Abrau Estates белое	Абрау-Дюрсо	Белое	Кубань	Рислинг, Уньи блан, Шардоне	indexed	dataset/prod-svoe-vino-1/uploads/abrau_dyurso_abrau_estates_beloe_shardone_suhoe_12_6c1aeb2039.webp
abrau-dyurso-abrau-estates-dostoynyy-krasnoe-suhoe-135	Abrau Estates. Достойный	Абрау-Дюрсо	Красное	Кубань	Достойный	indexed	dataset/prod-svoe-vino-1/uploads/abrau_dyurso_abrau_estates_dostoynyy_krasnoe_suhoe_135_a2b9e120e4.webp
abrau-dyurso-abrau-estates-kaberne-po-belomu-kaberne-sovinon-beloe-suhoe-105	Abrau Estates Каберне по-белому	Абрау-Дюрсо	Белое	Кубань	Каберне Совиньон	indexed	dataset/prod-svoe-vino-1/uploads/abrau_dyurso_abrau_estates_kaberne_po_belomu_kaberne_sovinon_beloe_suhoe_105_a340de7dd3.webp
abrau-dyurso-abrau-estates-krasnoe-kaberne-sovinon-suhoe-13	Abrau Estates красное	Абрау-Дюрсо	Красное	Кубань	Каберне Совиньон, Мерло	indexed	dataset/prod-svoe-vino-1/uploads/abrau_dyurso_abrau_estates_krasnoe_kaberne_sovinon_suhoe_13_1770f5150f.webp
abrau-dyurso-abrau-estates-oranzh-tsitronnyy-magaracha-oranzhevoe-suhoe-105	Abrau Estates Оранж	Абрау-Дюрсо	Оранжевое	Кубань	Цитронный Магарача	indexed	dataset/prod-svoe-vino-1/uploads/abrau_dyurso_abrau_estates_oranzh_tsitronnyy_magaracha_oranzhevoe_suhoe_105_95e00a834b.webp
abrau-dyurso-abrau-estates-roze-kaberne-sovinon-rozovoe-suhoe-12	Abrau Estates. Розе	Абрау-Дюрсо	Розовое	Кубань	Каберне Совиньон, Каберне Фран	indexed	dataset/prod-svoe-vino-1/uploads/abrau_dyurso_abrau_estates_roze_kaberne_sovinon_rozovoe_suhoe_12_416c8f123b.webp
abrau-dyurso-abrau-kupazh-krasnyy-polsusladkoe-kaberne-sovinon-krasnoe-polusladkoe-11	Абрау Купаж красный полсусладкое	Абрау-Дюрсо	Красное	Кубань	Каберне Совиньон, Мерло	indexed	dataset/prod-svoe-vino-1/uploads/abrau_dyurso_abrau_kupazh_krasnyy_polsusladkoe_kaberne_sovinon_krasnoe_polusladkoe_11_291e93ae8d.webp
abrau-dyurso-abrau-kupazh-svetlyy-suhoe-shardone-beloe-125	Абрау Купаж светлый сухое	Абрау-Дюрсо	Белое	Кубань	Августин, Рислинг, Уньи блан, Шардоне	indexed	dataset/prod-svoe-vino-1/uploads/abrau_dyurso_abrau_kupazh_svetlyy_suhoe_shardone_beloe_125_b60d4bb639.webp
abrau-dyurso-abrau-kupazh-tyomnyy-suhoe-kaberne-sovinon-krasnoe-13	Абрау Купаж тёмный сухое	Абрау-Дюрсо	Красное	Кубань	Каберне Совиньон, Мерло	indexed	dataset/prod-svoe-vino-1/uploads/abrau_dyurso_abrau_kupazh_tyomnyy_suhoe_kaberne_sovinon_krasnoe_13_a9c6a97e9b.webp
abrau-dyurso-aleksandr-ii-magnum-shardone-beloe-bryut-125	Александр II Magnum	Абрау-Дюрсо	Белое	Кубань	Пино Нуар, Рислинг, Шардоне	indexed	dataset/prod-svoe-vino-1/uploads/abrau_dyurso_aleksandr_ii_magnum_shardone_beloe_bryut_125_256840c1d1.webp
abrau-dyurso-az-abrau-bayanshira-beloe-suhoe-12	Az Abrau Баяншира	Абрау-Дюрсо	Белое	Кубань	Баяншира	not_indexed	
abrau-dyurso-az-abrau-madrasa-krasnoe-suhoe-14	Az Abrau Мадраса	Абрау-Дюрсо	Красное	Кубань	мадраса	not_indexed	
abrau-dyurso-brut-dor-blanc-de-blancs-shardone-beloe-bryut-12	Brut d'Or Blanc de Blancs	Абрау-Дюрсо	Белое	Кубань	Шардоне	indexed	dataset/prod-svoe-vino-1/uploads/abrau_dyurso_brut_dor_blanc_de_blancs_shardone_igristoe_bryut_beloe_12_792f571be3.webp
abrau-dyurso-brut-dor-blanc-de-blancs-shardone-beloe-bryut-125	Brut d'Or. Blanc de Blancs	Абрау-Дюрсо	Белое	Кубань	Шардоне	indexed	dataset/prod-svoe-vino-1/uploads/abrau_dyurso_brut_dor_blanc_de_blancs_shardone_beloe_bryut_125_cf97076f41.webp
abrau-dyurso-brut-dor-blanc-de-noirs-pino-nuar-beloe-bryut-115	Brut d'Or Blanc de Noirs	Абрау-Дюрсо	Белое	Кубань	Пино Нуар	not_indexed	
abrau-dyurso-brut-dor-blanc-de-noirs-pino-nuar-beloe-bryut-125	Brut d'Or Blanc de Noirs	Абрау-Дюрсо	Белое	Кубань	Пино Нуар	not_indexed	
abrau-dyurso-brut-dor-riesling-risling-beloe-bryut-12	Brut d'Or. Riesling	Абрау-Дюрсо	Белое	Кубань	Рислинг	indexed	dataset/prod-svoe-vino-1/uploads/abrau_dyurso_brut_dor_riesling_risling_beloe_bryut_12_45b9c81ea5.webp
abrau-dyurso-brut-dor-rose-pino-nuar-rozovoe-bryut-12	Brut d'Or Rose	Абрау-Дюрсо	Розовое	Кубань	Пино Нуар	indexed	dataset/prod-svoe-vino-1/uploads/abrau_dyurso_brut_dor_rose_pino_nuar_rozovoe_bryut_12_8b5bd155e6.webp
abrau-dyurso-femme-dabrau-amurskiy-potapenko-krasnoe-suhoe-107	Femme d’Abrau	Абрау-Дюрсо	Красное	Кубань	Амурский Потапенко	indexed	dataset/prod-svoe-vino-1/uploads/abrau_dyurso_femme_dabrau_amurskiy_potapenko_krasnoe_suhoe_107_d599cb8a22.webp
abrau-dyurso-fizz-beloe-bryut	Абрау Дюрсо Физз белое брют	Абрау-Дюрсо	Белое	Кубань	Августин, Бианка, Ркацители, Шардоне	indexed	dataset/prod-svoe-vino-1/uploads/Abrau_Dyurso_fizz_bryut_2a15c7f74f.webp
abrau-dyurso-fizz-beloe-polusladkoe	Абрау Дюрсо Физз белое полусладкое	Абрау-Дюрсо	Белое	Кубань	Августин, Бианка, Ркацители, Шардоне	indexed	dataset/prod-svoe-vino-1/uploads/Abrau_Dyurso_fizz_polusladkoe_031d93d5e0.webp
abrau-dyurso-imperatorskoe-bryut-shardone-beloe-12	Императорское брют	Абрау-Дюрсо	Белое	Кубань	Рислинг, Совиньон Блан, Шардоне	indexed	dataset/prod-svoe-vino-1/uploads/abrau_dyurso_imperatorskoe_bryut_shardone_beloe_12_d6c7ebb073.webp
abrau-dyurso-imperatorskoe-polusladkoe-shardone-beloe-12	Императорское полусладкое	Абрау-Дюрсо	Белое	Кубань	Рислинг, Совиньон Блан, Шардоне	indexed	dataset/prod-svoe-vino-1/uploads/abrau_dyurso_imperatorskoe_polusladkoe_shardone_beloe_12_956aaee80d.webp
abrau-dyurso-imperatorskoe-polusuhoe-shardone-beloe-12	Императорское полусухое	Абрау-Дюрсо	Белое	Кубань	Рислинг, Совиньон Блан, Шардоне	indexed	dataset/prod-svoe-vino-1/uploads/abrau_dyurso_imperatorskoe_polusuhoe_shardone_beloe_12_51385573f2.webp
abrau-dyurso-imperial-brut-lart-nouveau-shardone-beloe-bryut-105	Империал Brut L'Art Nouveau	Абрау-Дюрсо	Белое	Кубань	Пино Блан, Пино Нуар, Рислинг, Шардоне	indexed	dataset/prod-svoe-vino-1/uploads/abrau_dyurso_imperial_brut_lart_nouveau_shardone_beloe_bryut_105_71076b0053.webp
abrau-dyurso-imperial-brut-rose-pino-nuar-rozovoe-bryut-12	Империал Brut Rose	Абрау-Дюрсо	Розовое	Кубань	Пино Нуар	indexed	dataset/prod-svoe-vino-1/uploads/abrau_dyurso_imperial_brut_rose_pino_nuar_rozovoe_bryut_12_3eafe20e40.webp
abrau-dyurso-imperial-brut-vintage-shardone-beloe-bryut-12	Империал. Brut Vintage	Абрау-Дюрсо	Белое	Кубань	Рислинг, Шардоне	indexed	dataset/prod-svoe-vino-1/uploads/abrau_dyurso_imperial_brut_vintage_shardone_beloe_bryut_12_8f6dbe7a71.webp
abrau-dyurso-imperial-kyuve-pino-nuar-rozovoe-bryut-125	Империал Кюве	Абрау-Дюрсо	Розовое	Кубань	Пино Нуар	indexed	dataset/prod-svoe-vino-1/uploads/abrau_dyurso_imperial_kyuve_pino_nuar_igristoe_bryut_rozovoe_125_99fe198335.webp
abrau-dyurso-kaberne-sovinon-krasnoe-suhoe-125	Каберне Совиньон	Абрау-Дюрсо	Красное	Кубань	Каберне Совиньон	indexed	dataset/prod-svoe-vino-1/uploads/abrau_dyurso_kaberne_sovinon_krasnoe_suhoe_vyderzhannoe_125_b9410efa7a.webp
abrau-dyurso-pino-nuar-krasnoe-suhoe-12	Пино Нуар	Абрау-Дюрсо	Красное	Кубань	Пино Нуар	not_indexed	
abrau-dyurso-pino-nuar-krasnoe-suhoe-125	Пино Нуар	Абрау-Дюрсо	Красное	Кубань	Пино Нуар	not_indexed	
abrau-dyurso-risling-beloe-suhoe-12	Рислинг	Абрау-Дюрсо	Белое	Кубань	Рислинг	not_indexed	
abrau-dyurso-risling-beloe-suhoe-13	Рислинг	Абрау-Дюрсо	Белое	Кубань	Рислинг	not_indexed	
abrau-dyurso-russkoe-igristoe-koshernoe-bryut-shardone-beloe-13	Русское Игристое кошерное брют	Абрау-Дюрсо	Белое	Кубань	Алиготе, Пино Блан, Пино Нуар, Рислинг, Шардоне	indexed	dataset/prod-svoe-vino-1/uploads/abrau_dyurso_russkoe_igristoe_koshernoe_bryut_shardone_beloe_13_8b9ee7f9fe.webp
abrau-dyurso-russkoe-igristoe-koshernoe-polusladkoe-shardone-beloe-12	Русское Игристое кошерное полусладкое	Абрау-Дюрсо	Белое	Кубань	Алиготе, Пино Блан, Пино Нуар, Рислинг, Шардоне	indexed	dataset/prod-svoe-vino-1/uploads/abrau_dyurso_russkoe_igristoe_koshernoe_polusladkoe_shardone_beloe_12_cce09fd580.webp
abrau-dyurso-russkoe-igristoe-polusladkoe-krasnoe-kaberne-sovinon-12	Русское Игристое полусладкое красное	Абрау-Дюрсо	Красное	Кубань	Каберне Совиньон, Мерло, Пино Нуар, Сира	indexed	dataset/prod-svoe-vino-1/uploads/abrau_dyurso_russkoe_igristoe_polusladkoe_krasnoe_kaberne_sovinon_12_d7c8d1c042.webp
abrau-dyurso-russkoe-igristoe-polusladkoe-shardone-beloe-12	Русское Игристое полусладкое	Абрау-Дюрсо	Белое	Кубань	Алиготе, Пино Блан, Рислинг, Совиньон Блан, Шардоне	indexed	dataset/prod-svoe-vino-1/uploads/abrau_dyurso_russkoe_igristoe_polusladkoe_shardone_beloe_12_a8752d67f6.webp
abrau-dyurso-russkoe-igristoe-polusuhoe-rozovoe-pino-nuar-12	Русское Игристое полусухое розовое	Абрау-Дюрсо	Розовое	Кубань	Каберне Совиньон, Каберне Фран, Пино Нуар, Пино фран	indexed	dataset/prod-svoe-vino-1/uploads/abrau_dyurso_russkoe_igristoe_polusuhoe_rozovoe_pino_nuar_12_dafb6d988e.webp
abrau-dyurso-russkoe-igristoe-polusuhoe-shardone-beloe-12	Русское Игристое полусухое	Абрау-Дюрсо	Белое	Кубань	Алиготе, Пино Блан, Рислинг, Совиньон Блан, Шардоне	indexed	dataset/prod-svoe-vino-1/uploads/abrau_dyurso_russkoe_igristoe_polusuhoe_shardone_beloe_12_1dd99a0a33.webp
abrau-dyurso-shardone-beloe-suhoe-12	Шардоне	Абрау-Дюрсо	Белое	Кубань	Шардоне	not_indexed	
abrau-dyurso-shardone-beloe-suhoe-13	Шардоне	Абрау-Дюрсо	Белое	Кубань	Шардоне	not_indexed	
abrau-dyurso-spumante-bryut-roze-shardone-rozovoe-12	Spumante брют розе	Абрау-Дюрсо	Розовое	Кубань	Шардоне	indexed	dataset/prod-svoe-vino-1/uploads/abrau_dyurso_spumante_bryut_roze_shardone_igristoe_bryut_rozovoe_12_36f26aa26f.webp
abrau-dyurso-udelnoe-vedomstvo-imperatorskoe-beloe-bryut	Абрау Дюрсо Удельное Ведомство Императорское белое брют	Абрау-Дюрсо	Белое	Кубань	Рислинг, Совиньон Блан, Шардоне	indexed	dataset/prod-svoe-vino-1/uploads/Abrau_Dyurso_Udelnoe_vedomtsvo_bryut_80a96f319c.webp
abrau-dyurso-udelnoe-vedomstvo-imperatorskoe-beloe-polusladkoe	Абрау Дюрсо Удельное Ведомство Императорское белое полусладкое	Абрау-Дюрсо	Белое	Кубань	Рислинг, Совиньон Блан, Шардоне	indexed	dataset/prod-svoe-vino-1/uploads/Abrau_Dyurso_Udelnoe_Vedomstvo_Imperatorskoe_beloe_polusladkoe_fac98a6538.webp
abrau-dyurso-victor-dravigny-brut-rose-pino-nuar-rozovoe-bryut-12	Victor Dravigny. Brut Rose	Абрау-Дюрсо	Розовое	Кубань	Пино Нуар, Пино фран, Шардоне	indexed	dataset/prod-svoe-vino-1/uploads/abrau_dyurso_victor_dravigny_brut_rose_pino_nuar_rozovoe_bryut_12_c7199512eb.webp
abrau-dyurso-victor-dravigny-brut-shardone-beloe-bryut-12	Victor Dravigny. Brut	Абрау-Дюрсо	Белое	Кубань	Пино Блан, Рислинг, Шардоне	indexed	dataset/prod-svoe-vino-1/uploads/abrau_dyurso_victor_dravigny_brut_shardone_beloe_bryut_12_4ab7b05e3d.webp
abrau-dyurso-victor-dravigny-bryut	Абрау-Дюрсо Victor Dravigny брют	Абрау-Дюрсо	Белое	Кубань	Пино Блан, Рислинг, Шардоне	indexed	dataset/prod-svoe-vino-1/uploads/Abrau_Dyurso_Viktor_Dravini_bryut_4b532f42da.webp
abrau-dyurso-victor-dravigny-extra-brut-shardone-beloe-bryut-125	Victor Dravigny. Extra Brut	Абрау-Дюрсо	Белое	Кубань	Пино Нуар, Рислинг, Шардоне	indexed	dataset/prod-svoe-vino-1/uploads/abrau_dyurso_victor_dravigny_extra_brut_shardone_beloe_bryut_125_86dc223df3.webp
abrau-dyurso-victor-dravigny-koshernoe-bryut-shardone-beloe-125	Victor Dravigny. Кошерное брют	Абрау-Дюрсо	Белое	Кубань	Пино Блан, Рислинг, Шардоне	indexed	dataset/prod-svoe-vino-1/uploads/abrau_dyurso_victor_dravigny_koshernoe_bryut_shardone_beloe_125_662e4e2b51.webp
abrau-dyurso-victor-dravigny-krasnoe-polusladkoe-kaberne-sovinon-125	Victor Dravigny. Красное полусладкое	Абрау-Дюрсо	Красное	Кубань	Каберне Совиньон	indexed	dataset/prod-svoe-vino-1/uploads/abrau_dyurso_victor_dravigny_krasnoe_polusladkoe_kaberne_sovinon_125_f0e4d2775c.webp
abrau-dyurso-victor-dravigny-polusladkoe-sovinon-blan-beloe-12	Victor Dravigny. Полусладкое	Абрау-Дюрсо	Белое	Кубань	Рислинг, Совиньон Блан, Шардоне	indexed	dataset/prod-svoe-vino-1/uploads/abrau_dyurso_victor_dravigny_polusladkoe_sovinon_blan_beloe_12_ec087df76c.webp
abrau-dyurso-victor-dravigny-polusuhoe-pino-blan-beloe-12	Victor Dravigny. Полусухое	Абрау-Дюрсо	Белое	Кубань	Пино Блан, Рислинг, Шардоне	indexed	dataset/prod-svoe-vino-1/uploads/abrau_dyurso_victor_dravigny_polusuhoe_pino_blan_beloe_12_7b6de7aca6.webp
agora-bastardo	AGORA Бастардо	AGORA WINERY	Красное	Крым	Бастардо	indexed	dataset/prod-svoe-vino-1/uploads/Agora_Bastardo_59a04897ff.webp
agora-blek-stoun	AGORA Блэк Стоун	AGORA WINERY	Красное	Крым	Каберне Совиньон	indexed	dataset/prod-svoe-vino-1/uploads/Agora_Blek_Stoun_e98339ae1b.webp
agora-kaberne-sovinon	AGORA Каберне Совиньон	AGORA WINERY	Красное	Крым	Каберне Совиньон	indexed	dataset/prod-svoe-vino-1/uploads/Agora_Kaberne_Sovinon_cf765cd22e.webp
agora-muskat	AGORA Мускат	AGORA WINERY	Белое	Крым	Мускат	not_indexed	
agora-muskat-chernyj	AGORA Мускат Черный	AGORA WINERY	Красное	Крым	Мускат	indexed	dataset/prod-svoe-vino-1/uploads/Agora_Muskat_Chernyj_b3314704fa.webp
agora-pino-nuar	AGORA Пино нуар	AGORA WINERY	Красное	Крым	Пино Нуар	indexed	dataset/prod-svoe-vino-1/uploads/Agora_Pino_Nuar_e81246aa3a.webp
agora-risling	AGORA Рислинг	AGORA WINERY	Белое	Крым	Рислинг	indexed	dataset/prod-svoe-vino-1/uploads/Agora_Risling_1b886b07f8.webp
agora-rosa-viva-beloe-bryut	Agora Rosa Viva Белое Брют	AGORA WINERY	Белое	Крым	Рислинг, Ркацители, Совиньон Блан, Совиньон Зеленый	not_indexed	
agora-rosa-viva-beloe-polusladkoe	Agora Rosa Viva Белое Полусладкое	AGORA WINERY	Белое	Крым	Рислинг, Ркацители, Совиньон Блан, Совиньон Зеленый	not_indexed	
agora-rosa-viva-cabernet-franc	Agora ROSA VIVA Cabernet Franc	AGORA WINERY	Красное	Крым	Каберне Фран	indexed	dataset/prod-svoe-vino-1/uploads/fp_ZE_Jh_YZ_Pst_BYLV_1775199670_92154c67f4.webp
agora-rosa-viva-cabernet-sauvignon-shiraz	Agora ROSA VIVA Cabernet Sauvignon Shiraz	AGORA WINERY	Красное	Крым	Каберне Совиньон, Шираз	indexed	dataset/prod-svoe-vino-1/uploads/22_RA_11a_BWFX_8_Yu9_1775199820_d1ccb7706c.webp
agora-rosa-viva-muscat	Agora ROSA VIVA Muscat	AGORA WINERY	Розовое	Крым	Мускат	not_indexed	
agora-rosa-viva-riesling	Agora ROSA VIVA Riesling	AGORA WINERY	Белое	Крым	Рислинг Рейнский	indexed	dataset/prod-svoe-vino-1/uploads/B_Yr_Ab_T0x_R_Ed_Rg8j_1775199389_86635deb7f.webp
agora-rosa-viva-rozovoe-polusladkoe	Agora Rosa Viva Розовое Полусладкое	AGORA WINERY	Розовое	Крым	Пино Нуар, Совиньон Блан, Шардоне	not_indexed	
agora-saperavi	AGORA Саперави	AGORA WINERY	Красное	Крым	Саперави	indexed	dataset/prod-svoe-vino-1/uploads/Agora_Saperavi_c472cc0afc.webp
agora-shardone	AGORA Шардоне	AGORA WINERY	Белое	Крым	Шардоне	indexed	dataset/prod-svoe-vino-1/uploads/Agora_Shardone_4e9ddf9c52.webp
agora-sovinon	AGORA Совиньон	AGORA WINERY	Белое	Крым	Совиньон Блан	indexed	dataset/prod-svoe-vino-1/uploads/Agora_Sovinon_6b035f6913.webp
agora-terruarnoe-bastardo	AGORA Терруарное Бастардо	AGORA WINERY	Красное	Крым	Бастардо	indexed	dataset/prod-svoe-vino-1/uploads/Bastardo_terruarnoe_c692ff5ff0.webp
agora-terruarnoe-kaberne-sovinon	AGORA Терруарное Каберне совиньон	AGORA WINERY	Красное	Крым	Каберне Совиньон	not_indexed	
agora-vintage-blanc-de-blancs-extra-brut	AGORA, VINTAGE Blanc de Blancs extra brut	AGORA WINERY	Белое	Крым	Шардоне	indexed	dataset/prod-svoe-vino-1/uploads/Blan_de_Blan_2d64f13a73.webp
agora-vintage-blanc-de-noirs-extra-brut	AGORA, VINTAGE Blanc de Noirs extra brut	AGORA WINERY	Белое	Крым	Пино Нуар	indexed	dataset/prod-svoe-vino-1/uploads/Blan_de_Nuar_f3d5c90643.webp
agora-winery-cuvee-pino-gridzhio-shardone-bryut-beloe-125	CUVEE Пино Гриджио Шардоне, брют, белое	AGORA WINERY	Белое	Крым	Пино Гриджио	indexed	dataset/prod-svoe-vino-1/uploads/agora_winery_cuvee_pino_gridzhio_shardone_bryut_beloe_igristoe_bryut_beloe_125_16b20c89df.webp
agora-winery-cuvee-pino-nuar-shardone-bryut-rozovoe-125	CUVEE Пино нуар, Шардоне, брют, розовое	AGORA WINERY	Розовое	Крым	Пино Нуар	indexed	dataset/prod-svoe-vino-1/uploads/agora_winery_cuvee_pino_nuar_shardone_bryut_rozovoe_igristoe_bryut_rozovoe_125_c2b30c8f55.webp
agora-yachting-cabernet-sauvignon	Agora Yachting Cabernet Sauvignon	AGORA WINERY	Красное	Крым	Каберне Совиньон	not_indexed	
agora-yachting-chardonnay	Agora Yachting Chardonnay	AGORA WINERY	Белое	Крым	Шардоне	indexed	dataset/prod-svoe-vino-1/uploads/Agora_Rezerv_Yahting_Shardone_836c91ea71.webp
agora-yachting-merlot	Agora Yachting Merlot	AGORA WINERY	Красное	Крым	Мерло	indexed	dataset/prod-svoe-vino-1/uploads/Agora_Rezerv_Yahting_Merlo_c83c62cf28.webp
agora-yachting-pinot-grigio	Agora Yachting Pinot Grigio	AGORA WINERY	Белое	Крым	Пино Гриджио	indexed	dataset/prod-svoe-vino-1/uploads/Agora_Rezerv_Yahting_Pino_Gridzhio_5daf688202.webp
agora-yachting-sauvignon	Agora Yachting Sauvignon	AGORA WINERY	Белое	Крым	Совиньон Блан	not_indexed	
agora-yachting-shiraz	Agora Yachting Shiraz	AGORA WINERY	Красное	Крым	Шираз	indexed	dataset/prod-svoe-vino-1/uploads/Agora_Rezerv_Yahting_Shiraz_efe299c1a7.webp
agrolayn-heritage-dg-skin-contact-red-saperavi-krasnoe-suhoe-13	Heritage Dg Skin Contact Red	Агролайн	Красное	Дагестан	Саперави	not_indexed	
agrolayn-heritage-dg-skin-contact-rkatsiteli-rkatsiteli-beloe-suhoe-12	Heritage DG Skin contact Rkatsiteli	Агролайн	Белое	Дагестан	Ркацители	not_indexed	
agrolayn-heritage-dg-skin-contact-rkatsiteli-rkatsiteli-krasnoe-suhoe-12	Heritage DG Skin contact Rkatsiteli	Агролайн	Красное	Дагестан	Ркацители	not_indexed	
agrolayn-lame-du-vin-saperavi-krasnoe-suhoe-13	L'ame du Vin	Агролайн	Красное	Дагестан	Саперави	indexed	dataset/prod-svoe-vino-1/uploads/agrolayn_lame_du_vin_saperavi_krasnoe_suhoe_13_5ede20a1fd.webp
agrolayn-mountain-eagle-aleatico-rose-aleatiko-rozovoe-suhoe-125	Mountain Eagle Aleatico Rose	Агролайн	Розовое	Дагестан	Алеатико	indexed	dataset/prod-svoe-vino-1/uploads/agrolayn_mountain_eagle_aleatico_rose_aleatiko_rozovoe_suhoe_125_2fca230608.webp
agrolayn-mountain-eagle-cabernet-sauvignon-kaberne-sovinon-krasnoe-suhoe-135	Mountain Eagle Cabernet Sauvignon	Агролайн	Красное	Дагестан	Каберне Совиньон	indexed	dataset/prod-svoe-vino-1/uploads/agrolayn_mountain_eagle_cabernet_sauvignon_kaberne_sovinon_krasnoe_suhoe_135_c2ea2996ff.webp
agrolayn-mountain-eagle-chardonnay-shardone-beloe-suhoe-12	Mountain Eagle Chardonnay	Агролайн	Белое	Дагестан	Шардоне	indexed	dataset/prod-svoe-vino-1/uploads/agrolayn_mountain_eagle_chardonnay_shardone_beloe_suhoe_12_787345e979.webp
agrolayn-mountain-eagle-marselan-marselan-krasnoe-suhoe-13	Mountain Eagle Marselan	Агролайн	Красное	Дагестан	Марселан	indexed	dataset/prod-svoe-vino-1/uploads/agrolayn_mountain_eagle_marselan_marselan_krasnoe_suhoe_13_918dcc5044.webp
agrolayn-mountain-eagle-muscat-muskat-beloe-suhoe-125	Mountain Eagle Muscat	Агролайн	Белое	Дагестан	Мускат	indexed	dataset/prod-svoe-vino-1/uploads/agrolayn_mountain_eagle_muscat_muskat_beloe_suhoe_125_1592a7a3e1.webp
agrolayn-mountain-eagle-pedro-ximenez-pedro-himenes-beloe-suhoe-11	Mountain Eagle Pedro Ximenez	Агролайн	Белое	Дагестан	Педро Хименес	indexed	dataset/prod-svoe-vino-1/uploads/agrolayn_mountain_eagle_pedro_ximenez_pedro_himenes_beloe_suhoe_11_f778a838b5.webp
agrolayn-mountain-eagle-saperavi-saperavi-krasnoe-suhoe-135	Mountain Eagle Saperavi	Агролайн	Красное	Дагестан	Саперави	indexed	dataset/prod-svoe-vino-1/uploads/agrolayn_mountain_eagle_saperavi_saperavi_krasnoe_suhoe_135_6d3f5cfe1e.webp
agrolayn-mountain-eagle-sauvignon-blanc-sovinon-blan-beloe-suhoe-125	Mountain Eagle Sauvignon Blanc	Агролайн	Белое	Дагестан	Совиньон Блан	indexed	dataset/prod-svoe-vino-1/uploads/agrolayn_mountain_eagle_sauvignon_blanc_sovinon_blan_beloe_suhoe_125_4e32ec4820.webp
agrolayn-mountain-eagle-semillon-semilon-beloe-suhoe-11	Mountain Eagle Semillon	Агролайн	Белое	Дагестан	Семильон	not_indexed	
agrolayn-mountain-eagle-traminer-traminer-beloe-suhoe-12	Mountain Eagle Traminer	Агролайн	Белое	Дагестан	Траминер	not_indexed	
agrolayn-mountain-eagle-viognier-vione-beloe-suhoe-115	Mountain Eagle Viognier	Агролайн	Белое	Дагестан	Вионье	indexed	dataset/prod-svoe-vino-1/uploads/agrolayn_mountain_eagle_viognier_vione_beloe_suhoe_115_841c23d57a.webp
agrolayn-mountain-eagle-white-blend-vione-beloe-suhoe-115	Mountain Eagle White Blend	Агролайн	Белое	Дагестан	Вионье	indexed	dataset/prod-svoe-vino-1/uploads/agrolayn_mountain_eagle_white_blend_vione_beloe_suhoe_115_30af9f7827.webp
agrolayn-vexillum-blanc-de-blancs-shardone-beloe-bryut-115	Vexillum Blanc de Blancs	Агролайн	Белое	Дагестан	Шардоне	indexed	dataset/prod-svoe-vino-1/uploads/agrolayn_vexillum_blanc_de_blancs_shardone_igristoe_bryut_beloe_115_95d59e344a.webp
agrolayn-vexillum-blanc-de-noirs-pino-nuar-beloe-bryut-12	Vexillum Blanc de Noirs	Агролайн	Белое	Дагестан	Пино Нуар	indexed	dataset/prod-svoe-vino-1/uploads/agrolayn_vexillum_blanc_de_noirs_pino_nuar_igristoe_bryut_beloe_12_82c19c7b32.webp
aligote-avtorskoe	Алиготе Авторское	Массандра	Белое	Крым	Алиготе	not_indexed	
aligote-avtorskoe-vino	Алиготе. Авторское вино	Массандра	Белое	Крым	Алиготе	not_indexed	
aligote-barrel-2024	Алиготе Баррель, 2024	Коммуналка	Белое	Крым	Алиготе	not_indexed	
aligote-barrel-2025	Алиготе Баррель, 2025	Коммуналка	Белое	Крым	Алиготе	not_indexed	
aligote-shato-pino	Aligote. Шато Пино	Шато Пино	Белое	Кубань	Алиготе	indexed	dataset/prod-svoe-vino-1/uploads/bez_fona_no_bg_preview_carve_photos_d1b6f3d608.webp
alma-valley-alma-graviti-pino-nuar-merlo-kaberne-sovinon-krasnoe-suhoe-14	Альма Гравити. Пино Нуар - Мерло - Каберне Совиньон	Alma Valley	Красное	Крым	Пино Нуар	indexed	dataset/prod-svoe-vino-1/uploads/alma_valley_alma_graviti_pino_nuar_merlo_kaberne_sovinon_krasnoe_suhoe_14_aed5a84143.webp
alma-valley-graviti-kaberne-sovinon-krasnoe-suhoe-15	Гравити	Alma Valley	Красное	Крым	Каберне Совиньон, Мерло, Пино Нуар	not_indexed	
alma-valley-graviti-pino-blan-beloe-suhoe-135	Гравити	Alma Valley	Белое	Крым	Пино Блан, Пино Гри, Рислинг	not_indexed	
alma-valley-kaberne-fran-krasnoe-suhoe-145	Каберне Фран	Alma Valley	Красное	Крым	Каберне Фран	indexed	dataset/prod-svoe-vino-1/uploads/alma_valley_kaberne_fran_krasnoe_suhoe_145_f987d71edd.webp
alma-valley-kaberne-fran-rezerv-krasnoe-suhoe-15	Каберне Фран Резерв	Alma Valley	Красное	Крым	Каберне Фран	indexed	dataset/prod-svoe-vino-1/uploads/alma_valley_kaberne_fran_rezerv_krasnoe_suhoe_15_6ef14d79ec.webp
alma-valley-kaberne-sovinon-rezerv-krasnoe-suhoe-15	Каберне Совиньон Резерв	Alma Valley	Красное	Крым	Каберне Совиньон	indexed	dataset/prod-svoe-vino-1/uploads/alma_valley_kaberne_sovinon_rezerv_krasnoe_suhoe_15_58f5256504.webp
alma-valley-kokur-beloe-suhoe-14	Кокур	Alma Valley	Белое	Крым	Кокур	indexed	dataset/prod-svoe-vino-1/uploads/alma_valley_kokur_beloe_suhoe_14_b8bafe9cd7.webp
alma-valley-kolombar-beloe-polusuhoe-135	Коломбар	Alma Valley	Белое	Крым	Коломбар	indexed	dataset/prod-svoe-vino-1/uploads/alma_valley_kolombar_beloe_polusuhoe_135_c5b227e252.webp
alma-valley-locantita-merlot-cabernet-franc	Alma Valley Locantita Merlot-Cabernet Franc	Alma Valley	Красное	Крым	Каберне Совиньон, Каберне Фран, Красностоп Анапский, Мерло, Пино Нуар, Саперави, Шираз	indexed	dataset/prod-svoe-vino-1/uploads/Alma_Velli_Lokantino_7ad51d416c.webp
alma-valley-merlo-krasnoe-suhoe-13	Мерло	Alma Valley	Красное	Крым	Мерло	indexed	dataset/prod-svoe-vino-1/uploads/alma_valley_merlo_krasnoe_suhoe_13_51d2488815.webp
alma-valley-merlo-rezerv-krasnoe-suhoe-14	Мерло Резерв	Alma Valley	Красное	Крым	Мерло	not_indexed	
alma-valley-merlo-rezerv-krasnoe-suhoe-15	Мерло Резерв	Alma Valley	Красное	Крым	Мерло	not_indexed	
alma-valley-petit-arvin-beloe-suhoe-13	Петит Арвин	Alma Valley	Белое	Крым	Петит арвин	indexed	dataset/prod-svoe-vino-1/uploads/alma_valley_petit_arvin_beloe_suhoe_13_863e81595b.webp
alma-valley-pino-blan-beloe-suhoe-14	Пино Блан	Alma Valley	Белое	Крым	Пино Блан	indexed	dataset/prod-svoe-vino-1/uploads/alma_valley_pino_blan_beloe_suhoe_14_8798dea7ca.webp
alma-valley-pino-blan-rezerv-beloe-suhoe-14	Пино Блан Резерв	Alma Valley	Белое	Крым	Пино Блан	indexed	dataset/prod-svoe-vino-1/uploads/alma_valley_pino_blan_rezerv_beloe_suhoe_14_1be9ab6c2a.webp
alma-valley-pino-gri-beloe-polusuhoe-15	Пино Гри	Alma Valley	Белое	Крым	Пино Гри	indexed	dataset/prod-svoe-vino-1/uploads/alma_valley_pino_gri_beloe_polusuhoe_15_4e288bc898.webp
alma-valley-pino-nuar-beloe-ekstra-bryut-115	Пино Нуар	Alma Valley	Белое	Крым	Пино Нуар	not_indexed	
alma-valley-pino-nuar-krasnoe-suhoe-13	Пино Нуар	Alma Valley	Красное	Крым	Пино Нуар	not_indexed	
alma-valley-pino-nuar-rezerv-krasnoe-suhoe-14	Пино Нуар Резерв	Alma Valley	Красное	Крым	Пино Нуар	indexed	dataset/prod-svoe-vino-1/uploads/alma_valley_pino_nuar_rezerv_krasnoe_suhoe_14_c3c0dc1cc6.webp
alma-valley-rislaner-beloe-polusladkoe-125	Рисланер	Alma Valley	Белое	Крым	Рисланер	indexed	dataset/prod-svoe-vino-1/uploads/alma_valley_rislaner_beloe_polusladkoe_125_01d472fe7c.webp
alma-valley-risling-beloe-polusuhoe-125	Рислинг	Alma Valley	Белое	Крым	Рислинг	indexed	dataset/prod-svoe-vino-1/uploads/alma_valley_risling_beloe_polusuhoe_125_88fc981d53.webp
alma-valley-semilon-beloe-suhoe-135	Семильон	Alma Valley	Белое	Крым	Семильон	indexed	dataset/prod-svoe-vino-1/uploads/alma_valley_semilon_beloe_suhoe_135_12953499e0.webp
alma-valley-shardone-beloe-suhoe-135	Шардоне	Alma Valley	Белое	Крым	Шардоне	indexed	dataset/prod-svoe-vino-1/uploads/alma_valley_shardone_beloe_suhoe_135_c577ccd0a1.webp
alma-valley-shardone-rezerv-beloe-suhoe-135	Шардоне Резерв	Alma Valley	Белое	Крым	Шардоне	not_indexed	
alma-valley-shardone-rezerv-beloe-suhoe-14	Шардоне Резерв	Alma Valley	Белое	Крым	Шардоне	not_indexed	
alma-valley-shiraz-krasnoe-suhoe-13	Шираз	Alma Valley	Красное	Крым	Шираз	indexed	dataset/prod-svoe-vino-1/uploads/alma_valley_shiraz_krasnoe_suhoe_13_cac190e3fc.webp
alma-valley-shiraz-sira-rezerv-krasnoe-suhoe-14	Шираз (Сира) Резерв	Alma Valley	Красное	Крым	Шираз	indexed	dataset/prod-svoe-vino-1/uploads/alma_valley_shiraz_sira_rezerv_krasnoe_suhoe_14_8929b4c449.webp
alma-valley-solntse-vozduh-vinograd-kokur-beloe-polusladkoe-13	Солнце, воздух, виноград	Alma Valley	Белое	Крым	Кокур, Коломбар, Совиньон Блан, Траминер, Шардоне	not_indexed	
alma-valley-solntse-vozduh-vinograd-merlo-krasnoe-polusladkoe-14	Солнце, воздух, виноград	Alma Valley	Красное	Крым	Каберне Совиньон, Мерло, Пино чёрный (Пино нуар) и Сира (Шираз)	not_indexed	
alma-valley-solntse-vozduh-vinograd-shardone-beloe-polusuhoe-13	Солнце, воздух, виноград	Alma Valley	Белое	Крым	Кокур, Пино Блан, Рислинг, Семильон, Совиньон Блан, Шардоне	not_indexed	
alma-valley-solntse-vozduh-vinograd-sira-shiraz-krasnoe-polusuhoe-135	Солнце, воздух, виноград	Alma Valley	Красное	Крым	Каберне Совиньон, Каберне Фран, Сира (Шираз), Темпранильо	not_indexed	
alma-valley-solntse-vozduh-vinograd-sira-shiraz-rozovoe-polusladkoe-12	Солнце, воздух, виноград	Alma Valley	Розовое	Крым	Пино чёрный (Пино нуар) и Мерло, Сира (Шираз)	not_indexed	
alma-valley-sovinon-blan-beloe-suhoe-14	Совиньон Блан	Alma Valley	Белое	Крым	Совиньон Блан	indexed	dataset/prod-svoe-vino-1/uploads/alma_valley_sovinon_blan_beloe_suhoe_14_a30a0144ff.webp
alma-valley-sovinon-blan-rezerv-beloe-suhoe-14	Совиньон Блан Резерв	Alma Valley	Белое	Крым	Совиньон Блан	indexed	dataset/prod-svoe-vino-1/uploads/alma_valley_sovinon_blan_rezerv_beloe_suhoe_14_67049e90d5.webp
alma-valley-tba-sovinon-sovinon-blan-beloe-sladkoe-75	ТБА Совиньон	Alma Valley	Белое	Крым	Совиньон Блан	indexed	dataset/prod-svoe-vino-1/uploads/alma_valley_tba_sovinon_sovinon_blan_beloe_sladkoe_75_571c20333f.webp
alma-valley-tempranilo-krasnoe-suhoe-13	Темпранильо	Alma Valley	Красное	Крым	Темпранильо	indexed	dataset/prod-svoe-vino-1/uploads/alma_valley_tempranilo_krasnoe_suhoe_13_9f66826c6d.webp
alma-valley-tempranilo-rezerv-krasnoe-suhoe-14	Темпранильо Резерв	Alma Valley	Красное	Крым	Темпранильо	indexed	dataset/prod-svoe-vino-1/uploads/alma_valley_tempranilo_rezerv_krasnoe_suhoe_14_36d4dbc6c0.webp
alma-valley-traminer-beloe-suhoe-125	Траминер	Alma Valley	Белое	Крым	Траминер	indexed	dataset/prod-svoe-vino-1/uploads/alma_valley_traminer_beloe_suhoe_125_535f55a570.webp
amelia	Amelia, 2022	WINEMAFIA	Белое	Кубань	Рислинг	indexed	dataset/prod-svoe-vino-1/uploads/Amelia_22_png_e439aa8564.webp
amelia-2023	Amelia, 2023	WINEMAFIA	Белое	Кубань	Рислинг	indexed	dataset/prod-svoe-vino-1/uploads/Amelia_23_89599a3948.webp
andryus-yutsis-muscat-blanc-muskat-beloe-suhoe-112	Muscat Blanc	Andryus Yutsis	Белое	Крым	Мускат	indexed	dataset/prod-svoe-vino-1/uploads/andryus_yutsis_muscat_blanc_muskat_beloe_suhoe_112_efea231a5f.webp
andryus-yutsis-muskat-blan-vione-beloe-suhoe-117	Мускат Блан, Вионье	Andryus Yutsis	Белое	Крым	Мускат Блан	indexed	dataset/prod-svoe-vino-1/uploads/andryus_yutsis_muskat_blan_vione_beloe_suhoe_117_67d4906ed6.webp
andryus-yutsis-orange-vermentino-beloe-suhoe-112	Orange	Andryus Yutsis	Белое	Крым	Верментино	indexed	dataset/prod-svoe-vino-1/uploads/andryus_yutsis_orange_vermentino_beloe_suhoe_112_656c4e7348.webp
andryus-yutsis-organic-syrah-sira-krasnoe-suhoe-135	Organic Syrah	Andryus Yutsis	Красное	Крым	Сира	indexed	dataset/prod-svoe-vino-1/uploads/andryus_yutsis_organic_syrah_sira_krasnoe_suhoe_135_7e2b3955da.webp
andryus-yutsis-organik-risling-beloe-suhoe-115	Органик Рислинг	Andryus Yutsis	Белое	Крым	Рислинг	indexed	dataset/prod-svoe-vino-1/uploads/andryus_yutsis_organik_risling_beloe_suhoe_115_6eb74add89.webp
andryus-yutsis-pino-nuar-krasnoe-suhoe-12	Пино Нуар	Andryus Yutsis	Красное	Крым	Пино Нуар	indexed	dataset/prod-svoe-vino-1/uploads/andryus_yutsis_pino_nuar_krasnoe_suhoe_12_bf6b9d813b.webp
andryus-yutsis-pinot-grigio-pino-gri-beloe-suhoe-125	Pinot Grigio	Andryus Yutsis	Белое	Крым	Пино Гри	indexed	dataset/prod-svoe-vino-1/uploads/andryus_yutsis_pinot_grigio_pino_gri_beloe_suhoe_125_62e4b88fbe.webp
andryus-yutsis-risling-beloe-suhoe-12	Рислинг	Andryus Yutsis	Белое	Крым	Рислинг	indexed	dataset/prod-svoe-vino-1/uploads/andryus_yutsis_risling_beloe_suhoe_12_a00be531c0.webp
andryus-yutsis-shenen-blan-beloe-suhoe-12	Шенен Блан	Andryus Yutsis	Белое	Крым	Шенен Блан	indexed	dataset/prod-svoe-vino-1/uploads/andryus_yutsis_shenen_blan_beloe_suhoe_12_88fa29c996.webp
andryus-yutsis-vione-beloe-suhoe-112	Вионье	Andryus Yutsis	Белое	Крым	Вионье	indexed	dataset/prod-svoe-vino-1/uploads/andryus_yutsis_vione_beloe_suhoe_112_3dcc463d21.webp
appassimento	Appassimento	WINEMAFIA	Красное	Кубань	Каберне Совиньон	indexed	dataset/prod-svoe-vino-1/uploads/Appassimento_cbbff6ab39.webp
appassimento-merlot	Appassimento merlot	AYA Organic Wine & Vineyards	Красное	Крым	Мерло	indexed	dataset/prod-svoe-vino-1/uploads/AYA_Mokap_apassimento_437849eda9.webp
aratti-kaberne-po-belomu	АРАТТИ Каберне по-белому	АРАТТИ	Красное	Кубань	Каберне Совиньон	not_indexed	
aratti-kaberne-po-belomu-1	АРАТТИ Каберне по-белому	АРАТТИ	Розовое	Кубань	Каберне Совиньон	not_indexed	
aratti-kaberne-sovinon-2020-krasnoe-suhoe	АРАТТИ Каберне Совиньон 2020 красное сухое	АРАТТИ	Красное	Кубань	Каберне Совиньон	not_indexed	
aratti-kaberne-sovinon-2021-krasnoe-suhoe	АРАТТИ Каберне Совиньон 2021 красное сухое	АРАТТИ	Красное	Кубань	Каберне Совиньон	not_indexed	
aratti-muskat-belyj-polusuhoe	АРАТТИ Мускат белый полусухое	АРАТТИ	Белое	Кубань	Мускат Белый	not_indexed	
aratti-muskat-belyj-suhoe	АРАТТИ Мускат белый сухое	АРАТТИ	Белое	Кубань	Мускат Белый	not_indexed	
aratti-risling-beloe-polusuhoe	АРАТТИ Рислинг белое полусухое	АРАТТИ	Белое	Кубань	Рислинг Рейнский	not_indexed	
aratti-risling-suhoe	АРАТТИ Рислинг сухое	АРАТТИ	Белое	Кубань	Рислинг Рейнский	not_indexed	
aratti-shardone-beloe-suhoe	АРАТТИ Шардоне белое сухое	АРАТТИ	Белое	Кубань	Шардоне	not_indexed	
aratti-sovinon-blan-beloe-polusuhoe	АРАТТИ Совиньон блан белое полусухое	АРАТТИ	Белое	Кубань	Совиньон Блан	not_indexed	
aratti-vremena-goda-saperavi-leto	АРАТТИ Времена Года Саперави Лето	АРАТТИ	Красное	Кубань	Саперави	not_indexed	
aratti-vremena-goda-saperavi-merlo-vesna	АРАТТИ Времена Года Саперави, Мерло Весна	АРАТТИ	Красное	Кубань	Мерло, Саперави	not_indexed	
aratti-vremena-goda-saperavi-vyderzhannyj-zima	АРАТТИ Времена Года Саперави выдержанный Зима	АРАТТИ	Красное	Кубань	Саперави	not_indexed	
arie	Arie (Выдержка сталь) 2020	WINEMAFIA	Красное	Кубань	Каберне Совиньон	indexed	dataset/prod-svoe-vino-1/uploads/Arie_2020_WM_f96f943b9a.webp
arie-riserva	Arie Riserva	WINEMAFIA	Красное	Кубань	Каберне Совиньон	indexed	dataset/prod-svoe-vino-1/uploads/Arie_reserva_4e284defd7.webp
arie-vyderzhka-bochka-francziya-2020	Arie (Выдержка бочка Франция), 2020	WINEMAFIA	Красное	Кубань	Каберне Совиньон	not_indexed	
aristov-anima-millesimato	Аристов Anima Millesimato	Кубань-Вино	Розовое	Кубань	Пино Блан, Пино Нуар, Шардоне	not_indexed	
aristov-anima-millesimato-beloe-bryut	Аристов ANIMA Millesimato белое брют	Кубань-Вино	Белое	Кубань	Алиготе, Мюллер-Тургау, Пино Блан, Рислинг, Шардоне	indexed	dataset/prod-svoe-vino-1/uploads/Aristov_Anima_milezimiato_bryut_4a887b783f.webp
aristov-anima-pinot-grigio-blush	Аристов Anima Pinot Grigio Blush	Кубань-Вино	Розовое	Кубань	Пино Гриджио	not_indexed	
aristov-kyuve-aleksandr-blan-de-blan	Аристов. Кюве Александр. Блан Де Блан	Кубань-Вино	Белое	Кубань	Шардоне	indexed	dataset/prod-svoe-vino-1/uploads/Aristov_Kyuve_ekstra_bryut_Blan_de_Blan_18_MESI_2022_GU_Normal_fcdb509a54.webp
aristov-kyuve-aleksandr-blan-de-nuar	Аристов. Кюве Александр. Блан Де Нуар	Кубань-Вино	Белое	Кубань	Пино Нуар	indexed	dataset/prod-svoe-vino-1/uploads/Aristov_Kyuve_ekstra_bryut_Blan_de_Nuar_18_MESI_2022_GU_Normal_4a2bea6a3e.webp
aristov-kyuve-aleksandr-roze-de-pino	Аристов. Кюве Александр. Розе Де Пино	Кубань-Вино	Розовое	Кубань	Пино Нуар	indexed	dataset/prod-svoe-vino-1/uploads/Aristov_Kyuve_Roze_Pino_2023_0_75l_bryut_Normal_Photoroom_cc598880d5.webp
aromatnoe-malbek-rezerv-krasnoe-suhoe-125	Мальбек резерв	Ароматное	Красное	Крым	Мальбек	indexed	dataset/prod-svoe-vino-1/uploads/aromatnoe_malbek_rezerv_krasnoe_suhoe_vyderzhannoe_125_d2e32af939.webp
aromatnoe-shenen-blan-beloe-suhoe-13	Шенен Блан	Ароматное	Белое	Крым	Шенен Блан	indexed	dataset/prod-svoe-vino-1/uploads/aromatnoe_shenen_blan_beloe_suhoe_13_292ec223ed.webp
artvin-kaberne-sovinon-grand-rezerv-krasnoe-suhoe-13	Каберне Совиньон Гранд Резерв	Артвин	Красное	Крым	Каберне Совиньон	indexed	dataset/prod-svoe-vino-1/uploads/artvin_kaberne_sovinon_grand_rezerv_krasnoe_suhoe_13_501fa25679.webp
artvin-odesskiy-chernyy-rezerv-krasnoe-suhoe-13	Одесский Черный Резерв	Артвин	Красное	Крым	Одесский черный	indexed	dataset/prod-svoe-vino-1/uploads/artvin_odesskiy_chernyy_rezerv_krasnoe_suhoe_13_4531c8f1c7.webp
avtohtonnoe-vino-kryma-beloe-suhoe	Автохтонное Вино Крыма белое сухое	Валерий Захарьин	Белое	Крым	Алиготе, Кокур Белый, Сары Пандас	not_indexed	
avtorskij-gid-artura-sarkisyana	Темелион брют	Долина Лефкадия	Белое	Кубань	Шардоне	not_indexed	
avtorskoe-risling	Авторское Рислинг	Olymp Winery	Белое	Кубань	Рислинг, Ркацители	not_indexed	
aya-khrustaleva-76-merlot-organik	Aya Khrustaleva 76 merlot Органик	AYA Organic Wine & Vineyards	Розовое	Крым	Мерло	not_indexed	
aya-organic-wine-vineyards-blush-1-sira-rozovoe-ekstra-bryut-135	Blush #1	AYA Organic Wine & Vineyards	Розовое	Крым	Сира	indexed	dataset/prod-svoe-vino-1/uploads/aya_organic_wine_vineyards_blush_1_sira_petnat_ekstra_bryut_rozovyy_135_33ab300ffe.webp
aya-organic-wine-vineyards-blush-2-merlo-rozovoe-ekstra-bryut-135	Blush #2	AYA Organic Wine & Vineyards	Розовое	Крым	Мерло	indexed	dataset/prod-svoe-vino-1/uploads/aya_organic_wine_vineyards_blush_2_merlo_petnat_ekstra_bryut_rozovyy_135_ed87f553c8.webp
aya-organic-wine-vineyards-blush-3-kaberne-fran-rozovoe-ekstra-bryut-132	Blush #3	AYA Organic Wine & Vineyards	Розовое	Крым	Каберне Фран	indexed	dataset/prod-svoe-vino-1/uploads/aya_organic_wine_vineyards_blush_3_kaberne_fran_petnat_ekstra_bryut_rozovyy_132_a094099a22.webp
aya-organic-wine-vineyards-blush-4-pino-nuar-krasnoe-ekstra-bryut-129	Blush #4	AYA Organic Wine & Vineyards	Красное	Крым	Пино Нуар	indexed	dataset/prod-svoe-vino-1/uploads/aya_organic_wine_vineyards_blush_4_pino_nuar_petnat_ekstra_bryut_krasnyy_129_26041a124c.webp
aya-organic-wine-vineyards-evolution-chardonnay-shardone-beloe-suhoe-124	Evolution Chardonnay	AYA Organic Wine & Vineyards	Белое	Крым	Шардоне	indexed	dataset/prod-svoe-vino-1/uploads/aya_organic_wine_vineyards_evolution_chardonnay_shardone_beloe_suhoe_124_e03dd6e444.webp
aya-organic-wine-vineyards-evolution-pinot-noir-pino-nuar-krasnoe-suhoe-125	Evolution Pinot Noir	AYA Organic Wine & Vineyards	Красное	Крым	Пино Нуар	not_indexed	
aya-organic-wine-vineyards-purity-in-chenin-blanc-shenen-blan-beloe-suhoe-11	Purity in Chenin Blanc	AYA Organic Wine & Vineyards	Белое	Крым	Шенен Блан	not_indexed	
aya-organic-wine-vineyards-purity-in-merlot-merlo-rozovoe-suhoe-134	Purity in Merlot	AYA Organic Wine & Vineyards	Розовое	Крым	Мерло	indexed	dataset/prod-svoe-vino-1/uploads/aya_organic_wine_vineyards_purity_in_merlot_merlo_rozovoe_suhoe_134_9e5858ac67.webp
aya-organic-wine-vineyards-purity-in-syrah-sira-krasnoe-suhoe-146	Purity in Syrah	AYA Organic Wine & Vineyards	Красное	Крым	Сира	not_indexed	
aya-organic-wine-vineyards-purity-in-syrah-sira-rozovoe-suhoe-132	Purity in Syrah	AYA Organic Wine & Vineyards	Розовое	Крым	Сира	not_indexed	
aya-organic-wine-vineyards-purity-in-trinity-pino-nuar-rozovoe-suhoe-13	Purity in Trinity	AYA Organic Wine & Vineyards	Розовое	Крым	Пино Нуар	indexed	dataset/prod-svoe-vino-1/uploads/aya_organic_wine_vineyards_purity_in_trinity_pino_nuar_rozovoe_suhoe_13_a16516170d.webp
b-yu-rne-krasnostop-suhoe-krasnoe-classic	БЮРНЬЕ.КРАСНОСТОП сухое красное Classic	Винодельня Бюрнье	Красное	Кубань	Красностоп	not_indexed	
b-yu-rne-l-yu-bl-yu-suhoe-rozovoe	БЮРНЬЕ.ЛЮБЛЮ сухое розовое	Винодельня Бюрнье	Розовое	Кубань	Мерло, Сира	not_indexed	
b-yu-rne-malbek-krasnoe-suhoe	БЮРНЬЕ.МАЛЬБЕК красное сухое	Винодельня Бюрнье	Красное	Кубань	Мальбек	not_indexed	
b-yu-rne-pino-gri-beloe-suhoe	БЮРНЬЕ.ПИНО ГРИ белое сухое	Винодельня Бюрнье	Белое	Кубань	Пино Гри	not_indexed	
b-yu-rne-pino-gri-pozdnij-sbor-sladkoe-beloe	БЮРНЬЕ.ПИНО ГРИ Поздний сбор сладкое белое	Винодельня Бюрнье	Белое	Кубань	Пино Гри	not_indexed	
b-yu-rne-sh-ardone-suhoe-beloe	БЮРНЬЕ.ШАРДОНЕ сухое белое	Винодельня Бюрнье	Белое	Кубань	Шардоне	not_indexed	
b-yu-rne-sira-krasnoe-suhoe-classic	БЮРНЬЕ.СИРА красное сухое Classic	Винодельня Бюрнье	Красное	Кубань	Сира	not_indexed	
b-yu-rne-vinisa-zh-suhoe-beloe	БЮРНЬЕ.ВИНИСАЖ сухое белое	Винодельня Бюрнье	Белое	Кубань	Мускат Белый, Пино Блан, Шардоне	not_indexed	
b-yu-rne-vinisa-zh-suhoe-krasnoe	БЮРНЬЕ.ВИНИСАЖ сухое красное	Винодельня Бюрнье	Красное	Кубань	Каберне Совиньон, Каберне Фран, Мерло	not_indexed	
b-yu-rne-vinisa-zh-suhoe-rozovoe	БЮРНЬЕ.ВИНИСАЖ сухое розовое	Винодельня Бюрнье	Розовое	Кубань	Каберне Фран	not_indexed	
bakla-vines-kaberne-fran-krasnoe-suhoe-143	Каберне Фран	Bakla Vines	Красное	Крым	Каберне Фран	indexed	dataset/prod-svoe-vino-1/uploads/bakla_vines_kaberne_fran_krasnoe_suhoe_143_eb045e6d5d.webp
bakla-vines-kangun-beloe-suhoe-12	Кангун	Bakla Vines	Белое	Крым	Кангун	indexed	dataset/prod-svoe-vino-1/uploads/bakla_vines_kangun_beloe_suhoe_12_6f20bb8dda.webp
bakla-vines-kangun-oranzh-beloe-suhoe-119	Кангун Оранж	Bakla Vines	Белое	Крым	Кангун	indexed	dataset/prod-svoe-vino-1/uploads/bakla_vines_kangun_oranzh_beloe_suhoe_119_f52f04331a.webp
bakla-vines-kangun-ps-beloe-suhoe-128	Кангун P.S.	Bakla Vines	Белое	Крым	Кангун	indexed	dataset/prod-svoe-vino-1/uploads/bakla_vines_kangun_ps_beloe_suhoe_128_213dcbb9eb.webp
bakla-vines-pino-nuar-krasnoe-suhoe-125	Пино Нуар	Bakla Vines	Красное	Крым	Пино Нуар	indexed	dataset/prod-svoe-vino-1/uploads/bakla_vines_pino_nuar_krasnoe_suhoe_125_da1c7fdac6.webp
bakla-vines-risling-beloe-polusuhoe-125	Рислинг	Bakla Vines	Белое	Крым	Рислинг	indexed	dataset/prod-svoe-vino-1/uploads/bakla_vines_risling_beloe_polusuhoe_125_1b541a1b1c.webp
bakla-vines-sira-krasnoe-suhoe-135	Сира	Bakla Vines	Красное	Крым	Сира	indexed	dataset/prod-svoe-vino-1/uploads/bakla_vines_sira_krasnoe_suhoe_135_1d09e35f1b.webp
bakla-vines-tsitron-krymskiy-tsitronnyy-magaracha-beloe-suhoe-118	Цитрон Крымский	Bakla Vines	Белое	Крым	Цитронный Магарача	indexed	dataset/prod-svoe-vino-1/uploads/bakla_vines_tsitron_krymskiy_tsitronnyy_magaracha_beloe_suhoe_118_3e272f0bb2.webp
balaklava-bryut-rezerv	Балаклава Брют Резерв	Золотая Балка	Белое	Крым	Шардоне	indexed	dataset/prod-svoe-vino-1/uploads/Balaklava_belyj_bryut_fotor_bg_remover_2026012323611_f20c51312d.webp
balaklava-muskat	Балаклава Мускат	Золотая Балка	Белое	Крым	Мускат	not_indexed	
balaklava-muskat-beloe-polusladkoe	Балаклава Мускат белое полусладкое	Золотая Балка	Белое	Крым	Мускат Белый, Мускат Оттонель, Мускат Янтарный	indexed	dataset/prod-svoe-vino-1/uploads/Balaklava_Muskat_beloe_polusladkoe_0e4a6563a4.webp
balaklava-pino-nuar	Балаклава Пино Нуар	Золотая Балка	Розовое	Крым	Пино Нуар	not_indexed	
ballet-blanc	Ballet Blanc	Галицкий и Галицкий	Белое	Кубань	Рислинг, Совиньон Блан, Шардоне	indexed	dataset/prod-svoe-vino-1/uploads/balet_blan_7c53c7fcdb.webp
barhat	Бархат	WINEMAFIA	Красное	Кубань	Каберне Совиньон	indexed	dataset/prod-svoe-vino-1/uploads/Barhat_cd989f8325.webp
belaya-lvicza	Белая Львица белое полусладкое	АРАТТИ	Белое	Кубань	Рислинг Рейнский, Совиньон Блан	indexed	dataset/prod-svoe-vino-1/uploads/Bel_Lviczv_920970caba.webp
belbek-aligote-beloe-suhoe-125	Алиготе	Бельбек	Белое	Крым	Алиготе	indexed	dataset/prod-svoe-vino-1/uploads/belbek_aligote_beloe_suhoe_125_3994f84c11.webp
belbek-belbek-fiolent-muskat-beloe-polusladkoe-125	Бельбек Фиолент Мускат	Бельбек	Белое	Крым	Мускат	indexed	dataset/prod-svoe-vino-1/uploads/belbek_belbek_fiolent_muskat_beloe_polusladkoe_125_a8f84e49d2.webp
belbek-belbek-kaberne-fran-krasnoe-suhoe-13	Бельбек Каберне Фран	Бельбек	Красное	Крым	Каберне Фран	indexed	dataset/prod-svoe-vino-1/uploads/belbek_belbek_kaberne_fran_krasnoe_suhoe_13_1dc81c94ac.webp
belbek-belbek-meritazh-kaberne-sovinon-krasnoe-suhoe-135	Бельбек Меритаж	Бельбек	Красное	Крым	Каберне Совиньон, Каберне Фран, Мерло	indexed	dataset/prod-svoe-vino-1/uploads/belbek_belbek_meritazh_kaberne_sovinon_krasnoe_suhoe_135_3ac532f36b.webp
belbek-belbek-merlo-krasnoe-suhoe-129	Бельбек Мерло	Бельбек	Красное	Крым	Мерло	indexed	dataset/prod-svoe-vino-1/uploads/belbek_belbek_merlo_krasnoe_suhoe_129_721da2ee04.webp
belbek-belbek-muskat-beloe-suhoe-128	Бельбек Мускат	Бельбек	Белое	Крым	Мускат	indexed	dataset/prod-svoe-vino-1/uploads/belbek_belbek_muskat_beloe_suhoe_128_630defdbb3.webp
belbek-belbek-pino-nuar-krasnoe-suhoe-13	Бельбек Пино Нуар	Бельбек	Красное	Крым	Пино Нуар	indexed	dataset/prod-svoe-vino-1/uploads/belbek_belbek_pino_nuar_krasnoe_suhoe_13_f1519564c9.webp
belbek-belbek-pti-verdo-krasnoe-suhoe-121	Бельбек Пти Вердо	Бельбек	Красное	Крым	Пти Вердо	indexed	dataset/prod-svoe-vino-1/uploads/belbek_belbek_pti_verdo_krasnoe_suhoe_121_40c032fb64.webp
belbek-belbek-risling-beloe-suhoe-128	Бельбек Рислинг	Бельбек	Белое	Крым	Рислинг	indexed	dataset/prod-svoe-vino-1/uploads/belbek_belbek_risling_beloe_suhoe_128_cb6f66781a.webp
belbek-belbek-risling-rezerv-beloe-suhoe-13	Бельбек Рислинг Резерв	Бельбек	Белое	Крым	Рислинг	indexed	dataset/prod-svoe-vino-1/uploads/belbek_belbek_risling_rezerv_beloe_suhoe_13_618fbe6775.webp
belbek-belbek-rkatsiteli-barrik-beloe-suhoe-13	Бельбек Ркацители Баррик	Бельбек	Белое	Крым	Ркацители	indexed	dataset/prod-svoe-vino-1/uploads/belbek_belbek_rkatsiteli_barrik_beloe_suhoe_13_44d3a11b2f.webp
belbek-belbek-roze-pino-nuar-rozovoe-suhoe-129	Бельбек Розе	Бельбек	Розовое	Крым	Каберне Совиньон, Пино Нуар	indexed	dataset/prod-svoe-vino-1/uploads/belbek_belbek_roze_pino_nuar_rozovoe_suhoe_129_051d90b1ff.webp
belbek-belbek-sandzhoveze-krasnoe-suhoe-138	Бельбек Санджовезе	Бельбек	Красное	Крым	Санджовезе	indexed	dataset/prod-svoe-vino-1/uploads/belbek_belbek_sandzhoveze_krasnoe_suhoe_138_9bf09c1a82.webp
belbek-belbek-saperavi-rezerv-krasnoe-suhoe-14	Бельбек Саперави Резерв	Бельбек	Красное	Крым	Саперави	indexed	dataset/prod-svoe-vino-1/uploads/belbek_belbek_saperavi_rezerv_krasnoe_suhoe_14_d920558ff2.webp
belbek-belbek-sira-krasnoe-suhoe-132	Бельбек Сира	Бельбек	Красное	Крым	Сира	indexed	dataset/prod-svoe-vino-1/uploads/belbek_belbek_sira_krasnoe_suhoe_132_e2a205e856.webp
belbek-beloe-suhoe-kaberne-sovinon-krasnoe-14	Белое сухое	Бельбек	Красное	Крым	Каберне Совиньон	indexed	dataset/prod-svoe-vino-1/uploads/belbek_beloe_suhoe_kaberne_sovinon_krasnoe_suhoe_14_82f8b0eda2.webp
belbek-kaberne-fran-krasnoe-suhoe-134	Каберне Фран	Бельбек	Красное	Крым	Каберне Фран	indexed	dataset/prod-svoe-vino-1/uploads/belbek_kaberne_fran_krasnoe_suhoe_134_bb8ab4763e.webp
belbek-kaberne-sovinon-krasnoe-suhoe-138	Каберне Совиньон	Бельбек	Красное	Крым	Каберне Совиньон	indexed	dataset/prod-svoe-vino-1/uploads/belbek_kaberne_sovinon_krasnoe_suhoe_138_96f7db37a0.webp
belbek-kokur-kokur-belyy-beloe-suhoe-13	Кокур	Бельбек	Белое	Крым	Кокур Белый	indexed	dataset/prod-svoe-vino-1/uploads/belbek_kokur_kokur_belyy_beloe_suhoe_13_ac497b5531.webp
belbek-meritazh-kaberne-sovinon-krasnoe-suhoe-136	Меритаж	Бельбек	Красное	Крым	Каберне Совиньон	indexed	dataset/prod-svoe-vino-1/uploads/belbek_meritazh_kaberne_sovinon_krasnoe_suhoe_136_b0152ba5c6.webp
belbek-merlo-krasnoe-suhoe-13	Мерло	Бельбек	Красное	Крым	Мерло	indexed	dataset/prod-svoe-vino-1/uploads/belbek_merlo_krasnoe_suhoe_13_62ef7bfee8.webp
belbek-muskat-muskat-belyy-beloe-suhoe-127	Мускат	Бельбек	Белое	Крым	Мускат Белый	indexed	dataset/prod-svoe-vino-1/uploads/belbek_muskat_muskat_belyy_beloe_suhoe_127_d8229478b6.webp
belbek-muskat-oranzh-muskat-belyy-oranzhevoe-suhoe-125	Мускат Оранж	Бельбек	Оранжевое	Крым	Мускат Белый	indexed	dataset/prod-svoe-vino-1/uploads/belbek_muskat_oranzh_muskat_belyy_oranzhevoe_suhoe_125_15ac5f6bc6.webp
belbek-pino-mene-krasnoe-suhoe-128	Пино Менье	Бельбек	Красное	Крым	Пино Менье	indexed	dataset/prod-svoe-vino-1/uploads/belbek_pino_mene_krasnoe_suhoe_128_e2f0538eec.webp
belbek-pino-nuar-krasnoe-suhoe-133	Пино Нуар	Бельбек	Красное	Крым	Пино Нуар	indexed	dataset/prod-svoe-vino-1/uploads/belbek_pino_nuar_krasnoe_suhoe_133_a2cb505435.webp
belbek-pino-nuar-rezerv-krasnoe-suhoe-135	Пино Нуар Резерв	Бельбек	Красное	Крым	Пино Нуар	indexed	dataset/prod-svoe-vino-1/uploads/belbek_pino_nuar_rezerv_krasnoe_suhoe_135_7e9ad8a8e2.webp
belbek-pino-nuar-roze-rozovoe-suhoe-115	Пино Нуар розе	Бельбек	Розовое	Крым	Пино Нуар	indexed	dataset/prod-svoe-vino-1/uploads/belbek_pino_nuar_roze_rozovoe_suhoe_115_19d98fb390.webp
belbek-risling-pozdniy-sbor-risling-reynskiy-beloe-sladkoe-117	Рислинг. Поздний Сбор	Бельбек	Белое	Крым	Рислинг Рейнский	indexed	dataset/prod-svoe-vino-1/uploads/belbek_risling_pozdniy_sbor_risling_reynskiy_beloe_sladkoe_117_02352777b6.webp
belbek-risling-risling-reynskiy-beloe-suhoe-12	Рислинг	Бельбек	Белое	Крым	Рислинг Рейнский	indexed	dataset/prod-svoe-vino-1/uploads/belbek_risling_risling_reynskiy_beloe_suhoe_12_8eaeddd994.webp
belbek-rkatsiteli-barrik-beloe-suhoe-13	Ркацители Баррик	Бельбек	Белое	Крым	Ркацители	indexed	dataset/prod-svoe-vino-1/uploads/belbek_rkatsiteli_barrik_beloe_suhoe_13_42076e5365.webp
belbek-rkatsiteli-beloe-suhoe-13	Ркацители	Бельбек	Белое	Крым	Ркацители	indexed	dataset/prod-svoe-vino-1/uploads/belbek_rkatsiteli_beloe_suhoe_13_72dc1f9029.webp
belbek-roze-sira-rozovoe-suhoe-125	Розе Сира	Бельбек	Розовое	Крым	Сира	indexed	dataset/prod-svoe-vino-1/uploads/belbek_roze_sira_rozovoe_suhoe_125_2131a8be30.webp
belbek-sandzhoveze-krasnoe-suhoe-14	Санджовезе	Бельбек	Красное	Крым	Санджовезе	indexed	dataset/prod-svoe-vino-1/uploads/belbek_sandzhoveze_krasnoe_suhoe_14_a0ba68a6c3.webp
belbek-saperavi-krasnoe-suhoe-137	Саперави	Бельбек	Красное	Крым	Саперави	indexed	dataset/prod-svoe-vino-1/uploads/belbek_saperavi_krasnoe_suhoe_137_469b436cb9.webp
belbek-saperavi-rezerv-krasnoe-suhoe-14	Саперави Резерв	Бельбек	Красное	Крым	Саперави	indexed	dataset/prod-svoe-vino-1/uploads/belbek_saperavi_rezerv_krasnoe_suhoe_14_c9a3cc2e46.webp
belbek-semilon-rezerv-beloe-suhoe-127	Семильон Резерв	Бельбек	Белое	Крым	Семильон	indexed	dataset/prod-svoe-vino-1/uploads/belbek_semilon_rezerv_beloe_suhoe_127_64909a173d.webp
belbek-sira-rezerv-krasnoe-suhoe-132	Сира Резерв	Бельбек	Красное	Крым	Сира	indexed	dataset/prod-svoe-vino-1/uploads/belbek_sira_rezerv_krasnoe_suhoe_132_ad3192b478.webp
belbek-sovinon-blan-beloe-suhoe-12	Совиньон Блан	Бельбек	Белое	Крым	Совиньон Блан	indexed	dataset/prod-svoe-vino-1/uploads/belbek_sovinon_blan_beloe_suhoe_12_f6ebdcced9.webp
belbek-zakat-merlo-sira-krasnoe-suhoe-132	Закат. Мерло Сира	Бельбек	Красное	Крым	Мерло	indexed	dataset/prod-svoe-vino-1/uploads/belbek_zakat_merlo_sira_krasnoe_suhoe_132_1a2112ceb7.webp
belmas-winery-cabernet-franc-belmas-kaberne-fran-krasnoe-suhoe-14	Cabernet Franc Belmas	Belmas Winery	Красное	Крым	Каберне Фран	indexed	dataset/prod-svoe-vino-1/uploads/belmas_winery_cabernet_franc_belmas_kaberne_fran_krasnoe_suhoe_14_ce15b611a1.webp
belmas-winery-cabernet-sauvignon-rose-belmas-kaberne-sovinon-rozovoe-suhoe-13	Cabernet Sauvignon Rose Belmas	Belmas Winery	Розовое	Крым	Каберне Совиньон	indexed	dataset/prod-svoe-vino-1/uploads/belmas_winery_cabernet_sauvignon_rose_belmas_kaberne_sovinon_rozovoe_suhoe_13_d837f5aa21.webp
belmas-winery-cf-kaberne-fran-krasnoe-suhoe-14	Cf	Belmas Winery	Красное	Крым	Каберне Фран	indexed	dataset/prod-svoe-vino-1/uploads/belmas_winery_cf_kaberne_fran_krasnoe_suhoe_14_b3b0ea3baf.webp
belmas-winery-malbec-katya-belmas-malbek-rozovoe-suhoe-11	Malbec Katya Belmas	Belmas Winery	Розовое	Крым	Мальбек	indexed	dataset/prod-svoe-vino-1/uploads/belmas_winery_malbec_katya_belmas_malbek_rozovoe_suhoe_11_77522b0de4.webp
belmas-winery-malbec-katya-malbek-rozovoe-suhoe-129	Malbec Katya	Belmas Winery	Розовое	Крым	Вионье, Мальбек	indexed	dataset/prod-svoe-vino-1/uploads/belmas_winery_malbec_katya_malbek_rozovoe_suhoe_129_a3e291a903.webp
belmas-winery-pg-pino-gri-beloe-suhoe-125	Pg	Belmas Winery	Белое	Крым	Пино Гри	indexed	dataset/prod-svoe-vino-1/uploads/belmas_winery_pg_pino_gri_beloe_suhoe_125_8b94234880.webp
belmas-winery-pino-nuar-krasnoe-suhoe-135	Пино Нуар	Belmas Winery	Красное	Крым	Пино Нуар	indexed	dataset/prod-svoe-vino-1/uploads/belmas_winery_pino_nuar_krasnoe_suhoe_135_ea70d5c59b.webp
belmas-winery-pinot-gris-belmas-pino-gri-beloe-suhoe-122	Pinot Gris Belmas	Belmas Winery	Белое	Крым	Пино Гри	indexed	dataset/prod-svoe-vino-1/uploads/belmas_winery_pinot_gris_belmas_pino_gri_beloe_suhoe_122_1fe1641b7c.webp
belmas-winery-pn-pino-nuar-krasnoe-suhoe-135	Pn	Belmas Winery	Красное	Крым	Пино Нуар	not_indexed	
belmas-winery-riesling-belmas-risling-beloe-suhoe-135	Riesling Belmas	Belmas Winery	Белое	Крым	Рислинг	indexed	dataset/prod-svoe-vino-1/uploads/belmas_winery_riesling_belmas_risling_beloe_suhoe_135_f64f3944b9.webp
belmas-winery-riesling-katya-belmas-risling-beloe-suhoe-125	Riesling Katya Belmas	Belmas Winery	Белое	Крым	Рислинг	indexed	dataset/prod-svoe-vino-1/uploads/belmas_winery_riesling_katya_belmas_risling_beloe_suhoe_125_43237968a1.webp
belmas-winery-riesling-katya-risling-beloe-suhoe-12	Riesling Katya	Belmas Winery	Белое	Крым	Рислинг	not_indexed	
belmas-winery-risling-beloe-suhoe-135	Рислинг	Belmas Winery	Белое	Крым	Рислинг	indexed	dataset/prod-svoe-vino-1/uploads/belmas_winery_risling_beloe_suhoe_135_50cbb379a8.webp
belmas-winery-sauvignon-blanc-belmas-sovinon-blan-beloe-suhoe-13	Sauvignon Blanc Belmas	Belmas Winery	Белое	Крым	Совиньон Блан	indexed	dataset/prod-svoe-vino-1/uploads/belmas_winery_sauvignon_blanc_belmas_sovinon_blan_beloe_suhoe_13_8043c6c433.webp
belmas-winery-sauvignon-blanc-katya-belmas-sovinon-blan-beloe-suhoe-115	Sauvignon Blanc Katya Belmas	Belmas Winery	Белое	Крым	Совиньон Блан	indexed	dataset/prod-svoe-vino-1/uploads/belmas_winery_sauvignon_blanc_katya_belmas_sovinon_blan_beloe_suhoe_115_0d366fd128.webp
belmas-winery-sauvignon-blanc-katya-sovinon-blan-beloe-suhoe-115	Sauvignon Blanc Katya	Belmas Winery	Белое	Крым	Совиньон Блан	indexed	dataset/prod-svoe-vino-1/uploads/belmas_winery_sauvignon_blanc_katya_sovinon_blan_beloe_suhoe_115_f45cba05c3.webp
belmas-winery-syrah-katya-belmas-sira-krasnoe-suhoe-125	Syrah Katya Belmas	Belmas Winery	Красное	Крым	Сира	indexed	dataset/prod-svoe-vino-1/uploads/belmas_winery_syrah_katya_belmas_sira_krasnoe_suhoe_125_53ec9045d4.webp
belmas-winery-syrah-katya-sira-krasnoe-suhoe-125	Syrah Katya	Belmas Winery	Красное	Крым	Сира	not_indexed	
belmas-winery-vi-vione-beloe-suhoe-122	Vi	Belmas Winery	Белое	Крым	Вионье	not_indexed	
belmas-winery-viogner-katya-vione-beloe-suhoe-135	Viogner Katya	Belmas Winery	Белое	Крым	Вионье	indexed	dataset/prod-svoe-vino-1/uploads/belmas_winery_viogner_katya_vione_beloe_suhoe_135_400b1034b7.webp
belmas-winery-viognier-belmas-vione-beloe-suhoe-122	Viognier Belmas	Belmas Winery	Белое	Крым	Вионье	indexed	dataset/prod-svoe-vino-1/uploads/belmas_winery_viognier_belmas_vione_beloe_suhoe_122_555561eab4.webp
belmas-winery-viognier-katya-belmas-vione-beloe-suhoe-135	Viognier Katya Belmas	Belmas Winery	Белое	Крым	Вионье	indexed	dataset/prod-svoe-vino-1/uploads/belmas_winery_viognier_katya_belmas_vione_beloe_suhoe_135_9ae123fee2.webp
beloe-polusladkoe	Белое полусладкое	Массандра	Белое	Крым		not_indexed	
beloe-suhoe	Белое сухое	Солнечная долина	Белое	Крым	Ркацители	not_indexed	
blagolyubov-muskat-ottonel-beloe-suhoe-125	Мускат Оттонель	Благолюбов	Белое	Долина Дона	Мускат Оттонель	indexed	dataset/prod-svoe-vino-1/uploads/blagolyubov_muskat_ottonel_beloe_suhoe_125_32dd0cb4e6.webp
blagolyubov-sibirkovyy-beloe-suhoe-115	Сибирьковый	Благолюбов	Белое	Долина Дона	Сибирьковый	indexed	dataset/prod-svoe-vino-1/uploads/blagolyubov_sibirkovyy_beloe_suhoe_115_9194769ec7.webp
blagolyubov-sovinon-blan-beloe-suhoe-125	Совиньон Блан	Благолюбов	Белое	Долина Дона	Совиньон Блан	indexed	dataset/prod-svoe-vino-1/uploads/blagolyubov_sovinon_blan_beloe_suhoe_125_c0d0a71248.webp
blagolyubov-stanichnoe-stanichnyy-beloe-suhoe-12	Станичное	Благолюбов	Белое	Долина Дона	Станичный	indexed	dataset/prod-svoe-vino-1/uploads/blagolyubov_stanichnoe_stanichnyy_beloe_suhoe_12_eef92e6059.webp
blan-de-blan	Блан де Блан	Скалистый берег	Белое	Кубань	Шардоне	not_indexed	
blanc-de-blancs-idolo	Blanc de Blancs Idolo	Olymp Winery	Белое	Крым	Августин	indexed	dataset/prod-svoe-vino-1/uploads/114294_1_Photoroom_da9352acff.webp
blush-mirage-risling	BLUSH MIRAGE Рислинг	AGORA WINERY	Белое	Крым	Рислинг Рейнский	not_indexed	
blush-mirage-rkacziteli-shiraz	BLUSH MIRAGE Ркацители, Шираз	AGORA WINERY	Розовое	Крым	Ркацители, Шираз	indexed	dataset/prod-svoe-vino-1/uploads/d4r5_D_Od_P_Tc8okf5_1775202663_1519904964.webp
blush-mirage-sovinon-zelyonyj	BLUSH MIRAGE Совиньон Зелёный	AGORA WINERY	Белое	Крым	Совиньон Зеленый	indexed	dataset/prod-svoe-vino-2/uploads/gx4_Wjjjicwz_UUN_2_1775202973_5df7adf9ac.webp
bogovich-wine-vineyard-faina-sovinon-zelenyy-beloe-suhoe-113	Фаина	Bogovich Wine & Vineyard	Белое	Крым	Совиньон Зеленый	indexed	dataset/prod-svoe-vino-1/uploads/bogovich_wine_vineyard_faina_sovinon_zelenyy_beloe_suhoe_113_8384005071.webp
bogovich-wine-vineyard-kaberne-fran-krasnoe-suhoe-135	Каберне Фран	Bogovich Wine & Vineyard	Красное	Крым	Каберне Фран	indexed	dataset/prod-svoe-vino-1/uploads/bogovich_wine_vineyard_kaberne_fran_krasnoe_suhoe_135_5882f6ad55.webp
bogovich-wine-vineyard-kaberne-sovinon-krasnoe-suhoe-125	Каберне Совиньон	Bogovich Wine & Vineyard	Красное	Крым	Каберне Совиньон	indexed	dataset/prod-svoe-vino-1/uploads/bogovich_wine_vineyard_kaberne_sovinon_krasnoe_suhoe_125_9316654ea1.webp
bogovich-wine-vineyard-klaret-pino-nuar-krasnoe-suhoe-119	Кларет	Bogovich Wine & Vineyard	Красное	Крым	Пино Нуар	indexed	dataset/prod-svoe-vino-1/uploads/bogovich_wine_vineyard_klaret_pino_nuar_krasnoe_suhoe_119_77d8d4b842.webp
bogovich-wine-vineyard-klassika-pino-nuar-krasnoe-suhoe-125	Классика. Пино Нуар	Bogovich Wine & Vineyard	Красное	Крым	Пино Нуар	indexed	dataset/prod-svoe-vino-1/uploads/bogovich_wine_vineyard_klassika_pino_nuar_krasnoe_suhoe_125_5e73a1cf19.webp
bogovich-wine-vineyard-merlo-krasnoe-suhoe-14	Мерло	Bogovich Wine & Vineyard	Красное	Крым	Мерло	indexed	dataset/prod-svoe-vino-1/uploads/bogovich_wine_vineyard_merlo_krasnoe_suhoe_14_6e030dc0f1.webp
bogovich-wine-vineyard-muskat-oranzh-muskat-belyy-beloe-suhoe-125	Мускат Оранж	Bogovich Wine & Vineyard	Белое	Крым	Мускат Белый	indexed	dataset/prod-svoe-vino-1/uploads/bogovich_wine_vineyard_muskat_oranzh_muskat_belyy_beloe_suhoe_125_959036a2e8.webp
bogovich-wine-vineyard-pino-nuar-2-krasnoe-suhoe-12	Пино Нуар 2	Bogovich Wine & Vineyard	Красное	Крым	Пино Нуар	indexed	dataset/prod-svoe-vino-1/uploads/bogovich_wine_vineyard_pino_nuar_2_krasnoe_suhoe_12_ddfd0f7952.webp
bogovich-wine-vineyard-pino-nuar-krasnoe-suhoe-125	Пино Нуар	Bogovich Wine & Vineyard	Красное	Крым	Пино Нуар	indexed	dataset/prod-svoe-vino-1/uploads/bogovich_wine_vineyard_pino_nuar_krasnoe_suhoe_125_1146574e01.webp
bogovich-wine-vineyard-rkatsiteli-oranzh-beloe-suhoe-125	Ркацители Оранж	Bogovich Wine & Vineyard	Белое	Крым	Ркацители Оранж	indexed	dataset/prod-svoe-vino-1/uploads/bogovich_wine_vineyard_rkatsiteli_oranzh_beloe_suhoe_125_451f042270.webp
bryut-beloe-zolotaya-balka	Брют Белое Золотая Балка	Золотая Балка	Белое	Крым	Алиготе	indexed	dataset/prod-svoe-vino-1/uploads/Bryut_beloe_fotor_bg_remover_20260123231541_242c08153f.webp
bryut-rozovoe-zolotaya-balka	Брют Розовое Золотая Балка	Золотая Балка	Розовое	Крым	Алиготе	not_indexed	
bukovinka	Буковинка	Табия	Белое	Кубань	Буковинка	not_indexed	
cabernet-franc-2024-one-barrel-by-dmitry-maslov-kaberne-fran-2024-uan-barrel-dmitrij-maslov	Cabernet Franc 2024 One Barrel by Dmitry Maslov (Каберне фран 2024 Уан Баррел Дмитрий Маслов)	One Barrel (Уан Баррел)	Красное	Крым	Каберне Фран	not_indexed	
cabernet-franc-pinot-noir-2021	Cabernet Franc-Pinot Noir 2021	Vibes	Красное	Крым	Каберне Фран	not_indexed	
cabernet-franc-pinot-noir-2022	Cabernet Franc-Pinot Noir 2022	Vibes	Красное	Дальневосточная зона	Каберне Фран	not_indexed	
cantiani-aligote-riesling	Cantiani Aligote Riesling	Шато АЛВИСА	Белое	Дагестан	Алиготе, Рислинг Рейнский	indexed	dataset/prod-svoe-vino-1/uploads/Cantiani_Alig_Riesl_New_vid_042025_kopiya_fotor_bg_remover_20260821205234_286ee15115.webp
cantiani-brut	Cantiani Brut	Шато АЛВИСА	Белое	Дагестан	Алиготе, Ркацители	indexed	dataset/prod-svoe-vino-1/uploads/CANTIANI_Igrist_Brut_vid5_042026_kopiya_1b13527c60.webp
cantiani-cabernet-sauvignon	Cantiani Cabernet Sauvignon	Шато АЛВИСА	Красное	Дагестан	Каберне Совиньон	indexed	dataset/prod-svoe-vino-1/uploads/Cantiani_Caber_Sauv_vid_042024_Photoroom_834a144a19.webp
cantiani-cabernet-sauvignon-merlot	Cantiani Cabernet Sauvignon Merlot	Шато АЛВИСА	Красное	Дагестан	Каберне Совиньон, Мерло	not_indexed	
cantiani-cabernet-sauvignon-reserve-2024	Cantiani Cabernet Sauvignon Reserve, 2024	Шато АЛВИСА	Красное	Дагестан	Каберне Совиньон	indexed	dataset/prod-svoe-vino-1/uploads/Cantiani_Reserve_1_e1bd881754.webp
cantiani-chardonnay	Cantiani Chardonnay	Шато АЛВИСА	Белое	Дагестан	Шардоне	indexed	dataset/prod-svoe-vino-1/uploads/CANTIANI_Igristoe_Chardon_444h1200px_fa4fe5363b.webp
cantiani-merlot	Cantiani Merlot	Шато АЛВИСА	Красное	Дагестан	Мерло	indexed	dataset/prod-svoe-vino-1/uploads/Cantiani_Merlot_vid_042024_189cdd1f9c.webp
cantiani-riesling	Cantiani Riesling	Шато АЛВИСА	Белое	Дагестан	Рислинг Рейнский	not_indexed	
cantiani-riesling-1	Cantiani Riesling	Шато АЛВИСА	Белое	Дагестан	Рислинг Рейнский	not_indexed	
cantiani-riesling-rkatsiteli	Cantiani Riesling Rkatsiteli	Шато АЛВИСА	Белое	Дагестан	Рислинг Рейнский, Ркацители	indexed	dataset/prod-svoe-vino-1/uploads/Cantiani_Riesl_Rkats_New_vid_042025_kopiya_9745bc157c.webp
cantiani-rkatsiteli	Cantiani Rkatsiteli	Шато АЛВИСА	Белое	Дагестан	Ркацители	not_indexed	
cantiani-rkatsiteli-1	Cantiani Rkatsiteli	Шато АЛВИСА	Белое	Дагестан	Ркацители	not_indexed	
cantiani-saperavi-merlot	Cantiani Saperavi Merlot	Шато АЛВИСА	Красное	Дагестан	Мерло, Саперави	indexed	dataset/prod-svoe-vino-2/uploads/Image_ad611828e7.webp
cantiani-semisweet	Cantiani Semisweet	Шато АЛВИСА	Белое	Дагестан	Ркацители	indexed	dataset/prod-svoe-vino-1/uploads/CANTIANI_Igristoe_white_semi_444h1200px_2d2892b235.webp
caperavi-avtorskoe-vino	Cаперави. Авторское вино	Массандра	Красное	Крым	Саперави	indexed	dataset/prod-svoe-vino-1/uploads/2917_Is_MEB_Ew_05f10fa301.webp
cary-pandas-avtorskoe-vino	Cары Пандас. Авторское вино	Массандра	Белое	Крым	Сары Пандас	indexed	dataset/prod-svoe-vino-1/uploads/2920_t_IFZ_Zgl_88808d05fa.webp
caucasian-dzharag	Caucasian Джарагъ	Дербент Вино	Белое	Дагестан	Ркацители	indexed	dataset/prod-svoe-vino-1/uploads/Caucasian_Dzharag_300681b16f.webp
cellar-master-malvaziya-beloe-suhoe-13	Мальвазия	Cellar Master	Белое	Крым	Мальвазия	indexed	dataset/prod-svoe-vino-1/uploads/cellar_master_malvaziya_beloe_suhoe_13_3214f361ad.webp
cellar-master-sandzhoveze-krasnoe-suhoe-125	Санджовезе	Cellar Master	Красное	Крым	Санджовезе	indexed	dataset/prod-svoe-vino-1/uploads/cellar_master_sandzhoveze_krasnoe_suhoe_125_3851d0eaae.webp
chateau-andre-aligote-beloe-suhoe-13	Алиготе	Chateau Andre	Белое	Кубань	Алиготе	indexed	dataset/prod-svoe-vino-1/uploads/chateau_andre_aligote_beloe_suhoe_13_c3d34b9641.webp
chateau-andre-gryuner-beloe-suhoe-13	Грюнер	Chateau Andre	Белое	Кубань	Грюнер	indexed	dataset/prod-svoe-vino-1/uploads/chateau_andre_gryuner_beloe_suhoe_13_c15d8162b2.webp
chateau-andre-kaberne-fran-krasnoe-suhoe-14	Каберне Фран	Chateau Andre	Красное	Кубань	Каберне Фран	indexed	dataset/prod-svoe-vino-1/uploads/chateau_andre_kaberne_fran_krasnoe_suhoe_14_e070a8fb44.webp
chateau-andre-kaberne-sovinon-krasnoe-suhoe-13	Каберне Совиньон	Chateau Andre	Красное	Кубань	Каберне Совиньон	indexed	dataset/prod-svoe-vino-1/uploads/chateau_andre_kaberne_sovinon_krasnoe_suhoe_13_38b93a343b.webp
chateau-andre-mado-pino-nuar-rozovoe-suhoe-13	Мадо	Chateau Andre	Розовое	Кубань	Пино Нуар	indexed	dataset/prod-svoe-vino-1/uploads/chateau_andre_mado_pino_nuar_rozovoe_suhoe_13_6412ac00e9.webp
chateau-andre-merlo-krasnoe-suhoe-14	Мерло	Chateau Andre	Красное	Кубань	Мерло	indexed	dataset/prod-svoe-vino-1/uploads/chateau_andre_merlo_krasnoe_suhoe_14_ac531c264e.webp
chateau-andre-pino-gri-beloe-suhoe-14	Пино Гри	Chateau Andre	Белое	Кубань	Пино Гри	indexed	dataset/prod-svoe-vino-1/uploads/chateau_andre_pino_gri_beloe_suhoe_14_6dc42ba55b.webp
chateau-andre-pino-nuar-krasnoe-suhoe-14	Пино Нуар	Chateau Andre	Красное	Кубань	Пино Нуар	indexed	dataset/prod-svoe-vino-1/uploads/chateau_andre_pino_nuar_krasnoe_suhoe_14_2f54e79838.webp
chateau-andre-pino-nuar-roze-rozovoe-suhoe-13	Пино Нуар розе	Chateau Andre	Розовое	Кубань	Пино Нуар	indexed	dataset/prod-svoe-vino-1/uploads/chateau_andre_pino_nuar_roze_rozovoe_suhoe_13_d662df99bd.webp
chateau-andre-risling-beloe-suhoe-13	Рислинг	Chateau Andre	Белое	Кубань	Рислинг	indexed	dataset/prod-svoe-vino-1/uploads/chateau_andre_risling_beloe_suhoe_13_cacac269cf.webp
chateau-andre-shardone-beloe-suhoe-13	Шардоне	Chateau Andre	Белое	Кубань	Шардоне	indexed	dataset/prod-svoe-vino-1/uploads/chateau_andre_shardone_beloe_suhoe_13_daddc9dfbf.webp
chateau-andre-sovinon-blan-beloe-suhoe-13	Совиньон Блан	Chateau Andre	Белое	Кубань	Совиньон Блан	indexed	dataset/prod-svoe-vino-1/uploads/chateau_andre_sovinon_blan_beloe_suhoe_13_fb031c925c.webp
chateau-andre-traminer-beloe-suhoe-135	Траминер	Chateau Andre	Белое	Кубань	Траминер	indexed	dataset/prod-svoe-vino-1/uploads/chateau_andre_traminer_beloe_suhoe_135_56ed4fb5e5.webp
chateau-andre-tsvaygelt-roze-rozovoe-suhoe-13	Цвайгельт розе	Chateau Andre	Розовое	Кубань	Цвайгельт	indexed	dataset/prod-svoe-vino-1/uploads/chateau_andre_tsvaygelt_roze_rozovoe_suhoe_13_f31bcaba87.webp
chateau-andre-tsvaygelt-tsvaygelt-tamanskiy-rozovoe-suhoe-13	Цвайгельт	Chateau Andre	Розовое	Кубань	Цвайгельт Таманский	indexed	dataset/prod-svoe-vino-1/uploads/chateau_andre_tsvaygelt_tsvaygelt_tamanskiy_rozovoe_suhoe_13_43d1400cf7.webp
chateau-cachalot-muskat-blan-muskat-belyy-beloe-suhoe-117	Мускат Блан	Chateau Cachalot	Белое	Крым	Мускат Белый	indexed	dataset/prod-svoe-vino-1/uploads/chateau_cachalot_muskat_blan_muskat_belyy_beloe_suhoe_117_d2969be524.webp
chateau-cachalot-pino-nuar-krasnoe-suhoe-12	Пино Нуар	Chateau Cachalot	Красное	Крым	Пино Нуар	indexed	dataset/prod-svoe-vino-1/uploads/chateau_cachalot_pino_nuar_krasnoe_suhoe_12_baf40bf4e8.webp
chateau-cachalot-risling-beloe-suhoe-115	Рислинг	Chateau Cachalot	Белое	Крым	Рислинг	indexed	dataset/prod-svoe-vino-1/uploads/chateau_cachalot_risling_beloe_suhoe_115_f258cd3856.webp
chateau-cachalot-shenen-blan-beloe-suhoe-113	Шенен Блан	Chateau Cachalot	Белое	Крым	Шенен Блан	indexed	dataset/prod-svoe-vino-1/uploads/chateau_cachalot_shenen_blan_beloe_suhoe_113_f51452cd7b.webp
chateau-cachalot-sira-krasnoe-suhoe-12	Сира	Chateau Cachalot	Красное	Крым	Сира	indexed	dataset/prod-svoe-vino-1/uploads/chateau_cachalot_sira_krasnoe_suhoe_12_dce15be016.webp
chateau-cachalot-vione-beloe-suhoe-112	Вионье	Chateau Cachalot	Белое	Крым	Вионье	indexed	dataset/prod-svoe-vino-1/uploads/chateau_cachalot_vione_beloe_suhoe_112_fe94c08087.webp
chateau-de-talu-blan-semilon-beloe-suhoe-127	Блан	Chateau de Talu	Белое	Кубань	Семильон	indexed	dataset/prod-svoe-vino-1/uploads/chateau_de_talu_blan_semilon_beloe_suhoe_127_93430db9c7.webp
chateau-de-talu-enolog-kaberne-sovinon-krasnoe-suhoe-15	Энолог	Chateau de Talu	Красное	Кубань	Каберне Совиньон	indexed	dataset/prod-svoe-vino-1/uploads/chateau_de_talu_enolog_kaberne_sovinon_krasnoe_suhoe_15_a5c6b551a6.webp
chateau-de-talu-kaberne-fran-rezerv-krasnoe-suhoe-13	Каберне Фран Резерв	Chateau de Talu	Красное	Кубань	Каберне Фран	indexed	dataset/prod-svoe-vino-1/uploads/chateau_de_talu_kaberne_fran_rezerv_krasnoe_suhoe_13_6dc8dcf2ec.webp
chateau-de-talu-kaberne-sovinon-rezerv-krasnoe-suhoe-14	Каберне Совиньон Резерв	Chateau de Talu	Красное	Кубань	Каберне Совиньон	indexed	dataset/prod-svoe-vino-1/uploads/chateau_de_talu_kaberne_sovinon_rezerv_krasnoe_suhoe_14_6106a6f6b0.webp
chateau-de-talu-klere-sira-rozovoe-suhoe-136	Клере	Chateau de Talu	Розовое	Кубань	Сира	indexed	dataset/prod-svoe-vino-1/uploads/chateau_de_talu_klere_sira_rozovoe_suhoe_136_2bf038e641.webp
chateau-de-talu-krasnostop-rezerv-krasnostop-anapskiy-krasnoe-suhoe-137	Красностоп Резерв	Chateau de Talu	Красное	Кубань	Красностоп Анапский	indexed	dataset/prod-svoe-vino-1/uploads/chateau_de_talu_krasnostop_rezerv_krasnostop_anapskiy_krasnoe_suhoe_137_bcb15093c2.webp
chateau-de-talu-kupazh-132-kaberne-sovinon-krasnoe-suhoe-146	Купаж 132	Chateau de Talu	Красное	Кубань	Каберне Совиньон	indexed	dataset/prod-svoe-vino-1/uploads/chateau_de_talu_kupazh_132_kaberne_sovinon_krasnoe_suhoe_146_d0f33c3c98.webp
chateau-de-talu-merlo-rezerv-krasnoe-suhoe-14	Мерло Резерв	Chateau de Talu	Красное	Кубань	Мерло	indexed	dataset/prod-svoe-vino-1/uploads/chateau_de_talu_merlo_rezerv_krasnoe_suhoe_14_d84b50e282.webp
chateau-de-talu-merlot	Chateau de Talu Merlot	Chateau de Talu	Красное	Кубань	Мерло	not_indexed	
chateau-de-talu-muskat-beloe-suhoe-13	Мускат	Chateau de Talu	Белое	Кубань	Мускат	indexed	dataset/prod-svoe-vino-1/uploads/chateau_de_talu_muskat_beloe_suhoe_13_c31a9ba7de.webp
chateau-de-talu-roze-kaberne-sovinon-rozovoe-suhoe-14	Розе	Chateau de Talu	Розовое	Кубань	Каберне Совиньон	indexed	dataset/prod-svoe-vino-1/uploads/chateau_de_talu_roze_kaberne_sovinon_rozovoe_suhoe_14_034e61a253.webp
chateau-de-talu-ruzh-kaberne-sovinon-krasnoe-suhoe-14	Руж	Chateau de Talu	Красное	Кубань	Каберне Совиньон	indexed	dataset/prod-svoe-vino-1/uploads/chateau_de_talu_ruzh_kaberne_sovinon_krasnoe_suhoe_14_4bdd4b0a4f.webp
chateau-de-talu-shardone-rezerv-beloe-suhoe-13	Шардоне Резерв	Chateau de Talu	Белое	Кубань	Шардоне	indexed	dataset/prod-svoe-vino-1/uploads/chateau_de_talu_shardone_rezerv_beloe_suhoe_13_d15ce11b77.webp
chateau-de-talu-shiraz-rezerv-sira-krasnoe-suhoe-14	Шираз Резерв	Chateau de Talu	Красное	Кубань	Сира	indexed	dataset/prod-svoe-vino-1/uploads/chateau_de_talu_shiraz_rezerv_sira_krasnoe_suhoe_14_86dc2c7da7.webp
chateau-de-talu-uroki-frantsuzskogo-kaberne-fran-krasnoe-suhoe-14	Уроки французского. Каберне Фран	Chateau de Talu	Красное	Кубань	Каберне Фран	indexed	dataset/prod-svoe-vino-1/uploads/chateau_de_talu_uroki_frantsuzskogo_kaberne_fran_krasnoe_suhoe_14_742f3fe735.webp
chateau-de-talu-uroki-frantsuzskogo-kaberne-sovinon-krasnoe-suhoe-14	Уроки французского. Каберне Совиньон	Chateau de Talu	Красное	Кубань	Каберне Совиньон	indexed	dataset/prod-svoe-vino-1/uploads/chateau_de_talu_uroki_frantsuzskogo_kaberne_sovinon_krasnoe_suhoe_14_026f1c021d.webp
chateau-de-talu-uroki-frantsuzskogo-krasnostop-krasnostop-anapskiy-krasnoe-suhoe-145	Уроки французского. Красностоп	Chateau de Talu	Красное	Кубань	Красностоп Анапский	indexed	dataset/prod-svoe-vino-1/uploads/chateau_de_talu_uroki_frantsuzskogo_krasnostop_krasnostop_anapskiy_krasnoe_suhoe_145_a9d5ec3ff6.webp
chateau-de-talu-uroki-frantsuzskogo-merlo-krasnoe-suhoe-147	Уроки французского. Мерло	Chateau de Talu	Красное	Кубань	Мерло	indexed	dataset/prod-svoe-vino-1/uploads/chateau_de_talu_uroki_frantsuzskogo_merlo_krasnoe_suhoe_147_2d728f9e11.webp
chateau-de-talu-uroki-frantsuzskogo-shardone-beloe-suhoe-124	Уроки французского Шардоне	Chateau de Talu	Белое	Кубань	Шардоне	indexed	dataset/prod-svoe-vino-1/uploads/chateau_de_talu_uroki_frantsuzskogo_shardone_beloe_suhoe_124_70debdc553.webp
chateau-de-talu-uroki-frantsuzskogo-sira-krasnoe-suhoe-13	Уроки французского. Сира	Chateau de Talu	Красное	Кубань	Сира	indexed	dataset/prod-svoe-vino-1/uploads/chateau_de_talu_uroki_frantsuzskogo_sira_krasnoe_suhoe_13_333740f907.webp
chateau-de-talu-uroki-frantsuzskogo-sovinon-blan-beloe-suhoe-115	Уроки Французского. Совиньон Блан	Chateau de Talu	Белое	Кубань	Совиньон Блан	indexed	dataset/prod-svoe-vino-1/uploads/chateau_de_talu_uroki_frantsuzskogo_sovinon_blan_beloe_suhoe_115_19393490fe.webp
chateau-de-talu-yuzhnaya-vertikal-kaberne-fran-krasnoe-suhoe-142	Южная Вертикаль Каберне Фран	Chateau de Talu	Красное	Кубань	Каберне Фран	indexed	dataset/prod-svoe-vino-1/uploads/chateau_de_talu_yuzhnaya_vertikal_kaberne_fran_krasnoe_suhoe_142_eb282f09b8.webp
chateau-de-talu-yuzhnaya-vertikal-kaberne-fran-premium-krasnoe-suhoe-143	Южная Вертикаль Каберне Фран премиум	Chateau de Talu	Красное	Кубань	Каберне Фран	indexed	dataset/prod-svoe-vino-1/uploads/chateau_de_talu_yuzhnaya_vertikal_kaberne_fran_premium_krasnoe_suhoe_143_fe11f85d85.webp
chateau-de-talu-yuzhnaya-vertikal-kaberne-fran-rezerv-krasnoe-suhoe-146	Южная Вертикаль. Каберне Фран Резерв	Chateau de Talu	Красное	Кубань	Каберне Фран	indexed	dataset/prod-svoe-vino-1/uploads/chateau_de_talu_yuzhnaya_vertikal_kaberne_fran_rezerv_krasnoe_suhoe_146_9ed8edf81c.webp
chateau-le-grand-vostock-krasnostop-rezerv-krasnoe-suhoe-145	Красностоп Резерв	Château Le Grand Vostock	Красное	Кубань	Красностоп	indexed	dataset/prod-svoe-vino-1/uploads/chateau_le_grand_vostock_krasnostop_rezerv_krasnoe_suhoe_vyderzhannoe_145_a04e866765.webp
chateau-le-grand-vostock-kyuve-karsov-rezerv-shardone-beloe-suhoe-14	Кюве Карсов Резерв	Château Le Grand Vostock	Белое	Кубань	Шардоне	indexed	dataset/prod-svoe-vino-1/uploads/chateau_le_grand_vostock_kyuve_karsov_rezerv_shardone_beloe_suhoe_14_ff996271bf.webp
chateau-le-grand-vostock-pino-nuar-rezerv-krasnoe-suhoe-14	Пино Нуар Резерв	Château Le Grand Vostock	Красное	Кубань	Пино Нуар	indexed	dataset/prod-svoe-vino-1/uploads/chateau_le_grand_vostock_pino_nuar_rezerv_krasnoe_suhoe_vyderzhannoe_14_16df8a8740.webp
chateau-tamagne-eno-amber	Chateau Tamagne Eno Amber	Кубань-Вино	Белое	Кубань	Ркацители	not_indexed	
chateau-tamagne-eno-traminer-i-shardone	Chateau Tamagne Eno Траминер и Шардоне	Кубань-Вино	Белое	Кубань	Гевюрцтраминер, Шардоне	not_indexed	
chateau-tamagne-grand-dessert-muscat	Chateau Tamagne Grand Dessert Muscat	Кубань-Вино	Белое	Кубань	Мускат Белый	not_indexed	
chateau-tamagne-grand-dessert-nectar	Chateau Tamagne Grand Dessert Nectar	Кубань-Вино	Красное	Кубань	Каберне Совиньон, Мерло, Саперави	not_indexed	
chateau-tamagne-nature-orange	Chateau Tamagne Nature. Orange	Кубань-Вино	Оранжевое	Кубань	Цитронный Магарача	not_indexed	
chateau-tamagne-nature-vert	Chateau Tamagne Nature. Vert	Кубань-Вино	Белое	Кубань	Цветочный	not_indexed	
chateau-tamagne-select-blanc	Chateau Tamagne Select Blanc 0,2 СВОЁ ВИНО	Кубань-Вино	Белое	Кубань	Совиньон Блан, Шардоне	not_indexed	
chateau-tamagne-select-blanc-brut	Chateau Tamagne Select Blanc Brut	Кубань-Вино	Белое	Кубань	Алиготе, Бианка, Мюллер тургау, Пино Блан, Цветочный	not_indexed	
chateau-tamagne-signature-kaberne	Chateau Tamagne Signature. Каберне	Кубань-Вино	Красное	Кубань	Каберне Совиньон	not_indexed	
chateau-tamagne-signature-saperavi	Chateau Tamagne Signature. Саперави	Кубань-Вино	Красное	Кубань	Саперави	not_indexed	
chateau-tamagne-signature-shardone	Chateau Tamagne Signature. Шардоне	Кубань-Вино	Белое	Кубань	Шардоне	not_indexed	
chenin-blanc-shenen-blan-oleg-repin	Chenin Blanc (Шенен Блан. Олег Репин)	Oleg Repin	Белое	Крым	Шенен Блан	not_indexed	
chernaya-lvicza-polusladkoe-krasnoe	Черная Львица полусладкое красное	АРАТТИ	Красное	Кубань	Каберне Совиньон	indexed	dataset/prod-svoe-vino-1/uploads/Chernaya_Lvicza_d00f4b1f84.webp
chteau-le-grand-vostock-aligote-aligote-beloe-suhoe-125	Aligote	Château Le Grand Vostock	Белое	Кубань	Алиготе	indexed	dataset/prod-svoe-vino-1/uploads/chteau_le_grand_vostock_aligote_aligote_beloe_suhoe_125_77b160f87a.webp
chteau-le-grand-vostock-aligote-reserve-aligote-beloe-suhoe-13	Aligote Reserve	Château Le Grand Vostock	Белое	Кубань	Алиготе	indexed	dataset/prod-svoe-vino-1/uploads/chteau_le_grand_vostock_aligote_reserve_aligote_beloe_suhoe_13_bd611c7154.webp
chteau-le-grand-vostock-cabernet-franc-reserve-kaberne-fran-krasnoe-suhoe-14	Cabernet Franc Reserve	Château Le Grand Vostock	Красное	Кубань	Каберне Фран	indexed	dataset/prod-svoe-vino-1/uploads/chteau_le_grand_vostock_cabernet_franc_reserve_kaberne_fran_krasnoe_suhoe_14_dc58d3d0de.webp
chteau-le-grand-vostock-cabernet-sauvignon-kaberne-sovinon-krasnoe-suhoe-14	Cabernet Sauvignon	Château Le Grand Vostock	Красное	Кубань	Каберне Совиньон	indexed	dataset/prod-svoe-vino-1/uploads/chteau_le_grand_vostock_cabernet_sauvignon_kaberne_sovinon_krasnoe_suhoe_14_1006ebb20a.webp
chteau-le-grand-vostock-cabernet-sauvignon-reserve-kaberne-sovinon-krasnoe-suhoe-14	Cabernet Sauvignon Reserve	Château Le Grand Vostock	Красное	Кубань	Каберне Совиньон	indexed	dataset/prod-svoe-vino-1/uploads/chteau_le_grand_vostock_cabernet_sauvignon_reserve_kaberne_sovinon_krasnoe_suhoe_14_f13c051af7.webp
chteau-le-grand-vostock-cadet-karsov-shardone-beloe-suhoe-135	Cadet Karsov	Château Le Grand Vostock	Белое	Кубань	Алиготе, Совиньон Блан, Шардоне	indexed	dataset/prod-svoe-vino-1/uploads/chteau_le_grand_vostock_cadet_karsov_shardone_beloe_suhoe_135_e1a7aa1ea3.webp
chteau-le-grand-vostock-chardonnay-reserve-shardone-beloe-suhoe-14	Chardonnay Reserve	Château Le Grand Vostock	Белое	Кубань	Шардоне	indexed	dataset/prod-svoe-vino-1/uploads/chteau_le_grand_vostock_chardonnay_reserve_shardone_beloe_suhoe_14_ba03055c10.webp
chteau-le-grand-vostock-chardonnay-shardone-beloe-suhoe-14	Chardonnay	Château Le Grand Vostock	Белое	Кубань	Шардоне	indexed	dataset/prod-svoe-vino-1/uploads/chteau_le_grand_vostock_chardonnay_shardone_beloe_suhoe_14_42eb2dde28.webp
chteau-le-grand-vostock-cuvee-karsov-reserve-shardone-beloe-suhoe-14	Cuvee Karsov Reserve	Château Le Grand Vostock	Белое	Кубань	Совиньон Блан, Шардоне	indexed	dataset/prod-svoe-vino-1/uploads/chteau_le_grand_vostock_cuvee_karsov_reserve_shardone_beloe_suhoe_14_d5479420dd.webp
chteau-le-grand-vostock-fagotine-pino-gri-beloe-polusladkoe-105	Fagotine	Château Le Grand Vostock	Белое	Кубань	Мускат, Пино Гри	not_indexed	
chteau-le-grand-vostock-fagotine-pino-gri-rozovoe-polusladkoe-11	Fagotine	Château Le Grand Vostock	Розовое	Кубань	Пино Гри	not_indexed	
chteau-le-grand-vostock-grand-karsov-shardone-beloe-suhoe-14	Grand Karsov	Château Le Grand Vostock	Белое	Кубань	Шардоне	indexed	dataset/prod-svoe-vino-1/uploads/chteau_le_grand_vostock_grand_karsov_shardone_beloe_suhoe_14_89c8c2d86d.webp
chteau-le-grand-vostock-krasnostop-reserve-krasnostop-krasnoe-suhoe-14	Krasnostop Reserve	Château Le Grand Vostock	Красное	Кубань	Красностоп	indexed	dataset/prod-svoe-vino-1/uploads/chteau_le_grand_vostock_krasnostop_reserve_krasnostop_krasnoe_suhoe_14_6f2c655629.webp
chteau-le-grand-vostock-le-chene-royal-reserve-merlo-krasnoe-suhoe-145	Le Chene Royal Reserve	Château Le Grand Vostock	Красное	Кубань	Каберне Совиньон, Каберне Фран, Мерло	indexed	dataset/prod-svoe-vino-1/uploads/chteau_le_grand_vostock_le_chene_royal_reserve_merlo_krasnoe_suhoe_145_3a1ec8fdfa.webp
chteau-le-grand-vostock-merlot-merlo-krasnoe-suhoe-14	Merlot	Château Le Grand Vostock	Красное	Кубань	Мерло	indexed	dataset/prod-svoe-vino-1/uploads/chteau_le_grand_vostock_merlot_merlo_krasnoe_suhoe_14_b7ff8ad6c4.webp
chteau-le-grand-vostock-merlot-reserve-merlo-krasnoe-suhoe-145	Merlot Reserve	Château Le Grand Vostock	Красное	Кубань	Мерло	indexed	dataset/prod-svoe-vino-1/uploads/chteau_le_grand_vostock_merlot_reserve_merlo_krasnoe_suhoe_145_56be446fbd.webp
chteau-le-grand-vostock-pinot-gris-reserve-pino-gri-beloe-suhoe-135	Pinot Gris Reserve	Château Le Grand Vostock	Белое	Кубань	Пино Гри	indexed	dataset/prod-svoe-vino-1/uploads/chteau_le_grand_vostock_pinot_gris_reserve_pino_gri_beloe_suhoe_135_92e725d8d8.webp
chteau-le-grand-vostock-pinot-gris-rose-reserve-pino-gri-rozovoe-suhoe-14	Pinot Gris Rose Reserve	Château Le Grand Vostock	Розовое	Кубань	Пино Гри	indexed	dataset/prod-svoe-vino-1/uploads/chteau_le_grand_vostock_pinot_gris_rose_reserve_pino_gri_rozovoe_suhoe_14_7accd7f3e7.webp
chteau-le-grand-vostock-pinot-noir-reserve-pino-nuar-krasnoe-suhoe-135	Pinot Noir Reserve	Château Le Grand Vostock	Красное	Кубань	Пино Нуар	indexed	dataset/prod-svoe-vino-1/uploads/chteau_le_grand_vostock_pinot_noir_reserve_pino_nuar_krasnoe_suhoe_135_06d37ba366.webp
chteau-le-grand-vostock-sauvignon-blanc-reserve-sovinon-blan-beloe-suhoe-14	Sauvignon Blanc Reserve	Château Le Grand Vostock	Белое	Кубань	Совиньон Блан	indexed	dataset/prod-svoe-vino-1/uploads/chteau_le_grand_vostock_sauvignon_blanc_reserve_sovinon_blan_beloe_suhoe_14_76f3ec9fa3.webp
chteau-le-grand-vostock-sauvignon-blanc-sovinon-blan-beloe-suhoe-14	Sauvignon Blanc	Château Le Grand Vostock	Белое	Кубань	Совиньон Блан	indexed	dataset/prod-svoe-vino-1/uploads/chteau_le_grand_vostock_sauvignon_blanc_sovinon_blan_beloe_suhoe_14_1d0d531b62.webp
chteau-le-grand-vostock-vostock-blanc-sovinon-blan-beloe-suhoe-135	Vostock Blanc	Château Le Grand Vostock	Белое	Кубань	Алиготе, Рислинг, Ркацители, Совиньон Блан, Цветочный, Шардоне	indexed	dataset/prod-svoe-vino-1/uploads/chteau_le_grand_vostock_vostock_blanc_sovinon_blan_beloe_suhoe_135_5964579dc4.webp
cira-avtorskoe-vino	Cира. Авторское вино	Массандра	Красное	Крым	Сира	indexed	dataset/prod-svoe-vino-1/uploads/2919_Ktp_Yck_H_7dd7538fe4.webp
cloudy-winery-dubrovskiy-bordeaux-blend-kaberne-fran-krasnoe-suhoe-14	Дубровский. Bordeaux Blend	Cloudy Winery	Красное	Кубань	Каберне Фран, Мерло	indexed	dataset/prod-svoe-vino-1/uploads/cloudy_winery_dubrovskiy_bordeaux_blend_kaberne_fran_krasnoe_suhoe_14_f6e9762007.webp
cloudy-winery-dubrovskiy-orange-rkatsiteli-beloe-suhoe-125	Дубровский. Orange	Cloudy Winery	Белое	Кубань	Мцване, Ркацители	indexed	dataset/prod-svoe-vino-1/uploads/cloudy_winery_dubrovskiy_orange_rkatsiteli_beloe_suhoe_125_4f9572c38b.webp
cloudy-winery-krash-cabernet-sauvignon-kaberne-sovinon-krasnoe-suhoe-14	Краш. Cabernet Sauvignon	Cloudy Winery	Красное	Кубань	Каберне Совиньон	indexed	dataset/prod-svoe-vino-1/uploads/cloudy_winery_krash_cabernet_sauvignon_kaberne_sovinon_krasnoe_suhoe_14_7de40e47b0.webp
cloudy-winery-krash-super-bryut-shardone-beloe-ekstra-bryut-85	Краш. Супер Брют	Cloudy Winery	Белое	Кубань	Шардоне	indexed	dataset/prod-svoe-vino-1/uploads/cloudy_winery_krash_super_bryut_shardone_beloe_ekstra_bryut_85_82cb8d2e04.webp
cloudy-winery-plohaya-devochka-pryanyy-blend-byanka-beloe-suhoe-125	Плохая девочка. Пряный Бленд	Cloudy Winery	Белое	Кубань	Бьянка, Грюнер, Шардоне	indexed	dataset/prod-svoe-vino-1/uploads/cloudy_winery_plohaya_devochka_pryanyy_blend_byanka_beloe_suhoe_125_ee12b511d9.webp
cloudy-winery-plohaya-devochka-pryanyy-traminer-traminer-beloe-suhoe-12	Плохая девочка. Пряный Traminer	Cloudy Winery	Белое	Кубань	Траминер	indexed	dataset/prod-svoe-vino-1/uploads/cloudy_winery_plohaya_devochka_pryanyy_traminer_traminer_beloe_suhoe_12_3160b1b322.webp
cloudy-winery-plohaya-devochka-sochnyy-pino-noir-pino-nuar-krasnoe-suhoe-12	Плохая девочка. Сочный Pino Noir	Cloudy Winery	Красное	Кубань	Пино Нуар	indexed	dataset/prod-svoe-vino-1/uploads/cloudy_winery_plohaya_devochka_sochnyy_pino_noir_pino_nuar_krasnoe_suhoe_12_60e37c5c3b.webp
cock-test-belle-kyuve-1-blanc-de-blancs-shardone-beloe-ekstra-bryut-12	Кюве №1. Blanc de Blancs	Cock t'est belle	Белое	Крым	Шардоне	indexed	dataset/prod-svoe-vino-1/uploads/cock_test_belle_kyuve_1_blanc_de_blancs_shardone_igristoe_ekstra_bryut_beloe_12_ca089c6b08.webp
cock-test-belle-kyuve-2-blan-de-nuar-pino-mene-beloe-ekstra-bryut-12	Кюве №2 Блан Де Нуар	Cock t'est belle	Белое	Крым	Пино Менье	indexed	dataset/prod-svoe-vino-1/uploads/cock_test_belle_kyuve_2_blan_de_nuar_pino_mene_igristoe_ekstra_bryut_beloe_12_8d6ef280c1.webp
cock-test-belle-kyuve-5-roze-shardone-rozovoe-ekstra-bryut-12	Кюве №5. Розе	Cock t'est belle	Розовое	Крым	Шардоне	indexed	dataset/prod-svoe-vino-1/uploads/cock_test_belle_kyuve_5_roze_shardone_igristoe_ekstra_bryut_rozovoe_12_98ac397fd8.webp
cosaque-krasnaya-gorka	Cosaque	Галицкий и Галицкий	Красное	Кубань	Каберне Совиньон, Красностоп Золотовский, Мерло, Цимлянский черный	not_indexed	
cru-lermont-risling	Cru Lermont Рислинг	Фанагория	Белое	Кубань	Рислинг Рейнский	not_indexed	
cuvee-de-vitmer-brut	Cuvee de Vitmer Brut	Золотая Балка	Белое	Крым	Пино Блан, Пино Нуар, Шардоне	not_indexed	
czimlyanskoe-beloe-bryut	Цимлянское белое брют	Цимлянские вина	Белое	Долина Дона	Рислинг, Совиньон Блан, Цветочный, Шардоне	indexed	dataset/prod-svoe-vino-1/uploads/Czimlyanskoe_beloe_bryut_7d785ea2e3.webp
czimlyanskoe-beloe-polusladkoe	Цимлянское белое полусладкое	Цимлянские вина	Белое	Долина Дона	Первенец Магарача, Рислинг, Ркацители, Совиньон Блан, Цветочный, Шардоне	indexed	dataset/prod-svoe-vino-1/uploads/Czimlyanskoe_beloe_polusladkoe_5c7026a82e.webp
czimlyanskoe-bianka	Цимлянское Бианка	Цимлянские вина	Белое	Долина Дона	Бианка	indexed	dataset/prod-svoe-vino-1/uploads/Czimlyanskoe_Bianka_beloe_04a59b0f1e.webp
czimlyanskoe-risling	Цимлянское Рислинг	Цимлянские вина	Белое	Долина Дона	Рислинг	indexed	dataset/prod-svoe-vino-1/uploads/Czimlyanskoe_Risling_cea1a80937.webp
czitronnyj-magaracha	Цитрон	Табия	Белое	Кубань	Цитронный Магарача	not_indexed	
czitronnyj-magaracha-sovinon-blan	Жемчужная 9 Цитрон, Совиньон блан	АРАТТИ	Белое	Кубань	Совиньон Блан, Цитронный Магарача	indexed	dataset/prod-svoe-vino-1/uploads/Czitron_Sovinon_p_suh_f07f1d8280.webp
dacha-serdyuka-kazache-krasnostop-zolotovskiy-krasnoe-suhoe-135	Казачье	Дача Сердюка	Красное	Долина Дона	Красностоп Золотовский	indexed	dataset/prod-svoe-vino-1/uploads/dacha_serdyuka_kazache_krasnostop_zolotovskiy_krasnoe_suhoe_135_4d9bef956f.webp
dacha-serdyuka-porechnoe-kaberne-sovinon-krasnoe-suhoe-13	Поречное	Дача Сердюка	Красное	Долина Дона	Каберне Совиньон	indexed	dataset/prod-svoe-vino-1/uploads/dacha_serdyuka_porechnoe_kaberne_sovinon_krasnoe_suhoe_13_da7ab3daa7.webp
dacha-serdyuka-saperavi-saperavi-severnyy-krasnoe-suhoe-14	Саперави	Дача Сердюка	Красное	Долина Дона	Саперави Северный	indexed	dataset/prod-svoe-vino-1/uploads/dacha_serdyuka_saperavi_saperavi_severnyy_krasnoe_suhoe_14_f1b30ba078.webp
dacha-serdyuka-sibirkovyy-beloe-suhoe-135	Сибирьковый	Дача Сердюка	Белое	Долина Дона	Сибирьковый	indexed	dataset/prod-svoe-vino-1/uploads/dacha_serdyuka_sibirkovyy_beloe_suhoe_135_c7ad6452b8.webp
dacha-serdyuka-sibirkovyy-oranzh-beloe-suhoe-135	Сибирьковый Оранж	Дача Сердюка	Белое	Долина Дона	Сибирьковый	indexed	dataset/prod-svoe-vino-1/uploads/dacha_serdyuka_sibirkovyy_oranzh_beloe_suhoe_135_5f7489325e.webp
daniel-2021	Daniel, 2021	WINEMAFIA	Красное	Кубань	Красностоп Золотовский	indexed	dataset/prod-svoe-vino-1/uploads/daniel_21_5adfb4086e.webp
daniel-22	Daniel, 2022	WINEMAFIA	Красное	Кубань	Красностоп	indexed	dataset/prod-svoe-vino-1/uploads/Daniel_2022_Koffmann_5bba62cc20.webp
david	David, 2020	WINEMAFIA	Красное	Кубань	Саперави	indexed	dataset/prod-svoe-vino-1/uploads/David_2020_71f53fa374.webp
david-2021	David, 2021	WINEMAFIA	Красное	Кубань	Саперави	indexed	dataset/prod-svoe-vino-1/uploads/David_2021_65162f7033.webp
david-2022	David, 2022	WINEMAFIA	Красное	Кубань	Саперави	indexed	dataset/prod-svoe-vino-1/uploads/David_22_b6377f7280.webp
denisov-winery-assamblyazh-rubin-golodrigi-rozovoe-suhoe-12	Ассамбляж	Denisov Winery	Розовое	Самара	Рубин Голодриги	indexed	dataset/prod-svoe-vino-1/uploads/denisov_winery_assamblyazh_rubin_golodrigi_rozovoe_suhoe_12_0cb8d3dedd.webp
denisov-winery-petnat-risling-beloe-ekstra-bryut-10	Петнат Рислинг	Denisov Winery	Белое	Самара	Рислинг	indexed	dataset/prod-svoe-vino-1/uploads/denisov_winery_petnat_risling_petnat_ekstra_bryut_belyy_10_8ac6c27fa7.webp
denisov-winery-petnat-rkatsiteli-beloe-ekstra-bryut-107	Петнат Ркацители	Denisov Winery	Белое	Самара	Ркацители	indexed	dataset/prod-svoe-vino-1/uploads/denisov_winery_petnat_rkatsiteli_petnat_ekstra_bryut_belyy_107_5da935c18a.webp
denisov-winery-petnat-saperavi-severnyy-rozovoe-ekstra-bryut-105	Петнат Саперави Северный	Denisov Winery	Розовое	Самара	Саперави Северный	indexed	dataset/prod-svoe-vino-1/uploads/denisov_winery_petnat_saperavi_severnyy_petnat_ekstra_bryut_rozovyy_105_4689f0cb14.webp
denisov-winery-petnat-tsitron-risling-tsitronnyy-magaracha-beloe-ekstra-bryut-102	Петнат Цитрон - Рислинг	Denisov Winery	Белое	Самара	Цитронный Магарача	indexed	dataset/prod-svoe-vino-1/uploads/denisov_winery_petnat_tsitron_risling_tsitronnyy_magaracha_petnat_ekstra_bryut_belyy_102_8f425093ef.webp
denisov-winery-pino-nuar-rozovoe-suhoe-125	Пино Нуар	Denisov Winery	Розовое	Самара	Пино Нуар	indexed	dataset/prod-svoe-vino-1/uploads/denisov_winery_pino_nuar_rozovoe_suhoe_125_ad6a3633ed.webp
denisov-winery-pino-nuar-shardone-ekstra-bryut-beloe-125	Пино Нуар - Шардоне экстра брют	Denisov Winery	Белое	Самара	Пино Нуар	indexed	dataset/prod-svoe-vino-1/uploads/denisov_winery_pino_nuar_shardone_ekstra_bryut_igristoe_ekstra_bryut_beloe_125_43d45643b9.webp
denisov-winery-risling-beloe-suhoe-115	Рислинг	Denisov Winery	Белое	Самара	Рислинг	indexed	dataset/prod-svoe-vino-1/uploads/denisov_winery_risling_beloe_suhoe_115_3963e7c359.webp
denisov-winery-rkatsiteli-beloe-suhoe-112	Ркацители	Denisov Winery	Белое	Самара	Ркацители	indexed	dataset/prod-svoe-vino-1/uploads/denisov_winery_rkatsiteli_beloe_suhoe_112_ed8e9acfcd.webp
denisov-winery-sovinon-blan-beloe-suhoe-115	Совиньон Блан	Denisov Winery	Белое	Самара	Совиньон Блан	indexed	dataset/prod-svoe-vino-1/uploads/denisov_winery_sovinon_blan_beloe_suhoe_115_7ed31606ab.webp
denisov-winery-tsitron-oranzh-tsitronnyy-magaracha-oranzhevoe-suhoe-105	Цитрон оранж	Denisov Winery	Оранжевое	Самара	Цитронный Магарача	indexed	dataset/prod-svoe-vino-1/uploads/denisov_winery_tsitron_oranzh_tsitronnyy_magaracha_oranzhevoe_suhoe_105_3d8bed58d0.webp
denisov-winery-tsitron-tsitronnyy-magaracha-beloe-suhoe-112	Цитрон	Denisov Winery	Белое	Самара	Цитронный Магарача	indexed	dataset/prod-svoe-vino-1/uploads/denisov_winery_tsitron_tsitronnyy_magaracha_beloe_suhoe_112_6a56776856.webp
denisov_barynya_kurmyshi	Барыня. Курмыши	Denisov Winery	Розовое	Самара	Рубин Голодриги, Цитронный Магарача	not_indexed	
denisov_pazori_risling	Пазори Рислинг	Denisov Winery	Белое	Самара	Рислинг	not_indexed	
denisov_pereplyas_kurmyshi	Перепляс. Курмыши	Denisov Winery	Розовое	Самара	Пино Нуар, Шардоне	not_indexed	
denisov_pet_nat_citron_rkaciteli	Пет-Нат Цитрон-Ркацители	Denisov Winery	Белое	Самара	Ркацители, Цитронный Магарача	not_indexed	
denisov_pet_nat_rubin	Пет-Нат Рубин	Denisov Winery	Розовое	Самара	Рубин Голодриги	not_indexed	
denisov_pino_noir_klaret	Пино Нуар кларет. Красная стрелка	Denisov Winery	Розовое	Самара	Пино Нуар	not_indexed	
denisov_rubin_klaret_krasnaya_strelka	Рубин кларет . Красная стрелка	Denisov Winery	Розовое	Самара	Рубин Голодриги	not_indexed	
derbent-vino-desono-kaberne-fran-krasnoe-suhoe-125	Дэсоно Каберне Фран	Дербент Вино	Красное	Дагестан	Каберне Фран	indexed	dataset/prod-svoe-vino-1/uploads/Desono_Kaberne_Fran_d35065b98b.webp
derbent-vino-desono-kaberne-sovinon-krasnoe-suhoe-125	Дэсоно Каберне Совиньон	Дербент Вино	Красное	Дагестан	Каберне Совиньон	indexed	dataset/prod-svoe-vino-1/uploads/Desono_Kaberne_Sovinon_92912df82f.webp
derbent-vino-desono-merlo-krasnoe-suhoe-125	Дэсоно Мерло	Дербент Вино	Красное	Дагестан	Мерло	indexed	dataset/prod-svoe-vino-1/uploads/Desono_Merlo_8f58649b26.webp
derbent-vino-desono-risling-beloe-suhoe-125	Дэсоно Рислинг	Дербент Вино	Белое	Дагестан	Рислинг	indexed	dataset/prod-svoe-vino-1/uploads/Desono_Risling_b70f2d30ac.webp
derbent-vino-desono-risling-ekstra-bryut-beloe-105-125	Дэсоно Рислинг экстра брют	Дербент Вино	Белое	Дагестан	Рислинг	indexed	dataset/prod-svoe-vino-1/uploads/derbent_vino_desono_risling_ekstra_bryut_beloe_105_125_724cf52ff8.webp
derbent-vino-desono-rkatsiteli-oranzh-beloe-suhoe-125	Дэсоно Ркацители оранж	Дербент Вино	Белое	Дагестан	Ркацители	indexed	dataset/prod-svoe-vino-1/uploads/Desono_Rkacziteli_orandzh_a572c088a4.webp
derbent-vino-desono-saperavi-krasnoe-suhoe-125	Дэсоно Саперави	Дербент Вино	Красное	Дагестан	Саперави	indexed	dataset/prod-svoe-vino-1/uploads/Desono_Saperavi_606c582da8.webp
derbent-vino-desono-saperavi-roze-rozovoe-suhoe-125	Дэсоно Саперави розе	Дербент Вино	Розовое	Дагестан	Саперави	indexed	dataset/prod-svoe-vino-1/uploads/Desono_Saperavi_roze_a6f976b72e.webp
derbent-vino-desono-shardone-beloe-suhoe-125	Дэсоно Шардоне	Дербент Вино	Белое	Дагестан	Шардоне	indexed	dataset/prod-svoe-vino-1/uploads/Desono_Shardone_46ac5a58e0.webp
derbent-vino-desono-sovinon-ekstra-bryut-sovinon-blan-beloe-105-125	Дэсоно Совиньон экстра брют	Дербент Вино	Белое	Дагестан	Совиньон Блан	indexed	dataset/prod-svoe-vino-1/uploads/derbent_vino_desono_sovinon_ekstra_bryut_sovinon_blan_beloe_105_125_756134dcb1.webp
derbent-vino-di-kaspiko-fiori-di-mare-verde-avgustin-rozovoe-polusuhoe-10	Ди Каспико Фиори ди Маре Верде	Дербент Вино	Розовое	Дагестан	Августин, Молдова, Первенец Магарача, Ркацители	indexed	dataset/prod-svoe-vino-1/uploads/derbent_vino_di_kaspiko_fiori_di_mare_verde_avgustin_rozovoe_polusuhoe_10_e9fa99da2f.webp
derbent-vino-di-kaspiko-kaberne-sovinon-krasnoe-suhoe-135	Ди Каспико Каберне Совиньон	Дербент Вино	Красное	Дагестан	Каберне Совиньон	indexed	dataset/prod-svoe-vino-1/uploads/derbent_vino_di_kaspiko_kaberne_sovinon_krasnoe_suhoe_135_cb62d5c61d.webp
derbent-vino-di-kaspiko-merlo-krasnoe-polusladkoe-11	Ди Каспико	Дербент Вино	Красное	Дагестан	Мерло	not_indexed	
derbent-vino-di-kaspiko-merlo-krasnoe-suhoe-13	Ди Каспико Мерло	Дербент Вино	Красное	Дагестан	Мерло	indexed	dataset/prod-svoe-vino-1/uploads/derbent_vino_di_kaspiko_merlo_krasnoe_suhoe_13_955108cf50.webp
derbent-vino-di-kaspiko-risling-beloe-suhoe-12	Ди Каспико Рислинг	Дербент Вино	Белое	Дагестан	Рислинг	indexed	dataset/prod-svoe-vino-1/uploads/derbent_vino_di_kaspiko_risling_beloe_suhoe_12_4811c15318.webp
derbent-vino-di-kaspiko-rkatsiteli-beloe-polusladkoe-11	Ди Каспико	Дербент Вино	Белое	Дагестан	Рислинг, Ркацители, Шардоне	not_indexed	
derbent-vino-di-kaspiko-rkatsiteli-beloe-suhoe-12	Ди Каспико Ркацители	Дербент Вино	Белое	Дагестан	Ркацители	indexed	dataset/prod-svoe-vino-1/uploads/derbent_vino_di_kaspiko_rkatsiteli_beloe_suhoe_12_bb2cf4506e.webp
derbent-vino-di-kaspiko-roze-shardone-rozovoe-suhoe-12	Ди Каспико Розе	Дербент Вино	Розовое	Дагестан	Бианка, Мерло, Рислинг, Совиньон Блан, Шардоне	indexed	dataset/prod-svoe-vino-1/uploads/derbent_vino_di_kaspiko_roze_shardone_rozovoe_suhoe_12_9bae135964.webp
derbent-vino-di-kaspiko-saperavi-krasnoe-suhoe-13	Ди Каспико Саперави	Дербент Вино	Красное	Дагестан	Саперави	indexed	dataset/prod-svoe-vino-1/uploads/derbent_vino_di_kaspiko_saperavi_krasnoe_suhoe_13_753016cd3a.webp
derbent-vino-di-kaspiko-shardone-beloe-bryut-105-125	Ди Каспико	Дербент Вино	Белое	Дагестан	Алиготе, Рислинг, Шардоне	not_indexed	
derbent-vino-di-kaspiko-shardone-beloe-polusladkoe-105-125	Ди Каспико	Дербент Вино	Белое	Дагестан	Алиготе, Рислинг, Шардоне	not_indexed	
derbent-vino-di-kaspiko-shardone-beloe-suhoe-125	Ди Каспико Шардоне	Дербент Вино	Белое	Дагестан	Шардоне	indexed	dataset/prod-svoe-vino-1/uploads/derbent_vino_di_kaspiko_shardone_beloe_suhoe_125_f909d0b705.webp
derbent-vino-di-kaspiko-sovinon-sovinon-blan-beloe-suhoe-12	Ди Каспико Совиньон	Дербент Вино	Белое	Дагестан	Совиньон Блан	indexed	dataset/prod-svoe-vino-1/uploads/DK_bel_sovinon_105c5fad6a.webp
derbent-vino-endemy-aligote-beloe-bryut-105-125	Эндемы Алиготе	Дербент Вино	Белое	Дагестан	Алиготе	indexed	dataset/prod-svoe-vino-1/uploads/derbent_vino_endemy_aligote_beloe_bryut_105_125_9c9d02efb2.webp
derbent-vino-endemy-kaberne-fran-krasnoe-suhoe-13	Эндемы Каберне Фран	Дербент Вино	Красное	Дагестан	Каберне Фран	indexed	dataset/prod-svoe-vino-1/uploads/derbent_vino_endemy_kaberne_fran_krasnoe_suhoe_13_6351c14f55.webp
derbent-vino-endemy-kaberne-sovinon-krasnoe-suhoe-13	Эндемы Каберне Совиньон	Дербент Вино	Красное	Дагестан	Каберне Совиньон	not_indexed	
derbent-vino-endemy-kaberne-sovinon-rozovoe-bryut-105-125	Эндемы Каберне Совиньон	Дербент Вино	Розовое	Дагестан	Каберне Совиньон	not_indexed	
derbent-vino-endemy-merlo-krasnoe-suhoe-13	Эндемы Мерло	Дербент Вино	Красное	Дагестан	Мерло	not_indexed	
derbent-vino-endemy-pino-nuar-rozovoe-bryut-105-125	Эндемы Пино Нуар	Дербент Вино	Розовое	Дагестан	Пино Нуар	indexed	dataset/prod-svoe-vino-1/uploads/derbent_vino_endemy_pino_nuar_rozovoe_bryut_105_125_d889dc6335.webp
derbent-vino-endemy-risling-beloe-bryut-105-125	Эндемы Рислинг	Дербент Вино	Белое	Дагестан	Рислинг	indexed	dataset/prod-svoe-vino-1/uploads/derbent_vino_endemy_risling_beloe_bryut_105_125_ab6f76cf0a.webp
derbent-vino-endemy-saperavi-krasnoe-suhoe-13	Эндемы Саперави	Дербент Вино	Красное	Дагестан	Саперави	not_indexed	
derbent-vino-endemy-shardone-beloe-bryut-105-125	Эндемы Шардоне	Дербент Вино	Белое	Дагестан	Шардоне	not_indexed	
derbent-vino-endemy-shardone-beloe-suhoe-13	Эндемы Шардоне	Дербент Вино	Белое	Дагестан	Шардоне	not_indexed	
derbent-vino-endemy-sovinon-beloe-bryut-105-125	Эндемы Совиньон	Дербент Вино	Белое	Дагестан	Совиньон	not_indexed	
derbent-vino-graf-vorontsov-beloe-polusladkoe-sovinon-blan-105-125	Граф Воронцов. Белое полусладкое	Дербент Вино	Белое	Дагестан	Первенец Магарача, Ркацители, Совиньон Блан, Шардоне	indexed	dataset/prod-svoe-vino-1/uploads/derbent_vino_graf_vorontsov_beloe_polusladkoe_sovinon_blan_105_125_5bcfddfbc1.webp
derbent-vino-graf-vorontsov-bryut-beloe-sovinon-blan-105-125	Граф Воронцов. Брют белое	Дербент Вино	Белое	Дагестан	Первенец Магарача, Ркацители, Совиньон Блан, Шардоне	indexed	dataset/prod-svoe-vino-1/uploads/derbent_vino_graf_vorontsov_bryut_beloe_sovinon_blan_105_125_75497fccb3.webp
derbent-vino-graf-vorontsov-bryut-rozovoe-pervenets-magaracha-105-125	Граф Воронцов. Брют розовое	Дербент Вино	Розовое	Дагестан	Молдова, Первенец Магарача, Ркацители	indexed	dataset/prod-svoe-vino-1/uploads/derbent_vino_graf_vorontsov_bryut_rozovoe_pervenets_magaracha_105_125_080d855e21.webp
derbent-vino-kavkazian-dzharauli-moldova-krasnoe-polusladkoe-11	Кавказиан Джараули	Дербент Вино	Красное	Дагестан	Мерло, Молдова, Саперави	indexed	dataset/prod-svoe-vino-1/uploads/derbent_vino_kavkazian_dzharauli_moldova_krasnoe_polusladkoe_11_79f7379ec0.webp
derbent-vino-kavkazian-merlo-krasnoe-polusladkoe-105-125	Кавказиан	Дербент Вино	Красное	Дагестан	Каберне Совиньон, Мерло, Молдова	not_indexed	
derbent-vino-kavkazian-rkatsiteli-beloe-bryut-105-125	Кавказиан	Дербент Вино	Белое	Дагестан	Ркацители	not_indexed	
derbent-vino-kavkazian-rkatsiteli-beloe-suhoe-12	Кавказиан Ркацители	Дербент Вино	Белое	Дагестан	Ркацители	indexed	dataset/prod-svoe-vino-1/uploads/derbent_vino_kavkazian_rkatsiteli_beloe_suhoe_12_88da97ff68.webp
derbent-vino-kavkazian-saperavi-krasnoe-suhoe-105-125	Кавказиан Саперави	Дербент Вино	Красное	Дагестан	Саперави	indexed	dataset/prod-svoe-vino-1/uploads/derbent_vino_kavkazian_saperavi_krasnoe_suhoe_105_125_f6bb126efc.webp
di-caspico-rozovoe-bryut	Di Caspico розовое брют	Дербент Вино	Розовое	Дагестан	Бианка, Мерло, Первенец Магарача, Ркацители	not_indexed	
di-kaspiko-di-caspico-fiori-di-mare-verde	Ди Каспико (Di Caspico Fiori di Mare Verde)	Дербент Вино	Белое	Дагестан	Августин, Бианка, Первенец Магарача	not_indexed	
dnk-alleli	ДНК. Аллели	Усадьба Меркотан	Белое	Кубань	Совиньон Блан	indexed	dataset/prod-svoe-vino-1/uploads/DNK_Alleliya_Merkotan2_3011aefe23.webp
dnk-aura	ДНК. Аура	Усадьба Меркотан	Розовое	Кубань	Саперави	indexed	dataset/prod-svoe-vino-1/uploads/DNK_Aura_Merkotan2_b358e92e8d.webp
dnk-kaberne-sovinon	ДНК. Каберне Совиньон	Усадьба Меркотан	Красное	Кубань	Каберне Совиньон	not_indexed	
dnk-pokolenie	ДНК. Поколение	Усадьба Меркотан	Белое	Кубань	Ркацители	indexed	dataset/prod-svoe-vino-1/uploads/DNK_Pokolenie_Merkotan2_5b589ac6e4.webp
domaine-de-la-vivandiere-alkomishka-malbek-krasnoe-suhoe-123	Алкомишка	Domaine de la Vivandiere	Красное	Крым	Мальбек	indexed	dataset/prod-svoe-vino-1/uploads/domaine_de_la_vivandiere_alkomishka_malbek_krasnoe_suhoe_123_edeea28c08.webp
domaine-de-la-vivandiere-krasnostop-roze-rozovoe-suhoe-134	Красностоп розе	Domaine de la Vivandiere	Розовое	Крым	Красностоп	indexed	dataset/prod-svoe-vino-1/uploads/domaine_de_la_vivandiere_krasnostop_roze_rozovoe_suhoe_134_065e0d758d.webp
domaine-de-la-vivandiere-malbec-vivandiere-roze-malbek-rozovoe-suhoe-125	Malbec Vivandiere розе	Domaine de la Vivandiere	Розовое	Крым	Мальбек	indexed	dataset/prod-svoe-vino-1/uploads/domaine_de_la_vivandiere_malbec_vivandiere_roze_malbek_rozovoe_suhoe_125_882f670a7d.webp
domaine-de-la-vivandiere-pino-nuar-roze-rozovoe-suhoe-122	Пино Нуар розе	Domaine de la Vivandiere	Розовое	Крым	Пино Нуар	indexed	dataset/prod-svoe-vino-1/uploads/domaine_de_la_vivandiere_pino_nuar_roze_rozovoe_suhoe_122_48ffea282d.webp
domaine-de-la-vivandiere-risling-beloe-suhoe-122	Рислинг	Domaine de la Vivandiere	Белое	Крым	Рислинг	indexed	dataset/prod-svoe-vino-1/uploads/domaine_de_la_vivandiere_risling_beloe_suhoe_122_68ba0c1792.webp
domaine-de-la-vivandiere-senso-roze-rozovoe-suhoe-126	Сенсо розе	Domaine de la Vivandiere	Розовое	Крым	Сенсо	indexed	dataset/prod-svoe-vino-1/uploads/domaine_de_la_vivandiere_senso_roze_rozovoe_suhoe_126_1beb87273d.webp
domaine-de-la-vivandiere-sibirkovyy-fresh-beloe-suhoe-125	Сибирьковый фреш	Domaine de la Vivandiere	Белое	Крым	Сибирьковый	indexed	dataset/prod-svoe-vino-1/uploads/domaine_de_la_vivandiere_sibirkovyy_fresh_beloe_suhoe_125_39e6be90f5.webp
domaine-de-la-vivandiere-sibirkovyy-sur-lies-beloe-suhoe-121	Сибирьковый sur lies	Domaine de la Vivandiere	Белое	Крым	Сибирьковый	indexed	dataset/prod-svoe-vino-1/uploads/domaine_de_la_vivandiere_sibirkovyy_sur_lies_beloe_suhoe_121_536caa1f6a.webp
domaine-de-la-vivandiere-tsimlyanskiy-chyornyy-ctes-du-don-tsimlyanskiy-chernyy-rozovoe-suhoe-134	Цимлянский чёрный Côtes du Don	Domaine de la Vivandiere	Розовое	Крым	Цимлянский черный	indexed	dataset/prod-svoe-vino-1/uploads/domaine_de_la_vivandiere_tsimlyanskiy_chyornyy_ctes_du_don_tsimlyanskiy_chernyy_rozovoe_suhoe_134_1114a4a7ac.webp
domaine-de-la-vivandiere-vn-beloe-aligote-suhoe-131	VN белое	Domaine de la Vivandiere	Белое	Крым	Алиготе	indexed	dataset/prod-svoe-vino-1/uploads/domaine_de_la_vivandiere_vn_beloe_aligote_beloe_suhoe_131_5d98fba99a.webp
domaine-de-la-vivandiere-vn-krasnoe-pino-nuar-suhoe-12	Vn красное	Domaine de la Vivandiere	Красное	Крым	Пино Нуар	indexed	dataset/prod-svoe-vino-1/uploads/domaine_de_la_vivandiere_vn_krasnoe_pino_nuar_krasnoe_suhoe_12_22b28437fb.webp
domaine-lipko-blaufrankisch-domaine-lipko-blaufrankish-krasnoe-suhoe-136	Blaufrankisch Domaine Lipko	Domaine Lipko	Красное	Крым	Блауфранкиш	indexed	dataset/prod-svoe-vino-1/uploads/domaine_lipko_blaufrankisch_domaine_lipko_blaufrankish_krasnoe_suhoe_136_440af9a034.webp
domaine-lipko-blaufrankish-krasnoe-suhoe-126	Блауфранкиш	Domaine Lipko	Красное	Крым	Блауфранкиш	indexed	dataset/prod-svoe-vino-1/uploads/domaine_lipko_blaufrankish_krasnoe_suhoe_126_e33253850f.webp
domaine-lipko-kaberne-sovinon-merlo-pomeste-trenzina-krasnoe-suhoe-15	Каберне Совиньон - Мерло. Поместье Трензина	Domaine Lipko	Красное	Крым	Каберне Совиньон	indexed	dataset/prod-svoe-vino-1/uploads/domaine_lipko_kaberne_sovinon_merlo_pomeste_trenzina_krasnoe_suhoe_15_aa953b6231.webp
domaine-lipko-muskat-pomeste-trenzina-muskat-belyy-beloe-suhoe-119	Мускат. Поместье Трензина	Domaine Lipko	Белое	Крым	Мускат Белый	indexed	dataset/prod-svoe-vino-1/uploads/domaine_lipko_muskat_pomeste_trenzina_muskat_belyy_beloe_suhoe_119_f53581d3d0.webp
domaine-lipko-penpalo-cabernet-sauvignon-domaine-lipko-kaberne-sovinon-krasnoe-suhoe-14	Penpalo Cabernet Sauvignon Domaine Lipko	Domaine Lipko	Красное	Крым	Каберне Совиньон	indexed	dataset/prod-svoe-vino-1/uploads/domaine_lipko_penpalo_cabernet_sauvignon_domaine_lipko_kaberne_sovinon_krasnoe_suhoe_14_49831aa29f.webp
domaine-lipko-penpalo-chardonnay-domaine-lipko-shardone-beloe-suhoe-122	Penpalo Chardonnay Domaine Lipko	Domaine Lipko	Белое	Крым	Шардоне	indexed	dataset/prod-svoe-vino-1/uploads/domaine_lipko_penpalo_chardonnay_domaine_lipko_shardone_beloe_suhoe_122_84467c3576.webp
domaine-lipko-penpalo-kaberne-sovinon-krasnoe-suhoe-14	Penpalo Каберне Совиньон	Domaine Lipko	Красное	Крым	Каберне Совиньон	indexed	dataset/prod-svoe-vino-1/uploads/domaine_lipko_penpalo_kaberne_sovinon_krasnoe_suhoe_14_669809a88b.webp
domaine-lipko-petit-verdot-domaine-lipko-pti-verdo-krasnoe-suhoe-14	Petit Verdot Domaine Lipko	Domaine Lipko	Красное	Крым	Пти Вердо	indexed	dataset/prod-svoe-vino-1/uploads/domaine_lipko_petit_verdot_domaine_lipko_pti_verdo_krasnoe_suhoe_14_d4fda4146c.webp
domaine-lipko-pino-nuar-krasnoe-suhoe-12	Пино Нуар	Domaine Lipko	Красное	Крым	Пино Нуар	indexed	dataset/prod-svoe-vino-1/uploads/domaine_lipko_pino_nuar_krasnoe_suhoe_12_645408d2e3.webp
domaine-lipko-pinot-noir-domaine-lipko-pino-nuar-krasnoe-suhoe-133	Pinot Noir Domaine Lipko	Domaine Lipko	Красное	Крым	Пино Нуар	indexed	dataset/prod-svoe-vino-1/uploads/domaine_lipko_pinot_noir_domaine_lipko_pino_nuar_krasnoe_suhoe_133_a7c8791c9f.webp
domaine-lipko-pti-verdo-krasnoe-suhoe-14	Пти Вердо	Domaine Lipko	Красное	Крым	Пти Вердо	indexed	dataset/prod-svoe-vino-1/uploads/domaine_lipko_pti_verdo_krasnoe_suhoe_14_155eed96cb.webp
domaine-lipko-riesling-m-domaine-lipko-risling-beloe-suhoe-102	Riesling M Domaine Lipko	Domaine Lipko	Белое	Крым	Рислинг	indexed	dataset/prod-svoe-vino-1/uploads/domaine_lipko_riesling_m_domaine_lipko_risling_beloe_suhoe_102_aac6eaf2b0.webp
domaine-lipko-risling-beloe-polusuhoe-124	Рислинг	Domaine Lipko	Белое	Крым	Рислинг	indexed	dataset/prod-svoe-vino-1/uploads/domaine_lipko_risling_beloe_polusuhoe_124_221fa1bd0b.webp
domaine-lipko-roze-sira-rozovoe-suhoe-135	Розе Сира	Domaine Lipko	Розовое	Крым	Сира	indexed	dataset/prod-svoe-vino-1/uploads/domaine_lipko_roze_sira_rozovoe_suhoe_135_32069a0e89.webp
domaine-lipko-sauvignon-blanc-domaine-lipko-sovinon-blan-beloe-suhoe-118	Sauvignon Blanc Domaine Lipko	Domaine Lipko	Белое	Крым	Совиньон Блан	indexed	dataset/prod-svoe-vino-1/uploads/domaine_lipko_sauvignon_blanc_domaine_lipko_sovinon_blan_beloe_suhoe_118_3466c4862b.webp
domaine-lipko-sovinon-blan-beloe-suhoe-118	Совиньон Блан	Domaine Lipko	Белое	Крым	Совиньон Блан	indexed	dataset/prod-svoe-vino-1/uploads/domaine_lipko_sovinon_blan_beloe_suhoe_118_239115924a.webp
domaine-lipko-syrah-domaine-lipko-sira-krasnoe-suhoe-14	Syrah Domaine Lipko	Domaine Lipko	Красное	Крым	Сира	indexed	dataset/prod-svoe-vino-1/uploads/domaine_lipko_syrah_domaine_lipko_sira_krasnoe_suhoe_14_4a737361dc.webp
domaine-lipko-white-blend-lipko-muskat-belyy-beloe-polusuhoe-115	White Blend Lipko	Domaine Lipko	Белое	Крым	Мускат Белый	indexed	dataset/prod-svoe-vino-1/uploads/domaine_lipko_white_blend_lipko_muskat_belyy_beloe_polusuhoe_115_0ffe4c6cf6.webp
domaine-lipko-white-blend-muskat-beloe-polusuhoe-12	White Blend	Domaine Lipko	Белое	Крым	Мускат	not_indexed	
domaine-lipko-white-blend-tsitronnyy-magaracha-beloe-suhoe-115	White Blend	Domaine Lipko	Белое	Крым	Цитронный Магарача	not_indexed	
donskoe-vinodelcheskoe-hozyaystvo-elbuzd-kaberne-fran-krasnoe-suhoe-13	Каберне Фран	"Донское винодельческое хозяйство ""Эльбузд"""	Красное	Долина Дона	Каберне Фран	indexed	dataset/prod-svoe-vino-1/uploads/donskoe_vinodelcheskoe_hozyaystvo_elbuzd_kaberne_fran_krasnoe_suhoe_13_2f331c5376.webp
donskoe-vinodelcheskoe-hozyaystvo-elbuzd-merlo-krasnoe-suhoe-13	Мерло	"Донское винодельческое хозяйство ""Эльбузд"""	Красное	Долина Дона	Мерло	indexed	dataset/prod-svoe-vino-1/uploads/donskoe_vinodelcheskoe_hozyaystvo_elbuzd_merlo_krasnoe_suhoe_13_261ddc4f01.webp
donskoe-vinodelcheskoe-hozyaystvo-elbuzd-pino-nuar-krasnoe-suhoe-13	Пино Нуар	"Донское винодельческое хозяйство ""Эльбузд"""	Красное	Долина Дона	Пино Нуар	indexed	dataset/prod-svoe-vino-1/uploads/donskoe_vinodelcheskoe_hozyaystvo_elbuzd_pino_nuar_krasnoe_suhoe_13_fe1f143b4b.webp
donskoe-vinodelcheskoe-hozyaystvo-elbuzd-risling-beloe-suhoe-12	Рислинг	"Донское винодельческое хозяйство ""Эльбузд"""	Белое	Долина Дона	Рислинг	indexed	dataset/prod-svoe-vino-1/uploads/donskoe_vinodelcheskoe_hozyaystvo_elbuzd_risling_beloe_suhoe_12_c5359f598b.webp
donskoe-vinodelcheskoe-hozyaystvo-elbuzd-shardone-beloe-suhoe-13	Шардоне	"Донское винодельческое хозяйство ""Эльбузд"""	Белое	Долина Дона	Шардоне	indexed	dataset/prod-svoe-vino-1/uploads/donskoe_vinodelcheskoe_hozyaystvo_elbuzd_shardone_beloe_suhoe_13_4dc735a9ed.webp
donskoe-vinodelcheskoe-hozyaystvo-elbuzd-sovinon-blan-beloe-suhoe-12	Совиньон Блан	"Донское винодельческое хозяйство ""Эльбузд"""	Белое	Долина Дона	Совиньон Блан	indexed	dataset/prod-svoe-vino-1/uploads/donskoe_vinodelcheskoe_hozyaystvo_elbuzd_sovinon_blan_beloe_suhoe_12_1e0d005870.webp
dry-red-wine-56-rubinovyj-magaracha-oleg-repin	Dry Red Wine #56 (Рубиновый Магарача. Олег Репин)	Oleg Repin	Красное	Крым	Рубиновый Магарача	not_indexed	
dubinin-winery-merlo-roze-rozovoe-suhoe-125	Мерло розе	Dubinin Winery	Розовое	Кубань	Мерло	indexed	dataset/prod-svoe-vino-1/uploads/dubinin_winery_merlo_roze_rozovoe_suhoe_125_7a5b91f610.webp
dubinin-winery-pino-nuar-bryut-roze-rozovoe-ekstra-bryut-125	Пино Нуар брют розе	Dubinin Winery	Розовое	Кубань	Пино Нуар	indexed	dataset/prod-svoe-vino-1/uploads/dubinin_winery_pino_nuar_bryut_roze_igristoe_ekstra_bryut_rozovoe_125_f445b9db8a.webp
dubinin-winery-risling-beloe-suhoe-12	Рислинг	Dubinin Winery	Белое	Кубань	Рислинг	indexed	dataset/prod-svoe-vino-1/uploads/dubinin_winery_risling_beloe_suhoe_12_7ac8ef3e5f.webp
dubinin-winery-roze-kaberne-fran-rozovoe-suhoe-13	Розе	Dubinin Winery	Розовое	Кубань	Каберне Фран	indexed	dataset/prod-svoe-vino-1/uploads/dubinin_winery_roze_kaberne_fran_rozovoe_suhoe_13_d7bb0abe34.webp
dubinin-winery-saperavi-fresh-krasnoe-suhoe-135	Саперави фреш	Dubinin Winery	Красное	Кубань	Саперави	indexed	dataset/prod-svoe-vino-1/uploads/dubinin_winery_saperavi_fresh_krasnoe_suhoe_135_ed1dd0f8f4.webp
dubinin-winery-sovinon-blan-beloe-suhoe-12	Совиньон Блан	Dubinin Winery	Белое	Кубань	Совиньон Блан	indexed	dataset/prod-svoe-vino-1/uploads/dubinin_winery_sovinon_blan_beloe_suhoe_12_18c78bf838.webp
dva-brata-pet-nat-kokur-2024	Два Брата Пет Нат Кокур, 2024	Винодельня Братьев Мельниковых	Белое	Крым	Кокур	indexed	dataset/prod-svoe-vino-1/uploads/DSC_09166_cf6c3aaa12.webp
dva-serdtsa-arinarnoa-kaberne-sovinon-krasnoe-suhoe-135	Аринарноа - Каберне Совиньон	Два Сердца	Красное	Крым	Каберне Совиньон	indexed	dataset/prod-svoe-vino-1/uploads/dva_serdtsa_arinarnoa_kaberne_sovinon_krasnoe_suhoe_135_047c8cca68.webp
dva-serdtsa-kaberne-fran-krasnoe-suhoe-14	Каберне Фран	Два Сердца	Красное	Крым	Каберне Фран	indexed	dataset/prod-svoe-vino-1/uploads/dva_serdtsa_kaberne_fran_krasnoe_suhoe_14_3cd97c037a.webp
dva-serdtsa-kokur-beloe-suhoe-125	Кокур	Два Сердца	Белое	Крым	Кокур	indexed	dataset/prod-svoe-vino-1/uploads/dva_serdtsa_kokur_beloe_suhoe_125_2a62b6715b.webp
dva-serdtsa-muskat-muskat-belyy-beloe-polusuhoe-12	Мускат	Два Сердца	Белое	Крым	Мускат Белый	indexed	dataset/prod-svoe-vino-1/uploads/dva_serdtsa_muskat_muskat_belyy_beloe_polusuhoe_12_812f13f41a.webp
dva-serdtsa-muskat-suhoy-muskat-belyy-beloe-suhoe-12	Мускат Сухой	Два Сердца	Белое	Крым	Мускат Белый	indexed	dataset/prod-svoe-vino-1/uploads/dva_serdtsa_muskat_suhoy_muskat_belyy_beloe_suhoe_12_904721b94a.webp
dva-serdtsa-rozovoe-kaberne-sovinon-suhoe-13	Розовое	Два Сердца	Розовое	Крым	Каберне Совиньон	indexed	dataset/prod-svoe-vino-1/uploads/dva_serdtsa_rozovoe_kaberne_sovinon_rozovoe_suhoe_13_43d6654ff9.webp
dva-serdtsa-saperavi-krasnoe-suhoe-135	Саперави	Два Сердца	Красное	Крым	Саперави	indexed	dataset/prod-svoe-vino-1/uploads/dva_serdtsa_saperavi_krasnoe_suhoe_135_58815e0ac2.webp
dva-serdtsa-vione-beloe-suhoe-125	Вионье	Два Сердца	Белое	Крым	Вионье	indexed	dataset/prod-svoe-vino-1/uploads/dva_serdtsa_vione_beloe_suhoe_125_2e3fcdb2b9.webp
eleonora	Eleonora, 2021	WINEMAFIA	Белое	Кубань	Мцване Кахетинский	indexed	dataset/prod-svoe-vino-1/uploads/Eleonora_0e3c405b09.webp
endemy-saperavi	Эндемы Саперави	Дербент Вино	Розовое	Дагестан	Саперави	not_indexed	
esse-blanc-de-noirs-pino-nuar-beloe-ekstra-bryut-115	Blanc De Noirs	ESSE	Белое	Крым	Пино Нуар	indexed	dataset/prod-svoe-vino-1/uploads/esse_blanc_de_noirs_pino_nuar_igristoe_ekstra_bryut_beloe_115_c951557140.webp
esse-brut-cuvee-prestige-shardone-beloe-ekstra-bryut-115	Brut Cuvee Prestige	ESSE	Белое	Крым	Шардоне	indexed	dataset/prod-svoe-vino-1/uploads/esse_brut_cuvee_prestige_shardone_igristoe_ekstra_bryut_beloe_115_8e21ee1279.webp
esse-brut-zero-dosage-shardone-beloe-ekstra-bryut-12	Brut Zero Dosage	ESSE	Белое	Крым	Шардоне	not_indexed	
esse-brut-zero-dosage-shardone-beloe-ekstra-bryut-135	Brut Zero Dosage	ESSE	Белое	Крым	Шардоне	not_indexed	
esse-chenin-blanc-shenen-blan-beloe-suhoe-12	Chenin Blanc	ESSE	Белое	Крым	Шенен Блан	indexed	dataset/prod-svoe-vino-1/uploads/esse_chenin_blanc_shenen_blan_beloe_suhoe_12_d814751e86.webp
esse-demi-sec-muscat-nectar-muskat-belyy-beloe-ekstra-bryut-115	Demi-Sec Muscat Nectar	ESSE	Белое	Крым	Мускат Белый	not_indexed	
esse-dolinnoe-cabernet-franc-kaberne-fran-krasnoe-suhoe-13	Dolinnoe Cabernet Franc	ESSE	Красное	Крым	Каберне Фран	indexed	dataset/prod-svoe-vino-1/uploads/esse_dolinnoe_cabernet_franc_kaberne_fran_krasnoe_suhoe_13_0390d0284a.webp
esse-dolinnoe-chrdvnr-shardone-beloe-suhoe-13	Dolinnoe CHRD+VNR	ESSE	Белое	Крым	Шардоне	indexed	dataset/prod-svoe-vino-1/uploads/esse_dolinnoe_chrdvnr_shardone_beloe_suhoe_13_f8c0b600ad.webp
esse-esse-grand-cuvee-60-shardone-beloe-ekstra-bryut-115	Esse Grand Cuvee 60	ESSE	Белое	Крым	Шардоне	indexed	dataset/prod-svoe-vino-1/uploads/esse_esse_grand_cuvee_60_shardone_igristoe_ekstra_bryut_beloe_115_20c6d7a318.webp
esse-esse-millesime-brut-zero-dosage-shardone-beloe-ekstra-bryut-115	Esse Millesime Brut Zero Dosage	ESSE	Белое	Крым	Шардоне	indexed	dataset/prod-svoe-vino-1/uploads/esse_esse_millesime_brut_zero_dosage_shardone_igristoe_ekstra_bryut_beloe_115_0cfef302b3.webp
esse-esse-rose-zero-dosage-shardone-rozovoe-ekstra-bryut-115	Esse Rose Zero Dosage	ESSE	Розовое	Крым	Шардоне	indexed	dataset/prod-svoe-vino-1/uploads/esse_esse_rose_zero_dosage_shardone_igristoe_ekstra_bryut_rozovoe_115_24439839bf.webp
esse-esse-shardone-beloe-suhoe-125	Esse Шардоне	ESSE	Белое	Крым	Шардоне	indexed	dataset/prod-svoe-vino-1/uploads/esse_esse_shardone_beloe_suhoe_125_a64096d1a1.webp
esse-esse-sira-krasnoe-suhoe-12	Esse Сира	ESSE	Красное	Крым	Сира	indexed	dataset/prod-svoe-vino-1/uploads/esse_esse_sira_krasnoe_suhoe_12_d542214070.webp
esse-gevyurtstraminer-beloe-suhoe-12	Гевюрцтраминер	ESSE	Белое	Крым	Гевюрцтраминер	indexed	dataset/prod-svoe-vino-1/uploads/esse_gevyurtstraminer_beloe_suhoe_12_c0993e07dc.webp
esse-kaberne-fran-krasnoe-suhoe-13	Каберне Фран	ESSE	Красное	Крым	Каберне Фран	indexed	dataset/prod-svoe-vino-1/uploads/esse_kaberne_fran_krasnoe_suhoe_13_458f9c63ca.webp
esse-kaberne-otbornoe-kaberne-sovinon-krasnoe-suhoe-12	Каберне Отборное	ESSE	Красное	Крым	Каберне Совиньон	indexed	dataset/prod-svoe-vino-1/uploads/esse_kaberne_otbornoe_kaberne_sovinon_krasnoe_suhoe_12_1f8b96ac79.webp
esse-kaberne-sovinon-krasnoe-suhoe-14	Каберне Совиньон	ESSE	Красное	Крым	Каберне Совиньон	indexed	dataset/prod-svoe-vino-1/uploads/esse_kaberne_sovinon_krasnoe_suhoe_14_2536b9976e.webp
esse-mama-marselan-krasnoe-suhoe-115	MaMa	ESSE	Красное	Крым	Марселан	indexed	dataset/prod-svoe-vino-1/uploads/esse_mama_marselan_krasnoe_suhoe_115_13668d8525.webp
esse-mama-marselan-krasnoe-suhoe-135	МаМа	ESSE	Красное	Крым	Марселан	indexed	dataset/prod-svoe-vino-1/uploads/esse_mama_marselan_krasnoe_suhoe_135_5fef596cdc.webp
esse-merlo-krasnoe-suhoe-135	Мерло	ESSE	Красное	Крым	Мерло	indexed	dataset/prod-svoe-vino-1/uploads/esse_merlo_krasnoe_suhoe_135_efd9f63edb.webp
esse-merlo-otbornoe-krasnoe-suhoe-13	Мерло Отборное	ESSE	Красное	Крым	Мерло	indexed	dataset/prod-svoe-vino-1/uploads/esse_merlo_otbornoe_krasnoe_suhoe_13_eda65be34f.webp
esse-muskat-belyy-beloe-suhoe-135	Мускат Белый	ESSE	Белое	Крым	Мускат Белый	indexed	dataset/prod-svoe-vino-1/uploads/esse_muskat_belyy_beloe_suhoe_135_446d285a06.webp
esse-muskat-muskat-belyy-beloe-ekstra-bryut-115	Muskat	ESSE	Белое	Крым	Мускат Белый	not_indexed	
esse-muskat-muskat-belyy-beloe-suhoe-115	Мускат	ESSE	Белое	Крым	Мускат Белый	indexed	dataset/prod-svoe-vino-1/uploads/esse_muskat_muskat_belyy_beloe_suhoe_115_48469f1962.webp
esse-muskat-oranzh-muskat-belyy-beloe-suhoe-115	Мускат Оранж	ESSE	Белое	Крым	Мускат Белый	indexed	dataset/prod-svoe-vino-1/uploads/esse_muskat_oranzh_muskat_belyy_beloe_suhoe_115_8221306c48.webp
esse-nectar-muscat-muskat-belyy-beloe-polusuhoe-12	Nectar Muscat	ESSE	Белое	Крым	Мускат Белый	indexed	dataset/prod-svoe-vino-1/uploads/esse_nectar_muscat_muskat_belyy_igristoe_polusuhoe_beloe_12_5b5a2eb0f1.webp
esse-odessa-black-odesskiy-chernyy-krasnoe-suhoe-12	Odessa black	ESSE	Красное	Крым	Одесский черный	indexed	dataset/prod-svoe-vino-1/uploads/esse_odessa_black_odesskiy_chernyy_krasnoe_suhoe_12_0708fdaee7.webp
esse-petit-verdot-pti-verdo-krasnoe-suhoe-13	Petit Verdot	ESSE	Красное	Крым	Пти Вердо	indexed	dataset/prod-svoe-vino-1/uploads/esse_petit_verdot_pti_verdo_krasnoe_suhoe_13_cd1d881696.webp
esse-pino-gri-beloe-suhoe-12	Пино Гри	ESSE	Белое	Крым	Пино Гри	not_indexed	
esse-pino-gri-beloe-suhoe-135	Пино Гри	ESSE	Белое	Крым	Пино Гри	not_indexed	
esse-pino-gri-blash-rozovoe-suhoe-125	Пино Гри Блаш	ESSE	Розовое	Крым	Пино Гри	indexed	dataset/prod-svoe-vino-1/uploads/esse_pino_gri_blash_rozovoe_suhoe_125_b69f532199.webp
esse-pino-gri-blush-rozovoe-suhoe-115	Пино Гри Blush	ESSE	Розовое	Крым	Пино Гри	indexed	dataset/prod-svoe-vino-1/uploads/esse_pino_gri_blush_rozovoe_suhoe_115_6dbb8b61f3.webp
esse-pino-nuar-krasnoe-suhoe-115	Пино Нуар	ESSE	Красное	Крым	Пино Нуар	indexed	dataset/prod-svoe-vino-1/uploads/esse_pino_nuar_krasnoe_suhoe_115_469fd883e6.webp
esse-prirodno-polusladkoe-beloe-risling-125	Природно Полусладкое белое	ESSE	Белое	Крым	Рислинг	indexed	dataset/prod-svoe-vino-1/uploads/esse_prirodno_polusladkoe_beloe_risling_beloe_polusladkoe_125_727390d43b.webp
esse-prirodno-polusladkoe-krasnoe-merlo-13	Природно Полусладкое красное	ESSE	Красное	Крым	Мерло	indexed	dataset/prod-svoe-vino-1/uploads/esse_prirodno_polusladkoe_krasnoe_merlo_krasnoe_polusladkoe_13_df0166b111.webp
esse-ridicule-sira-krasnoe-suhoe-125	Ridicule	ESSE	Красное	Крым	Сира	indexed	dataset/prod-svoe-vino-1/uploads/esse_ridicule_sira_krasnoe_suhoe_125_6a621251f5.webp
esse-risling-beloe-suhoe-115	Рислинг	ESSE	Белое	Крым	Рислинг	indexed	dataset/prod-svoe-vino-1/uploads/esse_risling_beloe_suhoe_115_56a1b754fc.webp
esse-rkatsiteli-beloe-suhoe-125	Ркацители	ESSE	Белое	Крым	Ркацители	indexed	dataset/prod-svoe-vino-1/uploads/esse_rkatsiteli_beloe_suhoe_125_4f094ac315.webp
esse-rkatsiteli-oranzh-beloe-suhoe-12	Ркацители Оранж	ESSE	Белое	Крым	Ркацители	indexed	dataset/prod-svoe-vino-1/uploads/esse_rkatsiteli_oranzh_beloe_suhoe_12_1c6512e2ab.webp
esse-rkatsiteli-syur-li-beloe-suhoe-125	Ркацители Сюр Ли	ESSE	Белое	Крым	Ркацители	indexed	dataset/prod-svoe-vino-1/uploads/esse_rkatsiteli_syur_li_beloe_suhoe_125_2f0b000796.webp
esse-rose-cuvee-prestige-pino-nuar-rozovoe-bryut-115	Rose Cuvee Prestige	ESSE	Розовое	Крым	Пино Нуар	not_indexed	
esse-rose-cuvee-prestige-pino-nuar-rozovoe-bryut-13	Rose Cuvee Prestige	ESSE	Розовое	Крым	Пино Нуар	not_indexed	
esse-rose-sira-rozovoe-suhoe-12	Rose	ESSE	Розовое	Крым	Сира	indexed	dataset/prod-svoe-vino-1/uploads/esse_rose_sira_rozovoe_suhoe_12_f4150d71ea.webp
esse-roze-kaberne-sovinon-rozovoe-suhoe-135	Розе	ESSE	Розовое	Крым	Каберне Совиньон	indexed	dataset/prod-svoe-vino-1/uploads/esse_roze_kaberne_sovinon_rozovoe_suhoe_135_f6a387d48c.webp
esse-rubinovyy-rubinovyy-magaracha-krasnoe-suhoe-12	Рубиновый	ESSE	Красное	Крым	Рубиновый Магарача	indexed	dataset/prod-svoe-vino-1/uploads/esse_rubinovyy_rubinovyy_magaracha_krasnoe_suhoe_12_0570a9069b.webp
esse-sangiovese-sandzhoveze-krasnoe-suhoe-135	Sangiovese	ESSE	Красное	Крым	Санджовезе	indexed	dataset/prod-svoe-vino-1/uploads/esse_sangiovese_sandzhoveze_krasnoe_suhoe_135_cc1e0cdca2.webp
esse-saperavi-heaven-krasnoe-suhoe-13	Саперави Heaven	ESSE	Красное	Крым	Саперави	indexed	dataset/prod-svoe-vino-1/uploads/esse_saperavi_heaven_krasnoe_suhoe_13_759445e79f.webp
esse-saperavi-krasnoe-suhoe-13	Саперави	ESSE	Красное	Крым	Саперави	indexed	dataset/prod-svoe-vino-1/uploads/esse_saperavi_krasnoe_suhoe_13_52697406ad.webp
esse-shardone-otbornoe-beloe-suhoe-12	Шардоне Отборное	ESSE	Белое	Крым	Шардоне	indexed	dataset/prod-svoe-vino-1/uploads/esse_shardone_otbornoe_beloe_suhoe_12_3b070fa772.webp
esse-shenen-blan-beloe-suhoe-13	Шенен Блан	ESSE	Белое	Крым	Шенен Блан	indexed	dataset/prod-svoe-vino-1/uploads/esse_shenen_blan_beloe_suhoe_13_98cc04b8dc.webp
esse-sovinon-blan-beloe-suhoe-12	Совиньон Блан	ESSE	Белое	Крым	Совиньон Блан	indexed	dataset/prod-svoe-vino-1/uploads/esse_sovinon_blan_beloe_suhoe_12_399b808abd.webp
esse-sovinon-blan-fyume-beloe-suhoe-128	Совиньон Блан Фюме	ESSE	Белое	Крым	Совиньон Блан	indexed	dataset/prod-svoe-vino-1/uploads/esse_sovinon_blan_fyume_beloe_suhoe_128_a32349f7e3.webp
esse-vione-beloe-suhoe-13	Вионье	ESSE	Белое	Крым	Вионье	indexed	dataset/prod-svoe-vino-1/uploads/esse_vione_beloe_suhoe_13_aec36b710c.webp
evolution-pinot-noir	Evolution pinot noir	AYA Organic Wine & Vineyards	Розовое	Крым	Пино Нуар	not_indexed	
evolution-pinot-noir-bryut-beloe	Evolution pinot noir, брют, белое	AYA Organic Wine & Vineyards	Белое	Крым	Пино Нуар	indexed	dataset/prod-svoe-vino-1/uploads/AYA_Mokapy_igristoe_beloe_09976d020f.webp
evolution-pinot-noir-bryut-rozovoe	Evolution pinot noir, брют, розовое	AYA Organic Wine & Vineyards	Розовое	Крым	Пино Нуар	indexed	dataset/prod-svoe-vino-1/uploads/AYA_Mokapy_igristoe_roze_e3c51b7973.webp
evolution-reserve-pinot-noir	Evolution reserve pinot noir	AYA Organic Wine & Vineyards	Красное	Крым	Пино Нуар	indexed	dataset/prod-svoe-vino-1/uploads/2023g_Aya_Evolution_Pinot_noir_b850f06043.webp
fanagoriya-100-ottenkov-krasnogo-kaberne-kaberne-sovinon-krasnoe-suhoe-135	100 оттенков красного. Каберне	Фанагория	Красное	Кубань	Каберне Совиньон	indexed	dataset/prod-svoe-vino-1/uploads/fanagoriya_100_ottenkov_krasnogo_kaberne_kaberne_sovinon_krasnoe_suhoe_135_ad8495191f.webp
fanagoriya-100-ottenkov-krasnogo-pino-nuar-krasnoe-suhoe-135	100 оттенков красного. Пино Нуар	Фанагория	Красное	Кубань	Пино Нуар	indexed	dataset/prod-svoe-vino-1/uploads/fanagoriya_100_ottenkov_krasnogo_pino_nuar_krasnoe_suhoe_vyderzhannoe_135_12baf813ea.webp
fanagoriya-100-ottenkov-krasnogo-saperavi-krasnoe-suhoe-14	100 оттенков красного. Саперави	Фанагория	Красное	Кубань	Саперави	indexed	dataset/prod-svoe-vino-1/uploads/fanagoriya_100_ottenkov_krasnogo_saperavi_krasnoe_suhoe_14_fa242e130a.webp
fanagoriya-100-ottenkov-shardone-beloe-suhoe-14	100 оттенков. Шардоне	Фанагория	Белое	Кубань	Шардоне	indexed	dataset/prod-svoe-vino-1/uploads/fanagoriya_100_ottenkov_shardone_beloe_suhoe_14_dd14e33b83.webp
fanagoriya-101-ottenok-krasnogo-kaberne-kaberne-sovinon-krasnoe-suhoe-14	101 оттенок красного. Каберне	Фанагория	Красное	Кубань	Каберне Совиньон	indexed	dataset/prod-svoe-vino-1/uploads/fanagoriya_101_ottenok_krasnogo_kaberne_kaberne_sovinon_krasnoe_suhoe_14_98c670a6a1.webp
fanagoriya-101-ottenok-krasnogo-pino-nuar-krasnoe-suhoe-135	101 оттенок красного. Пино нуар	Фанагория	Красное	Кубань	Пино Нуар	indexed	dataset/prod-svoe-vino-1/uploads/fanagoriya_101_ottenok_krasnogo_pino_nuar_krasnoe_suhoe_135_62be6e1c10.webp
fanagoriya-101-ottenok-krasnogo-saperavi-krasnoe-suhoe-14	101 оттенок красного. Саперави	Фанагория	Красное	Кубань	Саперави	indexed	dataset/prod-svoe-vino-1/uploads/fanagoriya_101_ottenok_krasnogo_saperavi_krasnoe_suhoe_14_4716c6d770.webp
fanagoriya-5-elements-bryut-beloe-pino-gri-igristoe-bryut-beloe-125	5 elements Брют белое	Фанагория	Белое	Кубань	Пино Гри, Рислинг, Шардоне	indexed	dataset/prod-svoe-vino-1/uploads/fanagoriya_5_elements_bryut_beloe_pino_gri_igristoe_bryut_beloe_125_d7497bb817.webp
fanagoriya-5-elements-bryut-rozovoe-saperavi-igristoe-bryut-rozovoe-125	5 elements Брют розовое	Фанагория	Розовое	Кубань	Каберне Совиньон, Мерло, Саперави	indexed	dataset/prod-svoe-vino-1/uploads/fanagoriya_5_elements_bryut_rozovoe_saperavi_igristoe_bryut_rozovoe_125_89ce2d6975.webp
fanagoriya-alta-qortis-saperavi-krasnoe-suhoe-145	Alta Qortis	Фанагория	Красное	Кубань	Каберне Совиньон, Саперави	indexed	dataset/prod-svoe-vino-1/uploads/fanagoriya_alta_qortis_saperavi_krasnoe_suhoe_145_cd395bc533.webp
fanagoriya-alveus-ultra-cuvee-brut-shardone-beloe-bryut-12	Alveus Ultra Cuvee Brut	Фанагория	Белое	Кубань	Рислинг, Шардоне	indexed	dataset/prod-svoe-vino-1/uploads/fanagoriya_alveus_ultra_cuvee_brut_shardone_beloe_bryut_12_b29ade1dcd.webp
fanagoriya-alveus-ultra-cuvee-bryut-rozovoe-merlo-igristoe-bryut-rozovoe-12	Alveus Ultra Cuvee. Брют розовое	Фанагория	Розовое	Кубань	Мерло, Пино Нуар	indexed	dataset/prod-svoe-vino-1/uploads/fanagoriya_alveus_ultra_cuvee_bryut_rozovoe_merlo_igristoe_bryut_rozovoe_12_a23595c6d7.webp
fanagoriya-alveus-ultra-cuvee-ekstra-bryut-beloe-risling-reynskiy-12	Alveus Ultra Cuvee. Экстра брют белое	Фанагория	Белое	Кубань	Рислинг Рейнский, Шардоне	indexed	dataset/prod-svoe-vino-1/uploads/fanagoriya_alveus_ultra_cuvee_ekstra_bryut_beloe_risling_reynskiy_12_d3eb10a98a.webp
fanagoriya-alveus-ultra-cuvee-ekstra-bryut-rozovoe-merlo-12	Alveus Ultra Cuvee. Экстра брют розовое	Фанагория	Розовое	Кубань	Мерло, Пино Нуар	indexed	dataset/prod-svoe-vino-1/uploads/fanagoriya_alveus_ultra_cuvee_ekstra_bryut_rozovoe_merlo_12_dda03da431.webp
fanagoriya-beloe-polusladkoe	Фанагория белое полусладкое	Фанагория	Белое	Кубань	Рислинг, Шардоне	indexed	dataset/prod-svoe-vino-1/uploads/Fanagrriya_polusladkoe_30637d1cb8.webp
fanagoriya-blanc-de-blancs-shardone-beloe-bryut-12	Blanc de Blancs	Фанагория	Белое	Кубань	Шардоне	indexed	dataset/prod-svoe-vino-1/uploads/fanagoriya_blanc_de_blancs_shardone_igristoe_bryut_beloe_12_4071ae25d5.webp
fanagoriya-blanc-de-noir-mene-extra-brut-2019-pino-nuar-beloe-ekstra-bryut-12	Blanc de Noir Mene Extra Brut 2019	Фанагория	Белое	Кубань	Пино Нуар	indexed	dataset/prod-svoe-vino-1/uploads/fanagoriya_blanc_de_noir_mene_extra_brut_2019_pino_nuar_beloe_ekstra_bryut_12_cf7fa4159c.webp
fanagoriya-blanc-de-noirs-mene-pino-mene-beloe-ekstra-bryut-12	Blanc de Noirs Менье	Фанагория	Белое	Кубань	Пино Менье	indexed	dataset/prod-svoe-vino-1/uploads/fanagoriya_blanc_de_noirs_mene_pino_mene_igristoe_ekstra_bryut_beloe_12_6cd37dc5ac.webp
fanagoriya-brule-cabernet-franc-polusuhoe-rozovoe-kaberne-fran-12	Brule Cabernet Franc Полусухое Розовое	Фанагория	Розовое	Кубань	Каберне Фран	indexed	dataset/prod-svoe-vino-1/uploads/fanagoriya_brule_cabernet_franc_polusuhoe_rozovoe_kaberne_fran_12_08e20da65a.webp
fanagoriya-brule-cabernet-sauvignon-polusladkoe-krasnoe-kaberne-sovinon-125	Brule Cabernet Sauvignon Полусладкое Красное	Фанагория	Красное	Кубань	Каберне Совиньон	indexed	dataset/prod-svoe-vino-1/uploads/fanagoriya_brule_cabernet_sauvignon_polusladkoe_krasnoe_kaberne_sovinon_125_da8519f333.webp
fanagoriya-brule-cuve-brut-rozovoe-merlo-igristoe-bryut-rozovoe-12	Brule Cuvée Brut Розовое	Фанагория	Розовое	Кубань	Мерло, Пино Блан, Пино Нуар	indexed	dataset/prod-svoe-vino-1/uploads/fanagoriya_brule_cuve_brut_rozovoe_merlo_igristoe_bryut_rozovoe_12_af9727f341.webp
fanagoriya-brule-frizzante-brut-beloe-pino-nuar-bryut-115	Brule Frizzante Brut Белое	Фанагория	Белое	Кубань	Пино Нуар, Рислинг, Шардоне	indexed	dataset/prod-svoe-vino-1/uploads/fanagoriya_brule_frizzante_brut_beloe_pino_nuar_bryut_115_b4234dae19.webp
fanagoriya-brule-frizzante-brut-rozovoe-merlo-igristoe-bryut-rozovoe-115	Brule Frizzante Brut Розовое	Фанагория	Розовое	Кубань	Каберне Фран, Мерло, Пино Нуар	indexed	dataset/prod-svoe-vino-1/uploads/fanagoriya_brule_frizzante_brut_rozovoe_merlo_igristoe_bryut_rozovoe_115_84079e9350.webp
fanagoriya-brule-frizzante-polusladkoe-beloe-pino-nuar-11	Brule Frizzante Полусладкое Белое	Фанагория	Белое	Кубань	Пино Нуар, Рислинг, Шардоне	indexed	dataset/prod-svoe-vino-1/uploads/fanagoriya_brule_frizzante_polusladkoe_beloe_pino_nuar_11_ddb87e2e2b.webp
fanagoriya-brule-muscat-ottonel-brut-muskat-ottonel-beloe-polusladkoe-12	Brule Muscat Ottonel Brut	Фанагория	Белое	Кубань	Мускат Оттонель	indexed	dataset/prod-svoe-vino-1/uploads/fanagoriya_brule_muscat_ottonel_brut_muskat_ottonel_beloe_polusladkoe_12_cdfd9c20be.webp
fanagoriya-brule-muscat-ottonel-polusladkoe-muskat-ottonel-beloe-115	Brule Muscat Ottonel Полусладкое	Фанагория	Белое	Кубань	Мускат Оттонель	indexed	dataset/prod-svoe-vino-1/uploads/fanagoriya_brule_muscat_ottonel_polusladkoe_muskat_ottonel_beloe_115_833e252321.webp
fanagoriya-brule-saperavi-saperavi-igristoe-sladkoe-krasnoe-bryut-125	Brule Saperavi	Фанагория	Красное	Кубань	Саперави	indexed	dataset/prod-svoe-vino-1/uploads/fanagoriya_brule_saperavi_saperavi_igristoe_sladkoe_krasnoe_bryut_125_433b942aaa.webp
fanagoriya-brule-sauvignon-blanc-brut-sovinon-blan-beloe-bryut-12	Brule Sauvignon Blanc Brut	Фанагория	Белое	Кубань	Совиньон Блан	indexed	dataset/prod-svoe-vino-1/uploads/fanagoriya_brule_sauvignon_blanc_brut_sovinon_blan_beloe_bryut_12_27b65a0309.webp
fanagoriya-cru-lermont-cabernet-franc-kaberne-fran-krasnoe-suhoe-13	Cru Lermont Cabernet Franc	Фанагория	Красное	Кубань	Каберне Фран	indexed	dataset/prod-svoe-vino-1/uploads/fanagoriya_cru_lermont_cabernet_franc_kaberne_fran_krasnoe_suhoe_13_ef61ceeb84.webp
fanagoriya-cru-lermont-cabernet-sauvignon-kaberne-sovinon-krasnoe-suhoe-13	Cru Lermont Cabernet Sauvignon	Фанагория	Красное	Кубань	Каберне Совиньон	indexed	dataset/prod-svoe-vino-1/uploads/fanagoriya_cru_lermont_cabernet_sauvignon_kaberne_sovinon_krasnoe_suhoe_13_a5a169ea47.webp
fanagoriya-cru-lermont-chardonnay-shardone-beloe-suhoe-14	Cru Lermont Chardonnay	Фанагория	Белое	Кубань	Шардоне	indexed	dataset/prod-svoe-vino-1/uploads/fanagoriya_cru_lermont_chardonnay_shardone_beloe_suhoe_14_435c653682.webp
fanagoriya-cru-lermont-merlo-merlo-krasnoe-suhoe-14	Cru Lermont Merlo	Фанагория	Красное	Кубань	Мерло	indexed	dataset/prod-svoe-vino-1/uploads/fanagoriya_cru_lermont_merlo_merlo_krasnoe_suhoe_14_15ccd6560f.webp
fanagoriya-cru-lermont-petit-verdot-pti-verdo-krasnoe-suhoe-13	Cru Lermont Petit Verdot	Фанагория	Красное	Кубань	Пти Вердо	indexed	dataset/prod-svoe-vino-1/uploads/fanagoriya_cru_lermont_petit_verdot_pti_verdo_krasnoe_suhoe_13_83618460e6.webp
fanagoriya-cru-lermont-pinot-noir-pino-nuar-krasnoe-suhoe-13	Cru Lermont Pinot Noir	Фанагория	Красное	Кубань	Пино Нуар	indexed	dataset/prod-svoe-vino-1/uploads/fanagoriya_cru_lermont_pinot_noir_pino_nuar_krasnoe_suhoe_13_b8a0b0efab.webp
fanagoriya-cru-lermont-rubinovyy-magaracha-krasnoe-suhoe-13	Cru Lermont Рубиновый Магарача	Фанагория	Красное	Кубань	Рубиновый Магарача	indexed	dataset/prod-svoe-vino-1/uploads/fanagoriya_cru_lermont_rubinovyy_magaracha_krasnoe_suhoe_13_7011e81450.webp
fanagoriya-cru-lermont-saperavi-saperavi-krasnoe-suhoe-135	Cru Lermont Saperavi	Фанагория	Красное	Кубань	Саперави	indexed	dataset/prod-svoe-vino-1/uploads/fanagoriya_cru_lermont_saperavi_saperavi_krasnoe_suhoe_135_d3b22976a5.webp
fanagoriya-dekanter-chardonnay-2020-shardone-beloe-suhoe-135	Декантер Chardonnay 2020	Фанагория	Белое	Кубань	Шардоне	indexed	dataset/prod-svoe-vino-1/uploads/fanagoriya_dekanter_chardonnay_2020_shardone_beloe_suhoe_135_b72982bc7e.webp
fanagoriya-dekanter-formula-q-kaberne-sovinon-krasnoe-suhoe-135	Декантер. Формула Q	Фанагория	Красное	Кубань	Каберне Совиньон, Красностоп, Мерло, Саперави	indexed	dataset/prod-svoe-vino-1/uploads/fanagoriya_dekanter_formula_q_kaberne_sovinon_krasnoe_suhoe_135_f3b19bcb8e.webp
fanagoriya-dekanter-kaberne-fran-2019-krasnoe-suhoe-13	Декантер. Каберне Фран 2019	Фанагория	Красное	Кубань	Каберне Фран	indexed	dataset/prod-svoe-vino-1/uploads/fanagoriya_dekanter_kaberne_fran_2019_krasnoe_suhoe_13_0b28b4ba5d.webp
fanagoriya-dekanter-kaberne-sovinon-2018-krasnoe-suhoe-14	Декантер. Каберне Совиньон 2018	Фанагория	Красное	Кубань	Каберне Совиньон	indexed	dataset/prod-svoe-vino-1/uploads/fanagoriya_dekanter_kaberne_sovinon_2018_krasnoe_suhoe_14_fefe5a3d2b.webp
fanagoriya-dekanter-merlo-2018-krasnoe-suhoe-14	Декантер. Мерло 2018	Фанагория	Красное	Кубань	Мерло	indexed	dataset/prod-svoe-vino-1/uploads/fanagoriya_dekanter_merlo_2018_krasnoe_suhoe_14_5bd81e96ca.webp
fanagoriya-dekanter-pino-nuar-2020-krasnoe-suhoe-135	Декантер. Пино нуар 2020	Фанагория	Красное	Кубань	Пино Нуар	indexed	dataset/prod-svoe-vino-1/uploads/fanagoriya_dekanter_pino_nuar_2020_krasnoe_suhoe_135_7e07c8dd79.webp
fanagoriya-dekanter-riesling-2020-risling-reynskiy-beloe-suhoe-13	Декантер Riesling 2020	Фанагория	Белое	Кубань	Рислинг Рейнский	indexed	dataset/prod-svoe-vino-1/uploads/fanagoriya_dekanter_riesling_2020_risling_reynskiy_beloe_suhoe_13_501205987a.webp
fanagoriya-dekanter-rkatsiteli-2019-beloe-suhoe-135	Декантер. Ркацители 2019	Фанагория	Белое	Кубань	Ркацители	indexed	dataset/prod-svoe-vino-1/uploads/fanagoriya_dekanter_rkatsiteli_2019_beloe_suhoe_135_e7a61d6050.webp
fanagoriya-dekanter-saperavi-2017-krasnoe-suhoe-135	Декантер. Саперави 2017	Фанагория	Красное	Кубань	Саперави	indexed	dataset/prod-svoe-vino-1/uploads/fanagoriya_dekanter_saperavi_2017_krasnoe_suhoe_135_1eb1ee94fa.webp
fanagoriya-fanagoria-extra-brut-rose-2019-pino-nuar-igristoe-bryut-rozovoe-ekstra-bryut-12	Fanagoria Extra Brut Rose 2019	Фанагория	Розовое	Кубань	Пино Нуар, Шардоне	indexed	dataset/prod-svoe-vino-1/uploads/fanagoriya_fanagoria_extra_brut_rose_2019_pino_nuar_igristoe_bryut_rozovoe_ekstra_bryut_12_aef88041a9.webp
fanagoriya-fanagoriya-blanc-de-blancs-beloe-iz-belogo-shardone-igristoe-bryut-beloe-11-13	Фанагория. Blanc de Blancs. Белое из белого	Фанагория	Белое	Кубань	Шардоне	indexed	dataset/prod-svoe-vino-1/uploads/fanagoriya_fanagoriya_blanc_de_blancs_beloe_iz_belogo_shardone_igristoe_bryut_beloe_11_13_2387906571.webp
fanagoriya-fanagoriya-blanc-de-noirs-beloe-iz-chyornogo-merlo-igristoe-bryut-beloe-11-13	Фанагория. Blanc de Noirs. Белое из чёрного	Фанагория	Белое	Кубань	Мерло, Пино Нуар	indexed	dataset/prod-svoe-vino-1/uploads/fanagoriya_fanagoriya_blanc_de_noirs_beloe_iz_chyornogo_merlo_igristoe_bryut_beloe_11_13_a4d16b3226.webp
fanagoriya-fanagoriya-bryut-beloe-sovinon-blan-igristoe-bryut-beloe-11-13	Фанагория. Брют белое	Фанагория	Белое	Кубань	Алиготе, Мерло, Пино Нуар, Рисус, Совиньон Блан, Шардоне	indexed	dataset/prod-svoe-vino-1/uploads/fanagoriya_fanagoriya_bryut_beloe_sovinon_blan_igristoe_bryut_beloe_11_13_3b08e056cc.webp
fanagoriya-fanagoriya-bryut-rozovoe-sovinon-blan-igristoe-bryut-rozovoe-11-13	Фанагория. Брют розовое	Фанагория	Розовое	Кубань	Мерло, Пино Нуар, Рисус, Совиньон Блан, Шардоне	indexed	dataset/prod-svoe-vino-1/uploads/fanagoriya_fanagoriya_bryut_rozovoe_sovinon_blan_igristoe_bryut_rozovoe_11_13_88695c0088.webp
fanagoriya-fanagoriya-hey-bey-shardone-beloe-suhoe-13	Фанагория Хей Бэй Шардоне	Фанагория	Белое	Кубань	Шардоне	not_indexed	
fanagoriya-fanagoriya-polusladkoe-rozovoe-sovinon-blan-krasnoe-11-13	Фанагория. Полусладкое розовое	Фанагория	Красное	Кубань	Мерло, Пино Нуар, Совиньон Блан, Шардоне	indexed	dataset/prod-svoe-vino-1/uploads/fanagoriya_fanagoriya_polusladkoe_rozovoe_sovinon_blan_krasnoe_11_13_f19a8f122b.webp
fanagoriya-fanagoriya-rose-de-noirs-roze-de-nuar-merlo-igristoe-bryut-rozovoe-11-13	Фанагория. Rose de Noirs. Розе де Нуар	Фанагория	Розовое	Кубань	Каберне Фран, Мерло	indexed	dataset/prod-svoe-vino-1/uploads/fanagoriya_fanagoriya_rose_de_noirs_roze_de_nuar_merlo_igristoe_bryut_rozovoe_11_13_b3db75f16b.webp
fanagoriya-fanagoriya-sakra-sennoy-krasnostop-krasnoe-suhoe-135	Фанагория Сакра Сенной	Фанагория	Красное	Кубань	Красностоп, Рубиновый Магарача, Саперави	indexed	dataset/prod-svoe-vino-1/uploads/fanagoriya_fanagoriya_sakra_sennoy_krasnostop_krasnoe_suhoe_135_f22347e4bd.webp
fanagoriya-formula-q-kaberne-sovinon-krasnoe-suhoe-135	Формула Q	Фанагория	Красное	Кубань	Каберне Совиньон	indexed	dataset/prod-svoe-vino-1/uploads/fanagoriya_formula_q_kaberne_sovinon_krasnoe_suhoe_vyderzhannoe_135_9d678f8cd7.webp
fanagoriya-formula-q-saperavi-krasnoe-suhoe-135	Formula Q	Фанагория	Красное	Кубань	Каберне Совиньон, Красностоп Золотовский, Мерло, Саперави	indexed	dataset/prod-svoe-vino-1/uploads/fanagoriya_formula_q_saperavi_krasnoe_suhoe_135_3ac72505f2.webp
fanagoriya-ice-wine-kaberne-kaberne-sovinon-krasnoe-sladkoe-11	Ice Wine Каберне	Фанагория	Красное	Кубань	Каберне Совиньон	indexed	dataset/prod-svoe-vino-1/uploads/fanagoriya_ice_wine_kaberne_kaberne_sovinon_krasnoe_sladkoe_11_d0c08332e8.webp
fanagoriya-ice-wine-merlo-rozovoe-sladkoe-10	Ice Wine Мерло розовое	Фанагория	Розовое	Кубань	Мерло	indexed	dataset/prod-svoe-vino-1/uploads/fanagoriya_ice_wine_merlo_rozovoe_sladkoe_10_f04efb1e6f.webp
fanagoriya-ice-wine-risling-tihoe-beloe-sladkoe-10	Ice Wine Рислинг тихое	Фанагория	Белое	Кубань	Рислинг	indexed	dataset/prod-svoe-vino-1/uploads/fanagoriya_ice_wine_risling_tihoe_beloe_sladkoe_10_fd6aaba610.webp
fanagoriya-ice-wine-saperavi-tihoe-krasnoe-sladkoe-10	Ice Wine Саперави тихое	Фанагория	Красное	Кубань	Саперави	indexed	dataset/prod-svoe-vino-1/uploads/fanagoriya_ice_wine_saperavi_tihoe_krasnoe_sladkoe_10_9c41c0131c.webp
fanagoriya-ledyanoe-vino-muskat-muskat-ottonel-beloe-sladkoe-11	Ледяное вино. Мускат	Фанагория	Белое	Кубань	Мускат Оттонель	indexed	dataset/prod-svoe-vino-1/uploads/fanagoriya_ledyanoe_vino_muskat_muskat_ottonel_beloe_sladkoe_11_b8c2ae7315.webp
fanagoriya-ona-skazala-da-beloe-bryut	Фанагория Она сказала Да! белое брют	Фанагория	Белое	Кубань	Пино Блан, Пино Гриджио, Шардоне	indexed	dataset/prod-svoe-vino-1/uploads/Fanagoriya_bryut_beloe_ona_skazala_da_7be00b028a.webp
fanagoriya-ona-skazala-da-beloe-polusladkoe	Фанагория Она сказала Да! белое полусладкое	Фанагория	Белое	Кубань	Мерло, Пино Нуар, Рислинг, Шардоне	indexed	dataset/prod-svoe-vino-1/uploads/Fanagoriya_beloe_polusladkoe_ona_skazala_da_5ed0a48dfd.webp
fanagoriya-par-amour-pervenets-magaracha-beloe-polusladkoe-105-125	Par Amour	Фанагория	Белое	Кубань	Бианка, Первенец Магарача	not_indexed	
fanagoriya-par-amour-pervenets-magaracha-beloe-polusuhoe-105-125	Par Amour	Фанагория	Белое	Кубань	Бианка, Первенец Магарача	not_indexed	
fanagoriya-par-amour-pervenets-magaracha-rozovoe-polusuhoe-105-125	Par Amour	Фанагория	Розовое	Кубань	Бианка, Каберне Совиньон, Первенец Магарача	not_indexed	
fanagoriya-par-amour-rubin-golodrigi-krasnoe-polusladkoe-105-125	Par Amour	Фанагория	Красное	Кубань	Мерло, Молдова, Рубин Голодриги	not_indexed	
fanagoriya-pelle-calda-saperavi-krasnoe-suhoe-155	Pelle Calda	Фанагория	Красное	Кубань	Саперави	indexed	dataset/prod-svoe-vino-1/uploads/fanagoriya_pelle_calda_saperavi_krasnoe_suhoe_155_9c9a89ab23.webp
fanagoriya-primum-alveus-blanc-de-blancs-2017-shardone-igristoe-bryut-beloe-12	Primum Alveus Blanc de Blancs 2017	Фанагория	Белое	Кубань	Шардоне	indexed	dataset/prod-svoe-vino-1/uploads/fanagoriya_primum_alveus_blanc_de_blancs_2017_shardone_igristoe_bryut_beloe_12_1cb2145fb9.webp
fanagoriya-primum-alveus-blanc-de-blancs-ekstra-bryut-2019-shardone-beloe-11-13	Primum Alveus Blanc De Blancs Экстра Брют 2019	Фанагория	Белое	Кубань	Шардоне	indexed	dataset/prod-svoe-vino-1/uploads/fanagoriya_primum_alveus_blanc_de_blancs_ekstra_bryut_2019_shardone_beloe_11_13_8a2416fff5.webp
fanagoriya-primum-alveus-blanc-de-noirs-meunier-ekstra-bryut-2019-mene-beloe-11-13	Primum Alveus. Blanc de Noirs. Meunier. Экстра брют 2019	Фанагория	Белое	Кубань	Менье	indexed	dataset/prod-svoe-vino-1/uploads/fanagoriya_primum_alveus_blanc_de_noirs_meunier_ekstra_bryut_2019_mene_beloe_11_13_5e42a8faca.webp
fanagoriya-primum-alveus-brut-2014-shardone-igristoe-bryut-beloe-12	Primum Alveus Brut 2014	Фанагория	Белое	Кубань	Менье, Пино Нуар, Шардоне	indexed	dataset/prod-svoe-vino-1/uploads/fanagoriya_primum_alveus_brut_2014_shardone_igristoe_bryut_beloe_12_9cc32014b2.webp
fanagoriya-primum-alveus-brut-2016-shardone-igristoe-bryut-beloe-12	Primum Alveus Brut 2016	Фанагория	Белое	Кубань	Менье, Пино Нуар, Шардоне	indexed	dataset/prod-svoe-vino-1/uploads/fanagoriya_primum_alveus_brut_2016_shardone_igristoe_bryut_beloe_12_003b2ef29a.webp
fanagoriya-primum-alveus-brut-2017-shardone-igristoe-bryut-beloe-12	Primum Alveus Brut 2017	Фанагория	Белое	Кубань	Менье, Пино Нуар, Шардоне	indexed	dataset/prod-svoe-vino-1/uploads/fanagoriya_primum_alveus_brut_2017_shardone_igristoe_bryut_beloe_12_40dd626204.webp
fanagoriya-primum-alveus-brut-2021-shardone-beloe-bryut-11-13	Primum Alveus. Brut 2021	Фанагория	Белое	Кубань	Менье, Пино Нуар, Шардоне	indexed	dataset/prod-svoe-vino-1/uploads/fanagoriya_primum_alveus_brut_2021_shardone_beloe_bryut_11_13_0f4e9e5d49.webp
fanagoriya-primum-alveus-bryut-2019-pino-nuar-igristoe-bryut-rozovoe-11-13	Primum Alveus. Брют 2019	Фанагория	Розовое	Кубань	Пино Нуар	indexed	dataset/prod-svoe-vino-1/uploads/fanagoriya_primum_alveus_bryut_2019_pino_nuar_igristoe_bryut_rozovoe_11_13_85e68acaf3.webp
fanagoriya-primum-alveus-ekstra-bryut-2017-pino-nuar-beloe-11-13	Primum Alveus. Экстра-брют 2017	Фанагория	Белое	Кубань	Менье, Пино Нуар, Шардоне	indexed	dataset/prod-svoe-vino-1/uploads/fanagoriya_primum_alveus_ekstra_bryut_2017_pino_nuar_beloe_11_13_278cb95a09.webp
fanagoriya-primum-alveus-extra-brut-2014-pino-nuar-beloe-bryut-12	Primum Alveus Extra Brut 2014	Фанагория	Белое	Кубань	Пино Нуар, Шардоне	indexed	dataset/prod-svoe-vino-1/uploads/fanagoriya_primum_alveus_extra_brut_2014_pino_nuar_beloe_bryut_12_06194497ba.webp
fanagoriya-primum-alveus-extra-brut-2016-shardone-beloe-bryut-12	Primum Alveus Extra Brut 2016	Фанагория	Белое	Кубань	Менье, Пино Нуар, Шардоне	indexed	dataset/prod-svoe-vino-1/uploads/fanagoriya_primum_alveus_extra_brut_2016_shardone_beloe_bryut_12_b865355639.webp
fanagoriya-primum-alveus-extra-brut-rose-2014-pino-nuar-rozovoe-bryut-12	Primum Alveus Extra Brut Rose 2014	Фанагория	Розовое	Кубань	Менье, Пино Нуар	indexed	dataset/prod-svoe-vino-1/uploads/fanagoriya_primum_alveus_extra_brut_rose_2014_pino_nuar_rozovoe_bryut_12_05917c9a77.webp
fanagoriya-q-blanc-sovinon-blan-beloe-suhoe-14	Q Blanc	Фанагория	Белое	Кубань	Алиготе, Совиньон Блан, Шардоне	indexed	dataset/prod-svoe-vino-1/uploads/fanagoriya_q_blanc_sovinon_blan_beloe_suhoe_14_0f9d610da3.webp
fanagoriya-q-bordeaux-blend-kaberne-sovinon-krasnoe-suhoe-135	Q Bordeaux Blend	Фанагория	Красное	Кубань	Каберне Совиньон, Каберне Фран, Мерло, Пти Вердо	indexed	dataset/prod-svoe-vino-1/uploads/fanagoriya_q_bordeaux_blend_kaberne_sovinon_krasnoe_suhoe_135_ab9142098e.webp
fanagoriya-rose-kaberne-fran-rozovoe-suhoe-13	Rose. Каберне Фран	Фанагория	Розовое	Кубань	Каберне Фран	indexed	dataset/prod-svoe-vino-1/uploads/fanagoriya_rose_kaberne_fran_rozovoe_suhoe_13_516a037cf7.webp
fanagoriya-rose-kaberne-sovinon-rozovoe-polusuhoe-13	Rose. Каберне Совиньон	Фанагория	Розовое	Кубань	Каберне Совиньон	indexed	dataset/prod-svoe-vino-1/uploads/fanagoriya_rose_kaberne_sovinon_rozovoe_polusuhoe_13_93945d7963.webp
fanagoriya-rose-saperavi-rozovoe-polusuhoe-125	Rose. Саперави	Фанагория	Розовое	Кубань	Саперави	indexed	dataset/prod-svoe-vino-1/uploads/fanagoriya_rose_saperavi_rozovoe_polusuhoe_125_79cbdac8e3.webp
fanagoriya-rs-noir-saperavi-krasnoe-polusladkoe-125	RS. Noir	Фанагория	Красное	Кубань	Саперави	indexed	dataset/prod-svoe-vino-1/uploads/fanagoriya_rs_noir_saperavi_krasnoe_polusladkoe_125_9b8002f11a.webp
fanagoriya-saqra-saperavi-krasnoe-suhoe-135	SAQRA	Фанагория	Красное	Кубань	Саперави	indexed	dataset/prod-svoe-vino-1/uploads/fanagoriya_saqra_saperavi_krasnoe_suhoe_vyderzhannoe_135_2bf601b1e4.webp
fanagoriya-solera-moscatel-oro-muskat-ottonel-beloe-suhoe-16	Solera. Moscatel Oro	Фанагория	Белое	Кубань	Мускат Оттонель	indexed	dataset/prod-svoe-vino-1/uploads/fanagoriya_solera_moscatel_oro_muskat_ottonel_beloe_suhoe_16_9b53f1b676.webp
fanagoriya-solera-porto-negro-saperavi-krasnoe-suhoe-15	Solera. Porto Negro	Фанагория	Красное	Кубань	Саперави	indexed	dataset/prod-svoe-vino-1/uploads/fanagoriya_solera_porto_negro_saperavi_krasnoe_suhoe_15_da8532cb52.webp
fanagoriya-solera-rkatsiteli-ambra-rkatsiteli-beloe-suhoe-15	Solera. Rkatsiteli Ambra	Фанагория	Белое	Кубань	Ркацители	indexed	dataset/prod-svoe-vino-1/uploads/fanagoriya_solera_rkatsiteli_ambra_rkatsiteli_beloe_suhoe_15_e7d1b39f59.webp
fanagoriya-solera-saperavi-ruby-saperavi-krasnoe-suhoe-16	Solera. Saperavi Ruby	Фанагория	Красное	Кубань	Каберне Совиньон, Рубин Голодриги, Саперави	indexed	dataset/prod-svoe-vino-1/uploads/fanagoriya_solera_saperavi_ruby_saperavi_krasnoe_suhoe_16_12e48bf206.webp
fanagoriya-sur-lie-chardonnay-shardone-beloe-suhoe-135	Sur Lie Chardonnay	Фанагория	Белое	Кубань	Шардоне	indexed	dataset/prod-svoe-vino-1/uploads/fanagoriya_sur_lie_chardonnay_shardone_beloe_suhoe_135_03450c562d.webp
fanagoriya-sur-lie-clairet-saperavi-krasnoe-suhoe-13	Sur Lie Clairet	Фанагория	Красное	Кубань	Каберне Совиньон, Каберне Фран, Саперави	indexed	dataset/prod-svoe-vino-1/uploads/fanagoriya_sur_lie_clairet_saperavi_krasnoe_suhoe_13_793f3ddcad.webp
fanagoriya-sur-lie-vi-vi-aligote-beloe-suhoe-125	Sur Lie Vi Vi	Фанагория	Белое	Кубань	Алиготе, Вионье, Рислинг	indexed	dataset/prod-svoe-vino-1/uploads/fanagoriya_sur_lie_vi_vi_aligote_beloe_suhoe_125_389d32e07e.webp
fanagoriya-tochka-saperavi-krasnoe-suhoe-14	Точка	Фанагория	Красное	Кубань	Саперави	indexed	dataset/prod-svoe-vino-1/uploads/fanagoriya_tochka_saperavi_krasnoe_suhoe_14_85b003f862.webp
fanagoriya-velvet-season-muskat-ottonel-beloe-sladkoe-13	Velvet Season	Фанагория	Белое	Кубань	Мускат Оттонель	not_indexed	
fanagoriya-velvet-season-risling-beloe-sladkoe-12	Velvet Season	Фанагория	Белое	Кубань	Рислинг	not_indexed	
fanagoriya-zelyonoe-vino-risling-tsitronnyy-magaracha-beloe-polusuhoe-11	Зелёное вино. Рислинг - Цитронный Магарача	Фанагория	Белое	Кубань	Рислинг, Цитронный Магарача	indexed	dataset/prod-svoe-vino-1/uploads/fanagoriya_zelyonoe_vino_risling_tsitronnyy_magaracha_beloe_polusuhoe_11_e4de13ab6b.webp
fanagoriya-zelyonoe-vino-risling-tsitronnyy-magaracha-merlo-rozovoe-polusuhoe-11	Зелёное вино. Рислинг - Цитронный Магарача - Мерло	Фанагория	Розовое	Кубань	Мерло, Рислинг, Цитронный Магарача	indexed	dataset/prod-svoe-vino-1/uploads/fanagoriya_zelyonoe_vino_risling_tsitronnyy_magaracha_merlo_rozovoe_polusuhoe_11_b750443919.webp
ferrum-winery-apollinary-merlo-krasnoe-suhoe-13	Apollinary	Ferrum Winery	Красное	Ставрополье	Мерло	indexed	dataset/prod-svoe-vino-1/uploads/ferrum_winery_apollinary_merlo_krasnoe_suhoe_13_335c7ed476.webp
ferrum-winery-kaberne-fran-krasnoe-suhoe-12	Каберне Фран	Ferrum Winery	Красное	Ставрополье	Каберне Фран	indexed	dataset/prod-svoe-vino-1/uploads/ferrum_winery_kaberne_fran_krasnoe_suhoe_12_9890e1cced.webp
ferrum-winery-merlot-merlo-krasnoe-suhoe-13	Merlot	Ferrum Winery	Красное	Ставрополье	Мерло	indexed	dataset/prod-svoe-vino-1/uploads/ferrum_winery_merlot_merlo_krasnoe_suhoe_13_bb60771e4b.webp
ferrum-winery-pinot-noir-pino-nuar-rozovoe-suhoe-13	Pinot Noir	Ferrum Winery	Розовое	Ставрополье	Пино Нуар	indexed	dataset/prod-svoe-vino-1/uploads/ferrum_winery_pinot_noir_pino_nuar_rozovoe_suhoe_13_a5380de052.webp
ferrum-winery-riesling-risling-reynskiy-beloe-suhoe-11	Riesling	Ferrum Winery	Белое	Ставрополье	Рислинг Рейнский	indexed	dataset/prod-svoe-vino-1/uploads/ferrum_winery_riesling_risling_reynskiy_beloe_suhoe_11_9421a33d82.webp
ferrum-winery-sabernet-sauvignon-cabernet-franc-kaberne-sovinon-krasnoe-suhoe-12	Сabernet Sauvignon - Cabernet Franc	Ferrum Winery	Красное	Ставрополье	Каберне Совиньон	indexed	dataset/prod-svoe-vino-1/uploads/ferrum_winery_sabernet_sauvignon_cabernet_franc_kaberne_sovinon_krasnoe_suhoe_12_89900c9039.webp
ferrum-winery-sabernet-sauvignon-kaberne-sovinon-krasnoe-suhoe-14	Сabernet Sauvignon	Ferrum Winery	Красное	Ставрополье	Каберне Совиньон	indexed	dataset/prod-svoe-vino-1/uploads/ferrum_winery_sabernet_sauvignon_kaberne_sovinon_krasnoe_suhoe_14_462b926187.webp
ferrum-winery-saperavi-saperavi-krasnoe-suhoe-12	Saperavi	Ferrum Winery	Красное	Ставрополье	Саперави	indexed	dataset/prod-svoe-vino-1/uploads/ferrum_winery_saperavi_saperavi_krasnoe_suhoe_12_38db68708e.webp
ferrum-winery-sovinon-blan-blush-beloe-suhoe-104	Совиньон Блан Blush	Ferrum Winery	Белое	Ставрополье	Совиньон Блан	indexed	dataset/prod-svoe-vino-1/uploads/ferrum_winery_sovinon_blan_blush_beloe_suhoe_104_f62ecc27db.webp
fioletovyj-rannij-petnat	Фиолетовый Ранний петнат	Гусевъ	Белое	Нижняя Волга	Фиолетовый ранний	not_indexed	
fiori-di-mare-krasnoe-polusuhoe	Fiori di Mare красное полусухое	Дербент Вино	Красное	Дагестан	Мерло, Молдова, Пино Нуар	indexed	dataset/prod-svoe-vino-1/uploads/Derbent_Vino_Fori_di_Mare_Di_Kaspiko_d67089804b.webp
gaj-kodzor-rusan	Гай-Кодзор Русан	Виноградники Гай-Кодзора	Белое	Кубань	Русан	indexed	dataset/prod-svoe-vino-1/uploads/Gai_Kodzor_Rusan_5381eb38cc.webp
gaj-kodzor-sovinon-blan	Гай-Кодзор Совиньон Блан	Виноградники Гай-Кодзора	Белое	Кубань	Совиньон Блан	indexed	dataset/prod-svoe-vino-1/uploads/Gai_Kodzor_Sovinon_blan_813e69be18.webp
gavras-areni-krasnoe-suhoe-13	Арени	GAVRAS	Красное	Крым	Арени	indexed	dataset/prod-svoe-vino-1/uploads/gavras_areni_krasnoe_suhoe_13_52b40d0436.webp
gavras-chardonnay-shardone-beloe-suhoe-13	Chardonnay	GAVRAS	Белое	Крым	Шардоне	indexed	dataset/prod-svoe-vino-1/uploads/gavras_chardonnay_shardone_beloe_suhoe_13_c69d79ea2c.webp
gavras-levokumskiy-krasnoe-suhoe-12	Левокумский	GAVRAS	Красное	Крым	Левокумский	indexed	dataset/prod-svoe-vino-1/uploads/gavras_levokumskiy_krasnoe_suhoe_12_48b24ef5e2.webp
gavras-masour-murvedr-rozovoe-suhoe-12	Masour	GAVRAS	Розовое	Крым	Мурведр	indexed	dataset/prod-svoe-vino-1/uploads/gavras_masour_murvedr_rozovoe_suhoe_12_9a98bd2fb0.webp
gavras-sira-krasnoe-suhoe-135	Сира	GAVRAS	Красное	Крым	Сира	indexed	dataset/prod-svoe-vino-1/uploads/gavras_sira_krasnoe_suhoe_135_2d49e01dbe.webp
glera-manno	Глера Манно	Мысхако	Белое	Кубань	Глера	not_indexed	
glu-glu-butch	Glu Glu Butch, 2022	WINEMAFIA	Красное	Кубань	Красностоп	indexed	dataset/prod-svoe-vino-2/uploads/Glu_Glu_Butch_16c03662bc.webp
glu-glu-mr-mouse-2022	Glu Glu Mr.Mouse, 2022	WINEMAFIA	Красное	Кубань	Саперави	indexed	dataset/prod-svoe-vino-2/uploads/glu_glu_mouse_3ef17a8f95.webp
glu-glu-samba	Glu Glu Samba, 2022	WINEMAFIA	Красное	Кубань	Каберне Совиньон	indexed	dataset/prod-svoe-vino-2/uploads/Glu_Glu_Samba_tif_1e45185066.webp
golubitskoe-estate-chardonnay	Golubitskoe Estate Chardonnay	Поместье Голубицкое	Белое	Кубань	Шардоне	not_indexed	
golubitskoe-estate-kaberne-sovinon-krasnoe-suhoe-137	Каберне Совиньон	Golubitskoe Estate	Красное	Кубань	Каберне Совиньон	indexed	dataset/prod-svoe-vino-2/uploads/golubitskoe_estate_kaberne_sovinon_krasnoe_suhoe_137_b1ceb967fd.webp
golubitskoe-estate-kaberne-sovinon-noble-selection-krasnoe-suhoe-133	Каберне Совиньон Noble Selection	Golubitskoe Estate	Красное	Кубань	Каберне Совиньон	indexed	dataset/prod-svoe-vino-2/uploads/golubitskoe_estate_kaberne_sovinon_noble_selection_krasnoe_suhoe_133_f0984d4c21.webp
golubitskoe-estate-kaberne-sovinon-rezerv-krasnoe-suhoe-125	Каберне Совиньон Резерв	Golubitskoe Estate	Красное	Кубань	Каберне Совиньон	not_indexed	
golubitskoe-estate-merlo-krasnoe-suhoe-135	Мерло	Golubitskoe Estate	Красное	Кубань	Мерло	indexed	dataset/prod-svoe-vino-2/uploads/golubitskoe_estate_merlo_krasnoe_suhoe_135_4cc0abb46d.webp
golubitskoe-estate-merlo-rezerv-krasnoe-suhoe-135	Мерло Резерв	Golubitskoe Estate	Красное	Кубань	Мерло	indexed	dataset/prod-svoe-vino-2/uploads/golubitskoe_estate_merlo_rezerv_krasnoe_suhoe_135_2a7849699b.webp
golubitskoe-estate-noble-selection-red-blend-kaberne-sovinon-krasnoe-suhoe-136	Noble Selection Red Blend	Golubitskoe Estate	Красное	Кубань	Каберне Совиньон	indexed	dataset/prod-svoe-vino-2/uploads/golubitskoe_estate_noble_selection_red_blend_kaberne_sovinon_krasnoe_suhoe_136_37a3acdce0.webp
golubitskoe-estate-noble-selection-white-blend-shardone-beloe-suhoe-135	Noble Selection White Blend	Golubitskoe Estate	Белое	Кубань	Шардоне	indexed	dataset/prod-svoe-vino-2/uploads/golubitskoe_estate_noble_selection_white_blend_shardone_beloe_suhoe_135_3e16d234be.webp
golubitskoe-estate-petnat-white-risling-reynskiy-beloe-suhoe-115	Петнат White	Golubitskoe Estate	Белое	Кубань	Рислинг Рейнский	indexed	dataset/prod-svoe-vino-2/uploads/golubitskoe_estate_petnat_white_risling_reynskiy_petnat_suhoy_belyy_115_e6d0ac50f9.webp
golubitskoe-estate-pino-nuar-rezerv-krasnoe-suhoe-132	Пино Нуар Резерв	Golubitskoe Estate	Красное	Кубань	Пино Нуар	indexed	dataset/prod-svoe-vino-2/uploads/golubitskoe_estate_pino_nuar_rezerv_krasnoe_suhoe_132_d93b15131f.webp
golubitskoe-estate-red-blend-kaberne-sovinon-krasnoe-suhoe-136	Red Blend	Golubitskoe Estate	Красное	Кубань	Каберне Совиньон	indexed	dataset/prod-svoe-vino-2/uploads/golubitskoe_estate_red_blend_kaberne_sovinon_krasnoe_suhoe_136_29c2847d36.webp
golubitskoe-estate-risling	Golubitskoe Estate Рислинг	Golubitskoe Estate	Белое	Кубань	Рислинг	not_indexed	
golubitskoe-estate-risling-beloe-suhoe-125	Рислинг	Golubitskoe Estate	Белое	Кубань	Рислинг	indexed	dataset/prod-svoe-vino-2/uploads/golubitskoe_estate_risling_beloe_suhoe_125_f232e3bdcb.webp
golubitskoe-estate-risling-oranzh-risling-reynskiy-oranzhevoe-suhoe-13	Рислинг Оранж	Golubitskoe Estate	Оранжевое	Кубань	Рислинг Рейнский	indexed	dataset/prod-svoe-vino-2/uploads/golubitskoe_estate_risling_oranzh_risling_reynskiy_oranzhevoe_suhoe_13_f1f3796561.webp
golubitskoe-estate-shardone-noble-selection-barrel-touch-beloe-suhoe-135	Шардоне Noble Selection Barrel Touch	Golubitskoe Estate	Белое	Кубань	Шардоне	indexed	dataset/prod-svoe-vino-2/uploads/golubitskoe_estate_shardone_noble_selection_barrel_touch_beloe_suhoe_135_306499740f.webp
golubitskoe-estate-shardone-rezerv-beloe-suhoe-135	Шардоне Резерв	Golubitskoe Estate	Белое	Кубань	Шардоне	not_indexed	
golubitskoe-estate-sovinon-blan-beloe-suhoe-11	Совиньон Блан	Golubitskoe Estate	Белое	Кубань	Совиньон Блан	indexed	dataset/prod-svoe-vino-2/uploads/golubitskoe_estate_sovinon_blan_beloe_suhoe_11_7236a859ce.webp
golubitskoe-estate-tte-de-cheval-blanc-de-blancs-shardone-beloe-bryut-12	Tête de Cheval Blanc de Blancs	Golubitskoe Estate	Белое	Кубань	Шардоне	not_indexed	
golubitskoe-estate-tte-de-cheval-bryut-risling-beloe-12	Tête de Cheval брют	Golubitskoe Estate	Белое	Кубань	Рислинг	not_indexed	
golubitskoe-estate-tte-de-cheval-reserve-risling-beloe-bryut-125	Tête de Cheval Reserve	Golubitskoe Estate	Белое	Кубань	Рислинг	indexed	dataset/prod-svoe-vino-2/uploads/golubitskoe_estate_tte_de_cheval_reserve_risling_igristoe_bryut_beloe_125_35e3a92939.webp
golubitskoe-estate-tte-de-cheval-zero-dosage-ekstra-bryut-sovinon-blan-beloe-12	Tête de Cheval Zero Dosage Экстра брют	Golubitskoe Estate	Белое	Кубань	Совиньон Блан	indexed	dataset/prod-svoe-vino-2/uploads/golubitskoe_estate_tte_de_cheval_zero_dosage_ekstra_bryut_sovinon_blan_igristoe_ekstra_bryut_beloe_12_9438066f79.webp
golubitskoe-estate-tte-de-chevall-roze-pino-nuar-rozovoe-bryut-12	Tête de Chevall розе	Golubitskoe Estate	Розовое	Кубань	Пино Нуар	indexed	dataset/prod-svoe-vino-2/uploads/golubitskoe_estate_tte_de_chevall_roze_pino_nuar_igristoe_bryut_rozovoe_12_6482e84b25.webp
golubitskoe-estate-winery-series-pino-nuar-rozovoe-suhoe-115	Winery Series. Пино Нуар	Golubitskoe Estate	Розовое	Кубань	Пино Нуар	indexed	dataset/prod-svoe-vino-2/uploads/golubitskoe_estate_winery_series_pino_nuar_rozovoe_suhoe_115_98c49c99e9.webp
golubitskoe-estate-winery-series-risling-reynskiy-beloe-suhoe-125	Winery Series. Рислинг Рейнский	Golubitskoe Estate	Белое	Кубань	Рислинг Рейнский	indexed	dataset/prod-svoe-vino-2/uploads/golubitskoe_estate_winery_series_risling_reynskiy_beloe_suhoe_125_330c75ae53.webp
golubitskoe-estate-winery-series-roze-blend-kaberne-sovinon-rozovoe-suhoe-117	Winery Series. Розе бленд	Golubitskoe Estate	Розовое	Кубань	Каберне Совиньон	indexed	dataset/prod-svoe-vino-2/uploads/golubitskoe_estate_winery_series_roze_blend_kaberne_sovinon_rozovoe_suhoe_117_caa738d581.webp
golubitskoe-rose	Golubitskoe Rose	Поместье Голубицкое	Розовое	Кубань	Каберне Совиньон, Мерло, Пино Гриджио, Пино Нуар	indexed	dataset/prod-svoe-vino-2/uploads/Golubitskoe_Estate_Rose_84adcc1cea.webp
good-steak-cabernet	Good Steak Cabernet	Olymp Winery	Красное	Кубань	Каберне Совиньон	indexed	dataset/prod-svoe-vino-2/uploads/Good_Steak_Cabernet_d88ef34cad.webp
good-steak-merlot	Good Steak Merlot	Olymp Winery	Красное	Кубань	Мерло	indexed	dataset/prod-svoe-vino-2/uploads/Good_Steak_Merlot_2fe4acd615.webp
grand-jete-blanc-de-blancs	Grand Jete Blanc de Blancs	Галицкий и Галицкий	Белое	Кубань	Шардоне	not_indexed	
grand-jete-blanc-de-noirs	Grand Jete Blanc de Noirs	Галицкий и Галицкий	Белое	Кубань	Пино Нуар	not_indexed	
grand-jete-cuvee	Grand Jete Cuvee	Галицкий и Галицкий	Белое	Кубань	Пино Нуар, Шардоне	not_indexed	
grand-jete-rose	Grand Jete Rose	Галицкий и Галицкий	Розовое	Кубань	Пино Нуар, Цимлянский черный	not_indexed	
grand-kyuve	Гранд Кюве	Скалистый берег	Белое	Кубань	Пино Нуар, Шардоне	not_indexed	
green-cape-risling	Green Cape Рислинг	Мысхако	Белое	Кубань	Рислинг, Ркацители	not_indexed	
green-cape-sovinon-blan	Green Cape Совиньон Блан	Мысхако	Белое	Кубань	Совиньон Блан	not_indexed	
gunko-winery-blanc-de-blancs-shardone-beloe-bryut-12	Blanc de Blancs	Gunko Winery	Белое	Кубань	Шардоне	indexed	dataset/prod-svoe-vino-2/uploads/gunko_winery_blanc_de_blancs_shardone_igristoe_bryut_beloe_12_ed1875c4fa.webp
gunko-winery-bryut-roze-pino-nuar-rozovoe-12	Брют розе	Gunko Winery	Розовое	Кубань	Пино Нуар	indexed	dataset/prod-svoe-vino-2/uploads/gunko_winery_bryut_roze_pino_nuar_igristoe_bryut_rozovoe_12_09f00ed0d1.webp
gunko-winery-kaberne-fran-gunko-winery-krasnoe-suhoe-135	Каберне Фран Gunko Winery	Gunko Winery	Красное	Кубань	Каберне Фран	indexed	dataset/prod-svoe-vino-2/uploads/gunko_winery_kaberne_fran_gunko_winery_krasnoe_suhoe_135_aa5f643dca.webp
gunko-winery-krasnye-gliny-kaberne-fran-krasnoe-suhoe-14	Красные Глины	Gunko Winery	Красное	Кубань	Каберне Фран	indexed	dataset/prod-svoe-vino-2/uploads/gunko_winery_krasnye_gliny_kaberne_fran_krasnoe_suhoe_14_8b48e4bcbe.webp
gunko-winery-malbek-krasnoe-suhoe-14	Мальбек	Gunko Winery	Красное	Кубань	Мальбек	indexed	dataset/prod-svoe-vino-2/uploads/gunko_winery_malbek_krasnoe_suhoe_14_1944604a52.webp
gunko-winery-monumental-bryut-shardone-beloe-12	Monumental брют	Gunko Winery	Белое	Кубань	Шардоне	indexed	dataset/prod-svoe-vino-2/uploads/gunko_winery_monumental_bryut_shardone_igristoe_bryut_beloe_12_e0ca0a9975.webp
gunko-winery-monumental-saperavi-krasnoe-suhoe-145	Monumental Саперави	Gunko Winery	Красное	Кубань	Саперави	indexed	dataset/prod-svoe-vino-2/uploads/gunko_winery_monumental_saperavi_krasnoe_suhoe_145_6e796e0d26.webp
gunko-winery-risling-beloe-suhoe-135	Рислинг	Gunko Winery	Белое	Кубань	Рислинг	indexed	dataset/prod-svoe-vino-2/uploads/gunko_winery_risling_beloe_suhoe_135_6242067443.webp
gunko-winery-risling-rezerv-beloe-suhoe-135	Рислинг резерв	Gunko Winery	Белое	Кубань	Рислинг	indexed	dataset/prod-svoe-vino-2/uploads/gunko_winery_risling_rezerv_beloe_suhoe_135_e2e2bb75a2.webp
gunko-winery-roze-kaberne-fran-rozovoe-suhoe-135	Розе	Gunko Winery	Розовое	Кубань	Каберне Фран	indexed	dataset/prod-svoe-vino-2/uploads/gunko_winery_roze_kaberne_fran_rozovoe_suhoe_135_59dd0bac47.webp
gunko-winery-saperavi-gunko-winery-krasnoe-suhoe-135	Саперави Gunko Winery	Gunko Winery	Красное	Кубань	Саперави	indexed	dataset/prod-svoe-vino-2/uploads/gunko_winery_saperavi_gunko_winery_krasnoe_suhoe_135_530300631c.webp
gunko-winery-sovinon-blan-gunko-winery-beloe-suhoe-135	Совиньон Блан Gunko Winery	Gunko Winery	Белое	Кубань	Совиньон Блан	indexed	dataset/prod-svoe-vino-2/uploads/gunko_winery_sovinon_blan_gunko_winery_beloe_suhoe_135_018fec8f4b.webp
igristoe-krasnoe-sladkoe-czimlyanskoe	Игристое красное сладкое Цимлянское	Цимлянские вина	Красное	Долина Дона	Красностоп Золотовский, Молдова, Саперави	indexed	dataset/prod-svoe-vino-2/uploads/Igristoe_krasnoe_sladkoe_Czimlyanskoe_ea86054adf.webp
igristoe-vino-bryut-beloe-di-caspico	Игристое вино брют белое Di Caspico	Дербент Вино	Белое	Дагестан	Алиготе, Рислинг, Шардоне	indexed	dataset/prod-svoe-vino-1/uploads/DK_bel_bryut_88b2830c23.webp
igristoe-vino-bryut-beloe-di-kaspiko-blan-de-blan-di-caspico-blanc-de-blancs	Ди Каспико Блан де Блан	Дербент Вино	Белое	Дагестан	Шардоне	not_indexed	
igristoe-vino-bryut-rozovoe-di-kaspiko-blan-de-nuar-di-caspico-blanc-de-noirs	Ди Каспико Блан де Нуар	Дербент Вино	Розовое	Дагестан	Каберне Совиньон	not_indexed	
igristoe-vino-ekstra-bryut-beloe-di-caspico	Игристое вино экстра брют белое Di Caspico	Дербент Вино	Белое	Дагестан	Первенец Магарача, Ркацители, Совиньон Блан	not_indexed	
igristoe-vino-endemy-bianka-bryut-beloe	Эндемы Бианка брют белое	Дербент Вино	Розовое	Дагестан	Бианка	not_indexed	
igristoe-vino-endemy-pino-blan-bryut-beloe	Эндемы Пино Блан брют белое	Дербент Вино	Белое	Дагестан	Пино Блан	not_indexed	
igristoe-zhemchuzhnoe-vino-polusladkoe-beloe-di-kaspiko-fiori-di-mare-di-caspico-fiori-di-mare	"Игристое жемчужное вино полусладкое белое ""Ди Каспико Фиори ди Маре"" (Di Caspico Fiori di Mare)"	Дербент Вино	Белое	Дагестан	Цитронный Магарача	indexed	dataset/prod-svoe-vino-1/uploads/bel_plsl_16457d7b78.webp
igristoe-zhemchuzhnoe-vino-polusladkoe-rozovoe-di-kaspiko-fiori-di-mare-di-caspico-fiori-di-mare	"Игристое жемчужное вино полусладкое розовое ""Ди Каспико Фиори ди Маре"" (Di Caspico Fiori di Mare)"	Дербент Вино	Розовое	Дагестан	Пино Нуар	not_indexed	
igristoe-zhemchuzhnoe-vino-polusuhoe-krasnoe-di-kaspiko-fiori-di-mare-di-caspico-fiori-di-mare	"Игристое жемчужное вино полусухое красное ""Ди Каспико Фиори ди Маре"" (Di Caspico Fiori di Mare)"	Дербент Вино	Красное	Дагестан		not_indexed	
imenie-sikory-gerts-kaberne-sovinon-krasnoe-suhoe-14	Герцъ	Имение Сикоры	Красное	Кубань	Каберне Совиньон	indexed	dataset/prod-svoe-vino-2/uploads/imenie_sikory_gerts_kaberne_sovinon_krasnoe_suhoe_vyderzhannoe_14_c875bac299.webp
imenie-sikory-gerts-sikory-kaberne-sovinon-krasnoe-suhoe-14	Герцъ Сикоры	Имение Сикоры	Красное	Кубань	Каберне Совиньон, Каберне Фран, Красностоп Золотовский, Мерло	indexed	dataset/prod-svoe-vino-2/uploads/imenie_sikory_gerts_sikory_kaberne_sovinon_krasnoe_suhoe_14_2dc7c653fd.webp
imenie-sikory-kaberne-fran-roze-rozovoe-suhoe-13	Каберне Фран розе	Имение Сикоры	Розовое	Кубань	Каберне Фран	indexed	dataset/prod-svoe-vino-2/uploads/imenie_sikory_kaberne_fran_roze_rozovoe_suhoe_13_4f0044a40b.webp
imenie-sikory-kaberne-fran-sikory-rozovoe-suhoe-13	Каберне Фран Сикоры	Имение Сикоры	Розовое	Кубань	Каберне Фран	indexed	dataset/prod-svoe-vino-2/uploads/imenie_sikory_kaberne_fran_sikory_rozovoe_suhoe_13_734a89a002.webp
imenie-sikory-kaberne-sovinon-semeynyy-rezerv-krasnoe-suhoe-14	Каберне Совиньон. Семейный Резерв	Имение Сикоры	Красное	Кубань	Каберне Совиньон	indexed	dataset/prod-svoe-vino-2/uploads/imenie_sikory_kaberne_sovinon_semeynyy_rezerv_krasnoe_suhoe_vyderzhannoe_14_dc4aa1ddb5.webp
imenie-sikory-krasnostop-zolotovskiy-na-terrasah-krasnoe-suhoe-14	Красностоп Золотовский. На террасах	Имение Сикоры	Красное	Кубань	Красностоп Золотовский	not_indexed	
imenie-sikory-krasnostop-zolotovskiy-na-terrasah-rozovoe-suhoe-13	Красностоп Золотовский. На террасах	Имение Сикоры	Розовое	Кубань	Красностоп Золотовский	not_indexed	
imenie-sikory-krasnostop-zolotovskiy-pozdniy-sbor-rozovoe-sladkoe-13	Красностоп Золотовский. Поздний сбор	Имение Сикоры	Розовое	Кубань	Красностоп Золотовский	indexed	dataset/prod-svoe-vino-2/uploads/imenie_sikory_krasnostop_zolotovskiy_pozdniy_sbor_rozovoe_sladkoe_13_305f6270ac.webp
imenie-sikory-merlo-semeynyy-rezerv-krasnoe-suhoe-14	Мерло. Семейный Резерв	Имение Сикоры	Красное	Кубань	Мерло	indexed	dataset/prod-svoe-vino-2/uploads/imenie_sikory_merlo_semeynyy_rezerv_krasnoe_suhoe_vyderzhannoe_14_ddcc4b5b79.webp
imenie-sikory-merlo-sikory-krasnoe-suhoe-13	Мерло Сикоры	Имение Сикоры	Красное	Кубань	Мерло	indexed	dataset/prod-svoe-vino-2/uploads/imenie_sikory_merlo_sikory_krasnoe_suhoe_13_962d1b82f9.webp
imenie-sikory-pino-nuar-semeynyy-rezerv-krasnoe-suhoe-14	Пино Нуар. Семейный резерв	Имение Сикоры	Красное	Кубань	Пино Нуар	indexed	dataset/prod-svoe-vino-2/uploads/imenie_sikory_pino_nuar_semeynyy_rezerv_krasnoe_suhoe_14_e1d961aa68.webp
imenie-sikory-pino-nuar-sikory-krasnoe-suhoe-14	Пино Нуар Сикоры	Имение Сикоры	Красное	Кубань	Пино Нуар	indexed	dataset/prod-svoe-vino-2/uploads/imenie_sikory_pino_nuar_sikory_krasnoe_suhoe_14_4a36d13ce1.webp
imenie-sikory-risling-pozdniy-sbor-beloe-sladkoe-13	Рислинг. Поздний сбор	Имение Сикоры	Белое	Кубань	Рислинг	indexed	dataset/prod-svoe-vino-2/uploads/imenie_sikory_risling_pozdniy_sbor_beloe_sladkoe_13_e60898ab3b.webp
imenie-sikory-risling-semeynyy-rezerv-beloe-suhoe-13	Рислинг. Семейный резерв	Имение Сикоры	Белое	Кубань	Рислинг	not_indexed	
imenie-sikory-risling-semeynyy-rezerv-risling-reynskiy-beloe-suhoe-13	Рислинг. Семейный Резерв	Имение Сикоры	Белое	Кубань	Рислинг Рейнский	not_indexed	
imenie-sikory-risling-sikory-beloe-suhoe-13	Рислинг Сикоры	Имение Сикоры	Белое	Кубань	Рислинг	indexed	dataset/prod-svoe-vino-2/uploads/imenie_sikory_risling_sikory_beloe_suhoe_13_08744b4e75.webp
imenie-sikory-semeynoe-nasledie-kaberne-sovinon-krasnoe-suhoe-14	Семейное Наследие	Имение Сикоры	Красное	Кубань	Каберне Совиньон	indexed	dataset/prod-svoe-vino-2/uploads/imenie_sikory_semeynoe_nasledie_kaberne_sovinon_krasnoe_suhoe_vyderzhannoe_14_acacce2336.webp
imenie-sikory-shardone-semeynyy-rezerv-beloe-suhoe-13	Шардоне. Семейный резерв	Имение Сикоры	Белое	Кубань	Шардоне	indexed	dataset/prod-svoe-vino-2/uploads/imenie_sikory_shardone_semeynyy_rezerv_beloe_suhoe_13_35f37fda1f.webp
imenie-sikory-shardone-sikory-beloe-suhoe-13	Шардоне Сикоры	Имение Сикоры	Белое	Кубань	Шардоне	indexed	dataset/prod-svoe-vino-2/uploads/imenie_sikory_shardone_sikory_beloe_suhoe_13_5bf321c065.webp
imenie-sikory-sovinon-blan-semeynyy-rezerv-beloe-suhoe-13	Совиньон Блан. Семейный резерв	Имение Сикоры	Белое	Кубань	Совиньон Блан	indexed	dataset/prod-svoe-vino-2/uploads/imenie_sikory_sovinon_blan_semeynyy_rezerv_beloe_suhoe_13_8902a3f131.webp
imenie-sikory-sovinon-blan-sikory-beloe-suhoe-13	Совиньон Блан Сикоры	Имение Сикоры	Белое	Кубань	Совиньон Блан	indexed	dataset/prod-svoe-vino-2/uploads/imenie_sikory_sovinon_blan_sikory_beloe_suhoe_13_534c3bb3a0.webp
inkerman-muskatnoe-beloe	Inkerman Мускатное белое	Инкерманский ЗМВ	Белое	Крым	Мускат Янтарный, Ркацители	not_indexed	
inkerman-shato-blan	Инкерман Шато Блан	Инкерманский ЗМВ	Белое	Крым	Алиготе	not_indexed	
inkerman-shato-ruzh	Inkerman Шато Руж	Инкерманский ЗМВ	Красное	Крым	Каберне Совиньон, Мерло, Пино Нуар	not_indexed	
inkermanskiy-zmv-inkerman-bryut-rkatsiteli-beloe-12	Инкерман Брют	Инкерманский ЗМВ	Белое	Крым	Кокур, Рислинг, Ркацители, Шардоне	not_indexed	
inkermanskiy-zmv-inkerman-bryut-shardone-beloe-135	Inkerman брют	Инкерманский ЗМВ	Белое	Крым	Шардоне	not_indexed	
inkermanskiy-zmv-inkerman-muskat-polusladkoe-beloe-13	Инкерман Мускат полусладкое	Инкерманский ЗМВ	Белое	Крым	Мускат	not_indexed	
inkermanskiy-zmv-inkerman-pino-blan-zero-dozazh-beloe-ekstra-bryut-12	Инкерман Пино Блан Зеро Дозаж	Инкерманский ЗМВ	Белое	Крым	Пино Блан	not_indexed	
inkermanskiy-zmv-inkerman-polusladkoe-rkatsiteli-beloe-13	Инкерман полусладкое	Инкерманский ЗМВ	Белое	Крым	Кокур, Рислинг, Ркацители, Шардоне	not_indexed	
inkermanskiy-zmv-inkerman-polusladkoe-roze-aligote-rozovoe-135	Inkerman полусладкое розе	Инкерманский ЗМВ	Розовое	Крым	Алиготе	not_indexed	
inkermanskiy-zmv-inkerman-roze-zero-dozazh-kokur-rozovoe-ekstra-bryut-12	Инкерман Розе Зеро Дозаж	Инкерманский ЗМВ	Розовое	Крым	Каберне Совиньон, Кокур, Мерло, Пино Нуар	not_indexed	
inkermanskiy-zmv-inkerman-rozovoe-polusladkoe-rkatsiteli-12	Инкерман Розовое полусладкое	Инкерманский ЗМВ	Розовое	Крым	Каберне Совиньон, Кокур, Мерло, Пино Нуар, Рислинг, Ркацители, Шардоне	not_indexed	
inkermanskiy-zmv-kokur-belyy-ekstra-bryut-beloe-135	Кокур Белый экстра брют	Инкерманский ЗМВ	Белое	Крым	Кокур Белый	not_indexed	
inkermanskiy-zmv-special-reserve-rkatsiteli-beloe-suhoe-13	Special Reserve. Ркацители	Инкерманский ЗМВ	Белое	Крым	Ркацители	not_indexed	
inkermanskiy-zmv-winemakers-selection-saperavi-krasnoe-polusladkoe-12	Winemaker's Selection Саперави	Инкерманский ЗМВ	Красное	Крым	Саперави	not_indexed	
ivan-ksenia-kruz-argonne-chardonay-shardone-beloe-suhoe-127	Argonne Chardonay	Ivan & Ksenia Kruz	Белое	Крым	Шардоне	not_indexed	
ivan-ksenia-kruz-argonne-pinot-noir-pino-nuar-rozovoe-suhoe-122	Argonne Pinot Noir	Ivan & Ksenia Kruz	Розовое	Крым	Пино Нуар	not_indexed	
ivan-ksenia-kruz-argonne-riesling-risling-beloe-suhoe-119	Argonne Riesling	Ivan & Ksenia Kruz	Белое	Крым	Рислинг	not_indexed	
ivan-ksenia-kruz-argonne-sauvignon-blanc-sovinon-blan-beloe-suhoe-115	Argonne Sauvignon Blanc	Ivan & Ksenia Kruz	Белое	Крым	Совиньон Блан	not_indexed	
ivan-ksenia-kruz-argonne-syrah-sira-krasnoe-suhoe-124	Argonne Syrah	Ivan & Ksenia Kruz	Красное	Крым	Сира	not_indexed	
jd_winery_kaberne_souvignon	Каберне Совиньон тихое	JD winery	Красное	Кубань	Каберне Совиньон	indexed	dataset/prod-svoe-vino-1/uploads/20260617_071733_Photoroom_31245772bb.webp
jd_winery_muskat_ottonel	Мускат Оттонель тихое	JD winery	Белое	Кубань	Мускат Оттонель	indexed	dataset/prod-svoe-vino-1/uploads/20260617_072415_Photoroom_6dda2f8425.webp
jd_winery_risling	Рислинг тихое	JD winery	Белое	Кубань	Рислинг	indexed	dataset/prod-svoe-vino-1/uploads/DJ_7074_done_c1541429c5.webp
jd_winery_risling_orange	Рислинг Оранж тихое	JD winery	Белое	Кубань	Рислинг	indexed	dataset/prod-svoe-vino-1/uploads/20260617_070147_Photoroom_2bf16b8d06.webp
jd_winery_shardone	Шардоне тихое	JD winery	Белое	Кубань	Шардоне	indexed	dataset/prod-svoe-vino-1/uploads/20260617_071051_Photoroom_58ca3070a8.webp
kaberne-avtorskoe-vino	Каберне. Авторское вино	Массандра	Красное	Крым	Каберне Совиньон	not_indexed	
kaberne-fran	Каберне Фран	Mantra Estate	Красное	Кубань	Каберне Фран	not_indexed	
kaberne-sovinon	Каберне Совиньон	Массандра	Красное	Крым	Каберне Совиньон	indexed	dataset/prod-svoe-vino-1/uploads/2202_v_UENI_49_2ae2376a1c.webp
kaberne-sovinon-1	Каберне Совиньон	Галицкий и Галицкий	Красное	Кубань	Каберне Совиньон	not_indexed	
kaberne-sovinon-2	Каберне Совиньон	Табия	Красное	Кубань	Каберне Совиньон	not_indexed	
kaberne-sovinon-appasimento	Каберне Совиньон Appassimento	Галицкий и Галицкий	Красное	Кубань	Каберне Совиньон	not_indexed	
kaffa-joy-malbec-glu-glu	Kaffa Joy Malbec Glu Glu	Золотое Поле	Красное	Крым	Мальбек	indexed	dataset/prod-svoe-vino-1/uploads/460110750288_no_bg_preview_carve_photos_613a90613e.webp
kaffa-joy-malvasia	Kaffa Joy Malvasia	Золотое Поле	Белое	Крым	Мальвазия	indexed	dataset/prod-svoe-vino-1/uploads/460110750290_no_bg_preview_carve_photos_97c4b5c7e5.webp
kaffa-joy-merlot-malbec	Kaffa Joy Merlot / Malbec	Золотое Поле	Розовое	Крым	Мальбек, Мерло	indexed	dataset/prod-svoe-vino-1/uploads/460110750289_no_bg_preview_carve_photos_4b52546c83.webp
kaffa-joy-rkatsiteli	Kaffa Joy Rkatsiteli	Золотое Поле	Белое	Крым	Ркацители	indexed	dataset/prod-svoe-vino-1/uploads/460110750287_no_bg_preview_carve_photos_d9a9b898cd.webp
karbon-glyu-2024	Карбон Глю, 2024	Коммуналка	Красное	Крым	Сира	indexed	dataset/prod-svoe-vino-1/uploads/DSC_09171_f04d8d1b64.webp
katharon-brut	Katharon Brut	KATHARON	Белое	Кубань	Цитронный Магарача	not_indexed	
katharon-katharon-brut-blanc-de-blan	Katharon: Brut (blanc de blan)	KATHARON	Белое	Кубань	Шардоне	not_indexed	
katharon-katharon-kaberne-fran	Katharon: Каберне Фран	KATHARON	Красное	Кубань	Каберне Фран	not_indexed	
katharon-katharon-merlo	Katharon: Мерло	KATHARON	Красное	Кубань	Мерло	not_indexed	
katharon-katharon-risling-suhoe	Katharon: Рислинг сухое	KATHARON	Белое	Кубань	Рислинг Рейнский	not_indexed	
katharon-katharon-shardone	Katharon: Шардоне	KATHARON	Белое	Кубань	Шардоне	not_indexed	
katharon-katharon-sovinon-blan	Katharon: Совиньон Блан	KATHARON	Белое	Кубань	Совиньон Блан	not_indexed	
katharon-mezenka-kaberne-fran	Мезенка: Каберне Фран	KATHARON	Красное	Кубань	Каберне Фран	not_indexed	
katharon-mezenka-kaberne-fran-merlo	Мезенка: Каберне Фран - Мерло	KATHARON	Розовое	Кубань	Каберне Фран, Мерло	not_indexed	
katharon-mezenka-merlo	Мезенка: Мерло	KATHARON	Красное	Кубань	Мерло	not_indexed	
katharon-mezenka-risling-polusuhoe	Мезенка: Рислинг полусухое	KATHARON	Белое	Кубань	Рислинг Рейнский	not_indexed	
katharon-mezenka-risling-suhoe	Мезенка: Рислинг сухое	KATHARON	Белое	Кубань	Рислинг Рейнский	not_indexed	
katharon-mezenka-sira	Мезенка: Сира	KATHARON	Красное	Кубань	Сира	not_indexed	
katharon-mezenka-sovinon-blan	Мезенка: Совиньон Блан	KATHARON	Белое	Кубань	Совиньон Блан	not_indexed	
katharon-semi-sweet	Katharon Semi-Sweet	KATHARON	Белое	Кубань	Цитронный Магарача	indexed	dataset/prod-svoe-vino-1/uploads/2yfvayvay_83316bd121.webp
kd-kokur	KD Кокур	Винодельня Константина Дзитоева	Белое	Северная Осетия — Алания	Кокур	not_indexed	
khrustaleva-76-merlot-polusuhoe-rozovoe	Khrustaleva 76 merlot, полусухое, розовое	AYA Organic Wine & Vineyards	Розовое	Крым	Мерло	indexed	dataset/prod-svoe-vino-2/uploads/hrustaleva_polusuhoe_merlo_049054fb87.webp
khrustaleva-76-muscat-bryut-beloe	Khrustaleva 76 muscat, брют, белое	AYA Organic Wine & Vineyards	Белое	Крым	Мускат	indexed	dataset/prod-svoe-vino-2/uploads/hrustaleva_bryut_muskat_314381c682.webp
khrustaleva-76-muscat-polusladkoe-beloe	Khrustaleva 76 muscat, полусладкое, белое	AYA Organic Wine & Vineyards	Белое	Крым	Мускат	indexed	dataset/prod-svoe-vino-2/uploads/hrustaleva_semi_svit_muskat_8fa1427352.webp
koktebel-casa-belyj-kupazh	Коктебель Casa белый купаж	ЗМВ Коктебель	Белое	Крым	Алиготе, Кокур Белый, Ркацители	not_indexed	
kokur-2025	Кокур, 2025	Винодельня Братьев Мельниковых	Белое	Крым	Кокур	not_indexed	
kokur-avtorskoe	Кокур Авторское	Массандра	Белое	Крым	Кокур Белый	indexed	dataset/prod-svoe-vino-1/uploads/4287_Y_Ch_P_Nz3_no_bg_preview_carve_photos_5f55816077.webp
kokur-premium	Кокур Премиум	Массандра	Белое	Крым	Кокур Белый	indexed	dataset/prod-svoe-vino-1/uploads/4291_pif_Lu_Yu_no_bg_preview_carve_photos_d891f6036d.webp
kokur-suhoe	Кокур сухое	Массандра	Белое	Крым	Кокур	not_indexed	
kokur-suhoe-2025	Кокур Сухое, 2025	Винодельня Братьев Мельниковых	Белое	Крым	Кокур	not_indexed	
koldun-beloe-suhoe	Колдун белое сухое	Шато Пино	Белое	Кубань	Пино Гриджио, Рислинг, Шардоне	not_indexed	
krasnostop-shato-taman	Красностоп. Шато Тамань	Кубань-Вино	Розовое	Кубань	Красностоп Анапский	not_indexed	
krasnostop-zolotovskij	Красностоп Золотовский	Галицкий и Галицкий	Красное	Кубань	Красностоп Золотовский	not_indexed	
kuban-vino-aristov-8-byanko-07-shardone-beloe-suhoe-8	Аристов 8 Бьянко 0.7	Кубань-Вино	Белое	Кубань	Шардоне	not_indexed	
kuban-vino-aristov-8-byanko-shardone-beloe-suhoe-8	Аристов 8 Бьянко	Кубань-Вино	Белое	Кубань	Шардоне	not_indexed	
kuban-vino-aristov-8-roze-07-merlo-rozovoe-suhoe-8	Аристов 8 Розе 0.7	Кубань-Вино	Розовое	Кубань	Мерло	not_indexed	
kuban-vino-aristov-8-roze-merlo-rozovoe-suhoe-8	Аристов 8 Розе	Кубань-Вино	Розовое	Кубань	Мерло	not_indexed	
kuban-vino-aristov-amata-byanko-shardone-beloe-suhoe-125	Аристов Амата Бьянко	Кубань-Вино	Белое	Кубань	Шардоне	not_indexed	
kuban-vino-aristov-amata-rosso-kaberne-sovinon-krasnoe-suhoe-145	Аристов Амата Россо	Кубань-Вино	Красное	Кубань	Каберне Совиньон	not_indexed	
kuban-vino-aristov-amata-roze-kaberne-sovinon-rozovoe-suhoe-13	Аристов Амата Розе	Кубань-Вино	Розовое	Кубань	Каберне Совиньон	not_indexed	
kuban-vino-aristov-anima-michela-2023-sandzhoveze-krasnoe-suhoe-115	Аристов Анима Мичела 2023	Кубань-Вино	Красное	Кубань	Каберне Совиньон, Мерло, Санджовезе	not_indexed	
kuban-vino-aristov-anima-pino-gridzhio-beloe-suhoe-12	Аристов Анима Пино Гриджио	Кубань-Вино	Белое	Кубань	Пино Гриджио	not_indexed	
kuban-vino-aristov-anima-pino-gridzhio-blash-rozovoe-suhoe-125	Аристов Анима Пино Гриджио Блаш	Кубань-Вино	Розовое	Кубань	Пино Гриджио	not_indexed	
kuban-vino-aristov-anima-pino-nero-sandzhoveze-pino-nuar-krasnoe-suhoe-125	Аристов Анима Пино Неро Санджовезе	Кубань-Вино	Красное	Кубань	Пино Нуар, Санджовезе	not_indexed	
kuban-vino-aristov-byanko-polusladkoe-shardone-beloe-13	Аристов Бьянко Полусладкое	Кубань-Вино	Белое	Кубань	Шардоне	not_indexed	
kuban-vino-aristov-byanko-shardone-beloe-suhoe-13	Аристов Бьянко	Кубань-Вино	Белое	Кубань	Шардоне	not_indexed	
kuban-vino-aristov-kaberne-sovinon-krasnoe-suhoe-13	Аристов Каберне Совиньон	Кубань-Вино	Красное	Кубань	Каберне Совиньон	not_indexed	
kuban-vino-aristov-kaberne-sovinon-roze-2020-rozovoe-suhoe-12	Аристов Каберне Совиньон Розе 2020	Кубань-Вино	Розовое	Кубань	Каберне Совиньон	not_indexed	
kuban-vino-aristov-kaberne-sovinon-roze-rozovoe-suhoe-12	Аристов Каберне Совиньон Розе	Кубань-Вино	Розовое	Кубань	Каберне Совиньон	not_indexed	
kuban-vino-aristov-kyuve-aleksandr-blanc-de-blancs-36-shardone-beloe-ekstra-bryut-12	Аристов. Кюве Александр Blanc de Blancs 36	Кубань-Вино	Белое	Кубань	Шардоне	not_indexed	
kuban-vino-aristov-kyuve-aleksandr-millezimato-shardone-beloe-ekstra-bryut-12	Аристов. Кюве Александр. Миллезимато	Кубань-Вино	Белое	Кубань	Шардоне	not_indexed	
kuban-vino-aristov-kyuve-aleksandr-rose-de-pinot-pino-nuar-rozovoe-ekstra-bryut-12	Аристов. Кюве Александр Rose de Pinot	Кубань-Вино	Розовое	Кубань	Пино Нуар	not_indexed	
kuban-vino-aristov-risling-beloe-suhoe-115	Аристов Рислинг	Кубань-Вино	Белое	Кубань	Рислинг	not_indexed	
kuban-vino-aristov-rosso-polusladkoe-saperavi-krasnoe-13	Аристов Россо Полусладкое	Кубань-Вино	Красное	Кубань	Саперави	not_indexed	
kuban-vino-aristov-sandzhoveze-krasnoe-suhoe-13	Аристов Санджовезе	Кубань-Вино	Красное	Кубань	Санджовезе	not_indexed	
kuban-vino-aristov-shardone-318-beloe-suhoe-115	Аристов Шардоне 318	Кубань-Вино	Белое	Кубань	Шардоне	not_indexed	
kuban-vino-aristov-tsvaygelt-320-rozovoe-suhoe-125	Аристов Цвайгельт 320	Кубань-Вино	Розовое	Кубань	Цвайгельт	not_indexed	
kuban-vino-aristov-verde-muskat-beloe-polusuhoe-11	Аристов Верде	Кубань-Вино	Белое	Кубань	Мускат	not_indexed	
kuban-vino-flyor-dyu-syud-blan-de-tamane-tsvetochnyy-beloe-suhoe-115	Флёр дю Сюд Блан де Тамань	Кубань-Вино	Белое	Кубань	Пино Блан, Траминер Розовый, Цветочный	not_indexed	
kuban-vino-flyor-dyu-syud-roze-de-tamane-traminer-rozovyy-rozovoe-suhoe-125	Флёр дю Сюд Розе де Тамань	Кубань-Вино	Розовое	Кубань	Каберне Совиньон, Траминер Розовый	not_indexed	
kuban-vino-flyor-dyu-syud-ruzh-de-tamane-rubin-golodrigi-krasnoe-suhoe-12	Флёр дю Сюд Руж де Тамань	Кубань-Вино	Красное	Кубань	Красностоп Анапский, Рубин Голодриги	not_indexed	
kuban-vino-kaberne-de-tamane-kaberne-sovinon-krasnoe-suhoe-125	Каберне де Тамань	Кубань-Вино	Красное	Кубань	Каберне Совиньон	not_indexed	
kuban-vino-krasnostop-de-tamane-krasnostop-anapskiy-krasnoe-suhoe-13	Красностоп де Тамань	Кубань-Вино	Красное	Кубань	Красностоп Анапский	not_indexed	
kuban-vino-saperavi-de-tamane-krasnoe-suhoe-125	Саперави де Тамань	Кубань-Вино	Красное	Кубань	Саперави	not_indexed	
kuban-vino-shato-tamane-aligote-beloe-suhoe-13	Шато Тамань Алиготе	Кубань-Вино	Белое	Кубань	Алиготе	not_indexed	
kuban-vino-shato-tamane-delikeyt-roze-2024-bianka-rozovoe-suhoe-95	Шато Тамань Деликейт Розе 2024	Кубань-Вино	Розовое	Кубань	Бианка, Каберне Совиньон, Шардоне	not_indexed	
kuban-vino-shato-tamane-rezerv-kaberne-limited-edishn-2015-kaberne-sovinon-krasnoe-suhoe-13	Шато Тамань Резерв Каберне Лимитед Эдишн 2015	Кубань-Вино	Красное	Кубань	Каберне Совиньон	not_indexed	
kuban-vino-shato-tamane-rezerv-kaberne-limited-edishn-2022-kaberne-sovinon-krasnoe-suhoe-14	Шато Тамань Резерв Каберне Лимитед Эдишн 2022	Кубань-Вино	Красное	Кубань	Каберне Совиньон	not_indexed	
kuban-vino-shato-tamane-rezerv-kollekshn-saperavi-2015-krasnoe-suhoe-13	Шато Тамань Резерв Коллекшн Саперави 2015	Кубань-Вино	Красное	Кубань	Саперави	not_indexed	
kuban-vino-shato-tamane-rezerv-kollekshn-shardone-beloe-suhoe-125	Шато Тамань Резерв Коллекшн Шардоне	Кубань-Вино	Белое	Кубань	Шардоне	not_indexed	
kuban-vino-shato-tamane-rezerv-krasnostop-krasnostop-anapskiy-krasnoe-suhoe-135	Шато Тамань Резерв Красностоп	Кубань-Вино	Красное	Кубань	Красностоп Анапский	not_indexed	
kuban-vino-shato-tamane-rezerv-merlo-limited-edishn-2018-krasnoe-suhoe-125	Шато Тамань Резерв Мерло Лимитед Эдишн 2018	Кубань-Вино	Красное	Кубань	Мерло	not_indexed	
kuban-vino-shato-tamane-rezerv-myuller-turgau-limited-edishn-2021-beloe-suhoe-12	Шато Тамань Резерв Мюллер-Тургау Лимитед Эдишн 2021	Кубань-Вино	Белое	Кубань	Мюллер-Тургау	not_indexed	
kuban-vino-shato-tamane-rezerv-myuller-turgau-limited-edishn-beloe-suhoe-13	Шато Тамань Резерв Мюллер-Тургау Лимитед Эдишн	Кубань-Вино	Белое	Кубань	Мюллер-Тургау	not_indexed	
kuban-vino-shato-tamane-rezerv-premer-ruzh-kaberne-sovinon-krasnoe-suhoe-13	Шато Тамань Резерв Премьер Руж	Кубань-Вино	Красное	Кубань	Каберне Совиньон, Мерло, Саперави	not_indexed	
kuban-vino-shato-tamane-rezerv-red-blend-kaberne-sovinon-krasnoe-suhoe-125	Шато Тамань Резерв Ред Бленд	Кубань-Вино	Красное	Кубань	Каберне Совиньон, Красностоп Анапский	not_indexed	
kuban-vino-shato-tamane-rkatsiteli-myuller-turgau-shardone-2025-beloe-suhoe-12	Шато Тамань Ркацители-Мюллер Тургау-Шардоне 2025	Кубань-Вино	Белое	Кубань	Мюллер-Тургау, Ркацители, Шардоне	not_indexed	
kuban-vino-shato-tamane-ruzh-2023-tsvaygelt-krasnoe-suhoe-12	Шато Тамань Руж 2023	Кубань-Вино	Красное	Кубань	Саперави, Цвайгельт	not_indexed	
kuban-vino-shato-tamane-selekt-oranzh-tsitronnyy-magaracha-oranzhevoe-suhoe-135	Шато Тамань Селект Оранж	Кубань-Вино	Оранжевое	Кубань	Цитронный Магарача	not_indexed	
kuban-vino-shato-tamane-selekt-ruzh-saperavi-krasnoe-suhoe-125	Шато Тамань Селект Руж	Кубань-Вино	Красное	Кубань	Каберне Совиньон, Саперави	not_indexed	
kuban-vino-shato-tamane-shardone-beloe-suhoe-12	Шато Тамань Шардоне	Кубань-Вино	Белое	Кубань	Шардоне	not_indexed	
kuban-vino-shato-tamane-terruar-krasnostop-saperavi-2022-krasnoe-suhoe-125	Шато Тамань Терруар Красностоп-Саперави 2022	Кубань-Вино	Красное	Кубань	Красностоп, Саперави	not_indexed	
kuban-vino-shato-tamane-terruar-krasnostop-saperavi-2023-krasnoe-suhoe-125	Шато Тамань Терруар Красностоп-Саперави 2023	Кубань-Вино	Красное	Кубань	Красностоп, Саперави	not_indexed	
kuban-vino-vysokiy-bereg-grafit-roze-kaberne-sovinon-rozovoe-suhoe-12	Высокий Берег Графит Розе	Кубань-Вино	Розовое	Кубань	Каберне Совиньон	not_indexed	
kuban-vino-vysokiy-bereg-merlo-krasnoe-suhoe-135	Высокий Берег Мерло	Кубань-Вино	Красное	Кубань	Мерло	not_indexed	
kuban-vino-vysokiy-bereg-myuller-turgau-beloe-suhoe-13	Высокий Берег Мюллер-Тургау	Кубань-Вино	Белое	Кубань	Мюллер-Тургау	not_indexed	
kyuve-czimlyanskij-chernyj-i-krasnostop-zolotoj	Кюве Цимлянский черный и Красностоп золотовский	Цимлянские вина	Красное	Долина Дона	Красностоп Золотовский, Цимлянский черный	indexed	dataset/prod-svoe-vino-1/uploads/Czimlyanskoe_kyuve_krasnoe_krasnostop_i_czimlyanskij_chernyj_d1e86bb6b6.webp
le-general-hiver	Le General Hiver	Галицкий и Галицкий	Белое	Кубань	Рислинг	not_indexed	
le-k2-kamenolomnya-sira-krasnoe-suhoe-145	Каменоломня	Le K2	Красное	Крым	Сира	not_indexed	
le-k2-pino-nuar-pi-krasnoe-suhoe-133	Пино нуар Пи	Le K2	Красное	Крым	Пино Нуар	not_indexed	
le-k2-temnaya-roza-sira-rozovoe-suhoe-13	Темная роза	Le K2	Розовое	Крым	Коломбар, Сира	not_indexed	
le-k2-v-glubine-shardone-beloe-suhoe-13	В Глубине	Le K2	Белое	Крым	Шардоне	not_indexed	
le-k2-v-tumane-sovinon-blan-beloe-suhoe-127	В тумане	Le K2	Белое	Крым	Совиньон Блан	not_indexed	
le-k2-v-tumane-sovinon-blan-beloe-suhoe-13	В Тумане	Le K2	Белое	Крым	Совиньон Блан	not_indexed	
le-k2-vassal-risling-beloe-suhoe-14	Вассал	Le K2	Белое	Крым	Рислинг	not_indexed	
le-k2-vassal-risling-reynskiy-beloe-suhoe-14	Вассал	Le K2	Белое	Крым	Рислинг Рейнский	not_indexed	
lebedushka	Лебедушка	Le K2	Белое	Крым	Шардоне	indexed	dataset/prod-svoe-vino-2/uploads/image_04_08_26_12_58_1_5347234e15.webp
lefkadiya-beloe	Лефкадия Белое	Долина Лефкадия	Белое	Кубань	Марсан	not_indexed	
lefkadiya-krasnoe	Лефкадия Красное	Долина Лефкадия	Красное	Кубань	Пти Вердо	not_indexed	
legato-legato-kaberne-fran-krasnoe-suhoe-14	Легато Каберне Фран	LeGato	Красное	Кубань	Каберне Фран	not_indexed	
legato-legato-merlo-krasnoe-suhoe-135	Легато Мерло	LeGato	Красное	Кубань	Мерло	not_indexed	
legato-legato-pino-nuar-krasnoe-suhoe-135	Легато Пино Нуар	LeGato	Красное	Кубань	Пино Нуар	not_indexed	
legato-legato-saperavi-krasnoe-suhoe-14	Легато Саперави	LeGato	Красное	Кубань	Саперави	not_indexed	
legato-legato-shardone-beloe-suhoe-135	Легато Шардоне	LeGato	Белое	Кубань	Шардоне	not_indexed	
legato-legato-sovinon-blan-beloe-suhoe-125	Легато Совиньон Блан	LeGato	Белое	Кубань	Совиньон Блан	not_indexed	
legato-legato-sovinon-blan-mtsvane-beloe-suhoe-125	Легато Совиньон Блан Мцване	LeGato	Белое	Кубань	Совиньон Блан	not_indexed	
lesnaya-proseka	Лесная просека	Кубань-Вино	Белое	Кубань	Алиготе, Пино Блан, Шардоне	not_indexed	
leto-kaberne-fran-2021-suhoe-krasnoe	LETO Каберне Фран 2021 сухое красное	LETO	Красное	Кубань	Каберне Фран	not_indexed	
leto-kaberne-fran-2024-polusladkoe-krasnoe	LETO Каберне Фран 2024 полусладкое красное	LETO	Красное	Кубань	Каберне Фран	not_indexed	
leto-kaberne-fran-rezerv-2020-suhoe-krasnoe	LETO Каберне Фран Резерв 2020 сухое красное	LETO	Красное	Кубань	Каберне Фран	not_indexed	
leto-kaberne-fran-rezerv-2021-suhoe-krasnoe	LETO Каберне Фран Резерв 2021 сухое красное	LETO	Красное	Кубань	Каберне Фран	not_indexed	
leto-kaberne-sovinon-2023-polusuhoe-krasnoe	LETO Каберне Совиньон 2023 полусухое красное	LETO	Красное	Кубань	Каберне Совиньон	not_indexed	
leto-kollekcziya-leta-2020-suhoe-beloe	LETO Коллекция Лета 2020 сухое белое	LETO	Белое	Кубань	Совиньон Блан	not_indexed	
leto-kollekcziya-leta-2020-suhoe-beloe-1	LETO Коллекция Лета 2020 сухое розовое	LETO	Розовое	Кубань	Каберне Совиньон	not_indexed	
leto-kollekcziya-leta-kupazh-2021-suhoe-beloe	LETO Коллекция Лета Купаж 2021 сухое белое	LETO	Белое	Кубань	Рислинг, Совиньон Блан	not_indexed	
leto-kollekcziya-leta-kupazh-2023-suhoe-krasnoe	LETO Коллекция Лета Купаж 2023 сухое красное	LETO	Красное	Кубань	Каберне Совиньон, Саперави	not_indexed	
leto-kollekcziya-vinodela-2020-suhoe-krasnoe	LETO Коллекция винодела 2020 сухое красное	LETO	Красное	Кубань	Мерло	not_indexed	
leto-muskat-oranzh-2024-suhoe-vino	LETO Мускат Оранж 2024 сухое белое	LETO	Белое	Кубань	Мускат	not_indexed	
leto-risling-2020	LETO Рислинг 2020 сухое белое	LETO	Белое	Кубань	Рислинг	not_indexed	
leto-risling-2024	LETO Рислинг 2024 сухое белое	LETO	Белое	Кубань	Рислинг	not_indexed	
leto-risling-2024-polusuhoe-vino	LETO Рислинг 2024 полусухое белое	LETO	Белое	Кубань	Рислинг	not_indexed	
leto-shardone-2023-suhoe-beloe	LETO Шардоне 2023 сухое белое	LETO	Белое	Кубань	Шардоне	not_indexed	
leto-vecrfn-2024-suhoe-vino	LETO Мускат 2024 сухое белое	LETO	Белое	Кубань	Мускат	not_indexed	
levokumskoe-beloe-rkatsiteli-suhoe-10	Белое	Левокумское	Белое	Ставрополье	Ркацители	not_indexed	
levokumskoe-rkatsiteli-beloe-suhoe-10	Ркацители	Левокумское	Белое	Ставрополье	Ркацители	not_indexed	
levokumskoe-sovinon-blan-beloe-suhoe-10	Совиньон Блан	Левокумское	Белое	Ставрополье	Совиньон Блан	not_indexed	
locantita-more	Locantita Море	Скалистый берег	Красное	Кубань	Каберне Совиньон, Каберне Фран, Красностоп, Мерло, Пино Нуар, Саперави, Сира	indexed	dataset/prod-svoe-vino-1/uploads/075mjty781rmw0czc3ba7kc53w_preview_0_ezremove_a03c591e41.webp
locantita-sauvignon-blanc-chardonnay	Locantita Sauvignon Blanc-Chardonnay	Alma Valley	Белое	Крым	Мцване, Пино Нуар, Рислинг, Совиньон Блан, Шардоне	not_indexed	
loco-cimbali-blanc-de-neige-shardone-beloe-suhoe-131	Blanc de Neige	Loco Cimbali	Белое	Крым	Шардоне	not_indexed	
loco-cimbali-kaberne-sovinon-krasnoe-suhoe-146	Каберне Совиньон	Loco Cimbali	Красное	Крым	Каберне Совиньон	not_indexed	
loco-cimbali-kuprin-bastardo-magarachskiy-krasnoe-suhoe-138	Куприн	Loco Cimbali	Красное	Крым	Бастардо Магарачский	not_indexed	
loco-cimbali-loco-cimbali-pinot-meunier-mene-krasnoe-suhoe-125	Loco Cimbali Pinot Meunier	Loco Cimbali	Красное	Крым	Менье	not_indexed	
loco-cimbali-loco-cimbali-red-kaberne-sovinon-krasnoe-suhoe-135	Loco Cimbali Red	Loco Cimbali	Красное	Крым	Каберне Совиньон, Мерло, Саперави	not_indexed	
loco-cimbali-merlo-krasnoe-suhoe-138	Мерло	Loco Cimbali	Красное	Крым	Мерло	not_indexed	
loco-cimbali-oranzh-muskat-belyy-beloe-suhoe-129	Оранж	Loco Cimbali	Белое	Крым	Мускат Белый	not_indexed	
loco-cimbali-oranzh-muskat-oranzhevoe-suhoe-127	Оранж	Loco Cimbali	Оранжевое	Крым	Мускат	not_indexed	
loco-cimbali-pino-blan-beloe-suhoe-13	Пино Блан	Loco Cimbali	Белое	Крым	Пино Блан	not_indexed	
loco-cimbali-pino-mene-krasnoe-suhoe-115	Пино Менье	Loco Cimbali	Красное	Крым	Пино Менье	not_indexed	
loco-cimbali-pino-nuar-krasnoe-suhoe-126	Пино Нуар	Loco Cimbali	Красное	Крым	Пино Нуар	not_indexed	
loco-cimbali-risling-beloe-suhoe-125	Рислинг	Loco Cimbali	Белое	Крым	Рислинг	not_indexed	
loco-cimbali-risling-risling-reynskiy-beloe-suhoe-13	Рислинг	Loco Cimbali	Белое	Крым	Рислинг Рейнский	not_indexed	
loco-cimbali-rkatsiteli-oranzhevoe-suhoe-13	Ркацители	Loco Cimbali	Оранжевое	Крым	Ркацители	not_indexed	
loco-cimbali-shardone-beloe-suhoe-127	Шардоне	Loco Cimbali	Белое	Крым	Шардоне	not_indexed	
loco-cimbali-vione-beloe-suhoe-14	Вионье	Loco Cimbali	Белое	Крым	Вионье	not_indexed	
lorio-bryut-belyj	ЛОРИО. Брют белое игристое	ЛОРИО - семейная винодельня Логуновых	Белое	Кубань	Шардоне	indexed	dataset/prod-svoe-vino-2/uploads/Igristoe_Beloe_iz_Belogo_Shardone_no_bg_preview_bez_fona_a1bca7bfd8.webp
lorio-bryut-rozovoe-igristoe	ЛОРИО. Брют розовое игристое	ЛОРИО - семейная винодельня Логуновых	Розовое	Кубань	Пино Нуар	indexed	dataset/prod-svoe-vino-2/uploads/Igristoe_Rozovoe_Pino_Nuar_bez_fona_0156c8af31.webp
lorio-kaberne-sovinon	ЛОРИО. Каберне Совиньон	ЛОРИО - семейная винодельня Логуновых	Красное	Кубань	Каберне Совиньон	not_indexed	
lorio-kaberne-sovinon-i-pino-nuar	ЛОРИО. Каберне Совиньон и Пино Нуар	ЛОРИО - семейная винодельня Логуновых	Красное	Кубань	Каберне Совиньон	not_indexed	
lorio-pino-nuar	ЛОРИО. Пино Нуар	ЛОРИО - семейная винодельня Логуновых	Красное	Кубань	Пино Нуар	not_indexed	
lorio-rozovoe	ЛОРИО. Розовое	ЛОРИО - семейная винодельня Логуновых	Розовое	Кубань	Каберне Совиньон, Пино Нуар	not_indexed	
lorio-shardone	ЛОРИО. Шардоне	ЛОРИО - семейная винодельня Логуновых	Белое	Кубань	Шардоне	not_indexed	
lorio-sovinon-blan-2024	ЛОРИО. Совиньон Блан 2024	ЛОРИО - семейная винодельня Логуновых	Белое	Кубань	Совиньон Блан	not_indexed	
lorio-sovinon-blan-2025	ЛОРИО. Совиньон Блан 2025	ЛОРИО - семейная винодельня Логуновых	Белое	Кубань	Совиньон Блан	not_indexed	
lorio-sovinon-blan-i-shardone-1	ЛОРИО. Совиньон Блан и Шардоне	ЛОРИО - семейная винодельня Логуновых	Белое	Кубань	Совиньон Блан	not_indexed	
madera-krymskaya	Мадера Крымская	Массандра	Белое	Крым	Альбильо, Вердельо, Серсиаль, Шабаш	not_indexed	
magnatum-blanc-de-blancs	Magnatum Blanc de Blancs	Mantra Estate	Белое	Кубань	Шардоне	not_indexed	
magnatum-cuvee-m-blanc-de-blancs	Magnatum Cuvee M Blanc de Blancs	Mantra Estate	Белое	Кубань	Шардоне	not_indexed	
magnatum-rose	Magnatum Rose	Mantra Estate	Розовое	Кубань	Каберне Фран, Пино Нуар, Шардоне	not_indexed	
makitra-selection	Makitra Selection	Кубань-Вино	Белое	Кубань	Шардоне	not_indexed	
mancopia-kaberne-sovinon	Mancopia Каберне Совиньон	Mancopia	Красное	Крым	Каберне Совиньон	not_indexed	
mancopia-meritazh	Mancopia Меритаж	Mancopia	Красное	Крым	Каберне Совиньон, Каберне Фран, Мерло	not_indexed	
mancopia-risling	Mancopia Рислинг	Mancopia	Белое	Крым	Рислинг	indexed	dataset/prod-svoe-vino-1/uploads/0632ia7qvpbnncf2rdtc0371aua6i4q2_20fb4a70b1.webp
mancopia-saperavi	Mancopia Саперави	Mancopia	Красное	Крым	Саперави	not_indexed	
mancopia-sira	Mancopia Сира	Mancopia	Красное	Крым	Сира	indexed	dataset/prod-svoe-vino-2/uploads/i99mhxq3ffugxl7vay272qaxisjosj8i_3ec2f1ed83.webp
mantra-blanc-de-blancs	Mantra Blanc de Blancs	Mantra Estate	Белое	Кубань	Шардоне	not_indexed	
mantra-estate-chardonnay-shardone-beloe-suhoe-135	Шардоне	Mantra Estate	Белое	Кубань	Шардоне	not_indexed	
mantra-estate-sauvignon-blanc-sovinon-blan-beloe-suhoe-133	Совиньон Блан	Mantra Estate	Белое	Кубань	Совиньон Блан	not_indexed	
mantra-estate-sira-roze-rozovoe-suhoe-12	Сира розе	Mantra Estate	Розовое	Кубань	Сира	indexed	dataset/prod-svoe-vino-1/uploads/4826_N_Ndc2f_W_Photoroom_276188e83c.webp
margarita	Margarita, 2023	WINEMAFIA	Белое	Кубань	Совиньон Блан	not_indexed	
marquetry-cabernet-franc	Marquetry cabernet franc	AYA Organic Wine & Vineyards	Красное	Крым	Каберне Фран	indexed	dataset/prod-svoe-vino-1/uploads/AYA_marquetry_cabernet_franc_2023_bottle_81526424ed.webp
marquetry-syrah	Marquetry syrah	AYA Organic Wine & Vineyards	Красное	Крым	Сира	indexed	dataset/prod-svoe-vino-1/uploads/AYA_marquetry_syrah_2023_bottle_90a876b523.webp
marquetry-syrah-merlot-cabernet-franc	Marquetry syrah, merlot, cabernet franc	AYA Organic Wine & Vineyards	Красное	Крым	Сира	indexed	dataset/prod-svoe-vino-1/uploads/AYA_marquetry_syrah_merlot_cabernet_franc_2023_bottle_1174396457.webp
massandra-avtorskoe-murvedr-krasnoe-suhoe-14	Авторское Мурведр	Массандра	Красное	Крым	Мурведр	not_indexed	
massandra-bastardo-bastardo-magarachskiy-krasnoe-sladkoe-16	Бастардо	Массандра	Красное	Крым	Бастардо Магарачский	not_indexed	
massandra-heres	Массандра Херес	Массандра	Белое	Крым	Алиготе, Альбильо, Вердельо, Кокур Белый, Ркацители, Семильон	not_indexed	
massandra-kagor-gurzuf-saperavi-krasnoe-sladkoe-16	Кагор Гурзуф	Массандра	Красное	Крым	Бастардо Магарачский, Каберне Совиньон, Саперави	not_indexed	
massandra-kagor-yuzhnoberezhnyy-saperavi-krasnoe-sladkoe-16	Кагор Южнобережный	Массандра	Красное	Крым	Саперави	not_indexed	
massandra-kokur	Массандра Кокур	Массандра	Белое	Крым	Кокур Белый	not_indexed	
massandra-kokur-desertnyy-surozh-beloe-sladkoe-16	Кокур десертный Сурож	Массандра	Белое	Крым	Кокур	not_indexed	
massandra-lakrima-kristi-aleatiko-krasnoe-sladkoe-16	Лакрима Кристи	Массандра	Красное	Крым	Алеатико	not_indexed	
massandra-massandra-heres-oreadna-aligote-beloe-suhoe-16	Массандра Херес Ореадна	Массандра	Белое	Крым	Алиготе, Альбильо, Кокур	not_indexed	
massandra-muskat	Массандра Мускат	Массандра	Белое	Крым	Мускат, Мускат Белый, Мускат Янтарный	not_indexed	
massandra-muskat-belyy-krasnogo-kamnya-beloe-sladkoe-13	Мускат белый красного камня	Массандра	Белое	Крым	Мускат	not_indexed	
massandra-muskat-belyy-pozdnego-sbora-beloe-sladkoe-10	Мускат белый позднего сбора	Массандра	Белое	Крым	Мускат	not_indexed	
massandra-muskat-belyy-yuzhnoberezhnyy-beloe-sladkoe-16	Мускат Белый Южнобережный	Массандра	Белое	Крым	Мускат Белый	not_indexed	
massandra-muskat-pozdnego-sbora-muskat-belyy-beloe-sladkoe-16	Мускат позднего сбора	Массандра	Белое	Крым	Мускат Белый	not_indexed	
massandra-muskat-rozovyy-pozdnego-sbora-rozovoe-sladkoe-10	Мускат розовый позднего сбора	Массандра	Розовое	Крым	Мускат	not_indexed	
massandra-muskatel-belyy-belye-sorta-vinograda-beloe-sladkoe-16	Мускатель белый	Массандра	Белое	Крым	Белые сорта винограда	not_indexed	
massandra-muskatel-chernyy-krasnye-sorta-vinograda-krasnoe-sladkoe-16	Мускатель черный	Массандра	Красное	Крым	Красные сорта винограда	not_indexed	
massandra-muskatel-rozovyy-belye-sorta-vinograda-rozovoe-sladkoe-16	Мускатель розовый	Массандра	Розовое	Крым	Белые сорта винограда, Красные сорта винограда	not_indexed	
massandra-pino-gri-beloe-sladkoe-16	Пино Гри	Массандра	Белое	Крым	Пино Гри	not_indexed	
massandra-portveyn-belyy-alushta-belye-sorta-vinograda-beloe-sladkoe-17	Портвейн белый Алушта	Массандра	Белое	Крым	Белые сорта винограда	not_indexed	
massandra-portveyn-belyy-gurzuf-kokur-belyy-beloe-sladkoe-135	Портвейн Белый Гурзуф	Массандра	Белое	Крым	Кокур Белый	not_indexed	
massandra-portveyn-belyy-krymskiy-kokur-beloe-sladkoe-18	Портвейн белый крымский	Массандра	Белое	Крым	Алиготе, Кокур, Ркацители	not_indexed	
massandra-portveyn-krasnyy-alushta-krasnye-sorta-vinograda-krasnoe-sladkoe-17	Портвейн красный Алушта	Массандра	Красное	Крым	Красные сорта винограда	not_indexed	
massandra-portveyn-krasnyy-livadiya-kaberne-sovinon-krasnoe-sladkoe-185	Портвейн красный Ливадия	Массандра	Красное	Крым	Каберне Совиньон	not_indexed	
massandra-premium-sangiovese-sandzhoveze-krasnoe-suhoe-13	Premium Sangiovese	Массандра	Красное	Крым	Санджовезе	not_indexed	
massandra-rozovoe-suhoe	Массандра розовое сухое	Массандра	Розовое	Крым	Каберне Совиньон, Пино Нуар	not_indexed	
massandra-vino-avtorskoe-pino-gri-beloe-suhoe-12	Вино Авторское Пино Гри	Массандра	Белое	Крым	Пино Гри	not_indexed	
merlo	Мерло	Галицкий и Галицкий	Красное	Кубань	Мерло	not_indexed	
merlo-1	Мерло	Mantra Estate	Красное	Кубань	Мерло	not_indexed	
merlo-litavshhuk	Мерло Литавщук	Литавщук. Litavshchuk vineyards & winery	Красное	Кубань	Мерло	indexed	dataset/prod-svoe-vino-2/uploads/image_04_09_26_01_21_e2229a9af8.webp
method-classic-kokur	Method Classic Кокур	Винодельня Братьев Мельниковых	Белое	Крым	Кокур	not_indexed	
millstream-alamak-bryut-beloe	MILLSTREAM Alamak брют белое	MILLSTREAM	Белое	Кубань	Совиньон	indexed	dataset/prod-svoe-vino-1/uploads/Alamak_bryut_beloe_2c9b3e074d.webp
millstream-av-igristoe-molodoe-polusuhoe-beloe	MILLSTREAM AV игристое молодое полусухое белое	MILLSTREAM	Белое	Кубань	Мускат	indexed	dataset/prod-svoe-vino-1/uploads/AV_AB_molodoe_polusuhoe_beloe_94421f365d.webp
millstream-av-igristoe-molodoe-suhoe-beloe	MILLSTREAM AV игристое молодое, сухое, белое	MILLSTREAM	Белое	Кубань	Алиготе	indexed	dataset/prod-svoe-vino-1/uploads/AV_AB_molodoe_suhoe_beloe_5e97393b71.webp
millstream-cellar-blanc-de-blanc-ekstra-bryut-beloe	MILLSTREAM Cellar Blanc de Blanc игристое экстра брют белое	MILLSTREAM	Белое	Кубань	Шардоне	not_indexed	
millstream-cellar-rezerv-blend-4	MILLSTREAM Cellar Резерв Бленд №4	MILLSTREAM	Красное	Кубань	Каберне Совиньон	not_indexed	
millstream-cellar-select-blend-avtohtonov	MILLSTREAM Cellar Select Бленд Автохтонов	MILLSTREAM	Красное	Кубань	Красностоп Золотовский	not_indexed	
millstream-cellar-select-kaberne-sovinon	MILLSTREAM Cellar Select Каберне Совиньон	MILLSTREAM	Красное	Кубань	Каберне Совиньон	not_indexed	
millstream-cellar-select-krasnostop-zolotovskij	MILLSTREAM Cellar Select Красностоп Золотовский	MILLSTREAM	Красное	Кубань	Красностоп Золотовский	not_indexed	
millstream-cellar-select-saperavi	MILLSTREAM Cellar Select Саперави	MILLSTREAM	Красное	Кубань	Саперави	not_indexed	
millstream-cellar-vyderzhannoe-igristoe-polusuhoe-beloe	MILLSTREAM Cellar выдержанное игристое полусухое белое	MILLSTREAM	Белое	Кубань	Пино Нуар	not_indexed	
miroir-de-talu-merlot-cabernet-sauvignon	Miroir De Talu Merlot Cabernet Sauvignon	Chateau de Talu	Красное	Кубань	Каберне Совиньон	not_indexed	
miroir-de-talu-merlot-krasnostop	Miroir De Talu Merlot Красностоп	Chateau de Talu	Красное	Кубань	Красностоп Золотовский	not_indexed	
molodoe-shato-taman	Молодое. Шато Тамань	Кубань-Вино	Белое	Кубань	Ркацители	not_indexed	
molodoe-shato-taman-1	Молодое. Шато Тамань	Кубань-Вино	Красное	Кубань	Саперави	not_indexed	
mons-albus-kaberne-sovinon-krasnoe-suhoe-14	Каберне Совиньон	Mons Albus	Красное	Крым	Каберне Совиньон	not_indexed	
mons-albus-merlo-rozovoe-suhoe-132	Мерло	Mons Albus	Розовое	Крым	Мерло	not_indexed	
mons-albus-rkatsiteli-beloe-suhoe-124	Ркацители	Mons Albus	Белое	Крым	Ркацители	not_indexed	
mont-blanc-blanc-de-blancs	Mont Blanc, Blanc de Blancs	Шато АЛВИСА	Белое	Дагестан	Ркацители, Шардоне	not_indexed	
mont-blanc-cuvee	Mont Blanc Cuvée	Шато АЛВИСА	Белое	Дагестан	Рислинг Рейнский, Ркацители	not_indexed	
monte-garu-beloe-bryut	Monte Garu белое брют	Дербент Вино	Белое	Дагестан	Первенец Магарача, Рислинг, Ркацители	not_indexed	
monte-garu-beloe-polusladkoe	Monte Garu белое полусладкое	Дербент Вино	Белое	Дагестан	Первенец Магарача, Рислинг, Ркацители	not_indexed	
muskat-avtorskoe-vino	Мускат. Авторское вино	Массандра	Белое	Крым	Мускат Белый	indexed	dataset/prod-svoe-vino-1/uploads/2923_GVA_Ps_CA_no_bg_preview_carve_photos_4a01fd1119.webp
muskat-ottonel-gusev	Мускат Оттонель Гусевъ	Гусевъ	Белое	Нижняя Волга	Мускат Оттонель	not_indexed	
muskat-pozdnego-sbora-rozovyj	Мускат позднего сбора розовый	Массандра	Розовое	Крым	Мускат Розовый	not_indexed	
muskat-premium	Мускат. Премиум	Литавщук. Litavshchuk vineyards & winery	Белое	Кубань	Мускат Белый	not_indexed	
muskatnoe-shato-taman	Мускатное. Шато Тамань	Кубань-Вино	Белое	Кубань	Мускат	not_indexed	
myshako-green-cape-shardone-beloe-bryut	Мысхако Green Cape Шардоне белое брют	Мысхако	Белое	Кубань	Пино Нуар, Шардоне	not_indexed	
myshako-igristoe-beloe-bryut	Мысхако игристое белое брют	Мысхако	Белое	Кубань	Алиготе, Шардоне	not_indexed	
myshako-igristoe-beloe-polusladkoe	Мысхако игристое белое полусладкое	Мысхако	Белое	Кубань	Совиньон Блан, Шардоне	not_indexed	
naomi-2022	Naomi, 2022	WINEMAFIA	Розовое	Кубань	Каберне Фран	not_indexed	
naomi-2023	Naomi, 2023	WINEMAFIA	Розовое	Кубань	Каберне Фран	not_indexed	
nebbiolo	Nebbiolo	Галицкий и Галицкий	Красное	Кубань	Неббиоло	not_indexed	
nebo-rossii-glera	Небо России Глера	Kalos Limen	Белое	Крым	Глера	not_indexed	
nesterov-winery-krasnostop-rubin-klere-krasnostop-zolotovskiy-rozovoe-suhoe-11	Красностоп - Рубин клэрэ	Nesterov Winery	Розовое	Кубань	Красностоп Золотовский	not_indexed	
nesterov-winery-krasnostop-zolotovskiy-krasnoe-suhoe-12	Красностоп Золотовский	Nesterov Winery	Красное	Кубань	Красностоп Золотовский	not_indexed	
nesterov-winery-risling-reynskiy-beloe-suhoe-12	Рислинг Рейнский	Nesterov Winery	Белое	Кубань	Рислинг Рейнский	not_indexed	
nesterov-winery-rubin-golodrigi-krasnoe-suhoe-11	Рубин Голодриги	Nesterov Winery	Красное	Кубань	Рубин Голодриги	not_indexed	
nesterov-winery-saperavi-krasnoe-suhoe-135	Саперави	Nesterov Winery	Красное	Кубань	Саперави	not_indexed	
nesterov-winery-solyaris-beloe-suhoe-14	Солярис	Nesterov Winery	Белое	Кубань	Солярис	not_indexed	
nikolaev-i-synovya-festeliya-pti-verdo-krasnoe-suhoe-135	Фестелия	Николаев и сыновья	Красное	Кубань	Пти Вердо	not_indexed	
nikolaev-i-synovya-flamingo-malbek-rozovoe-suhoe-125	Фламинго	Николаев и сыновья	Розовое	Кубань	Мальбек	not_indexed	
nikolaev-i-synovya-pino-nuar-krasnoe-suhoe-125	Пино Нуар	Николаев и сыновья	Красное	Кубань	Пино Нуар	not_indexed	
nikolaev-i-synovya-shardone-beloe-suhoe-125	Шардоне	Николаев и сыновья	Белое	Кубань	Шардоне	not_indexed	
nosorog-gold	Nosorog gold	WINEMAFIA	Красное	Кубань	Красностоп	not_indexed	
nosorog-night	Nosorog night	WINEMAFIA	Красное	Кубань	Красностоп Золотовский	not_indexed	
novyj-svet-aligote	Новый Свет. Алиготе	Новый Свет. Дом шампанских вин	Белое	Крым	Алиготе	indexed	dataset/prod-svoe-vino-1/uploads/2938_CG_6_Oxk_C_8ebbf0da39.webp
novyj-svet-blan-de-nuar	Новый Свет. Блан Де Нуар	Новый Свет. Дом шампанских вин	Белое	Крым	Пино Нуар	indexed	dataset/prod-svoe-vino-1/uploads/2939_WV_4_G4x_P_1d07c0e491.webp
novyj-svet-kaberne	Новый Свет. Каберне	Новый Свет. Дом шампанских вин	Розовое	Крым	Каберне Совиньон	indexed	dataset/prod-svoe-vino-1/uploads/2927_F6_GFXH_9_09971a59db.webp
novyj-svet-kaberne-sovinon	Новый Свет. Каберне Совиньон	Новый Свет. Дом шампанских вин	Красное	Крым	Каберне Совиньон	indexed	dataset/prod-svoe-vino-1/uploads/4308_TC_5bs_GE_232f37619b.webp
novyj-svet-kaberne-sovinon-polusladkoe	Новый Свет. Каберне Совиньон полусладкое	Новый Свет. Дом шампанских вин	Красное	Крым	Каберне Совиньон	indexed	dataset/prod-svoe-vino-1/uploads/4309_Xp_Hvu_QW_c001f686c0.webp
novyj-svet-kollekczionnoe-bryut	Новый Свет коллекционное брют	Новый Свет. Дом шампанских вин	Белое	Крым	Шардоне	indexed	dataset/prod-svoe-vino-1/uploads/4293_5v_Oij6_H_e1d1daa1cf.webp
novyj-svet-paradizio	Новый Свет. Парадизио	Новый Свет. Дом шампанских вин	Белое	Крым	Шардоне	indexed	dataset/prod-svoe-vino-1/uploads/2934_gdn4e_Jx_261a22f964.webp
novyj-svet-pino-gri-millezim	Новый Свет. Пино Гри Миллезим	Новый Свет. Дом шампанских вин	Розовое	Крым	Пино Гри	indexed	dataset/prod-svoe-vino-1/uploads/4303_v_E_Ae_Fb_H_c2ae43e296.webp
novyj-svet-polusladkoe	Новый Свет полусладкое	Новый Свет. Дом шампанских вин	Белое	Крым	Шардоне	not_indexed	
novyj-svet-polusuhoe-kollekczionnoe	Новый Свет полусухое коллекционное	Новый Свет. Дом шампанских вин	Белое	Крым	Шардоне	indexed	dataset/prod-svoe-vino-1/uploads/4299_5o_I_Vt_UU_9348a5c313.webp
novyj-svet-risling-kyuve-de-prestizh	Новый Свет. Рислинг Кюве де Престиж	Новый Свет. Дом шампанских вин	Белое	Крым	Рислинг	indexed	dataset/prod-svoe-vino-1/uploads/4298_n_Wd2gfl_fc9d46eed2.webp
novyj-svet-shardone	Новый Свет. Шардоне	Новый Свет. Дом шампанских вин	Белое	Крым	Шардоне	indexed	dataset/prod-svoe-vino-1/uploads/4301_xc_Hycz_V_5f1c804393.webp
novyj-svet-shardone-kyuve-de-prestizh	Новый Свет. Шардоне Кюве де Престиж	Новый Свет. Дом шампанских вин	Белое	Крым	Шардоне	not_indexed	
novyj-svet-shardone-kyuve-de-prestizh-1	Новый Свет. Шардоне Кюве Де Престиж	Новый Свет. Дом шампанских вин	Белое	Крым	Шардоне	not_indexed	
novyj-svet-vyderzhannoe-bryut	Новый Свет выдержанное брют	Новый Свет. Дом шампанских вин	Белое	Крым	Шардоне	not_indexed	
novyj-svet-zolotoj-risling	Новый Свет. Золотой Рислинг	Новый Свет. Дом шампанских вин	Белое	Крым	Рислинг	indexed	dataset/prod-svoe-vino-1/uploads/4310_5n67_NVV_9e7031b185.webp
novyy-svet-dom-shampanskih-vin-igristoe-vino-vyderzhannoe-bryut-krasnoe-novyy-svet-kaberne-sovinon-135	Игристое вино выдержанное брют красное «Новый Свет. Каберне Совиньон»	Новый Свет. Дом шампанских вин	Красное	Крым	Каберне Совиньон	not_indexed	
novyy-svet-dom-shampanskih-vin-igristoe-vino-vyderzhannoe-bryut-rozovoe-novyy-svet-pino-fran-135	Игристое вино выдержанное брют розовое «Новый Свет. Пино Фран»	Новый Свет. Дом шампанских вин	Розовое	Крым	Пино фран	not_indexed	
novyy-svet-dom-shampanskih-vin-igristoe-vino-vyderzhannoe-bryut-rozovoe-novyy-svet-pino-nuar-125	Игристое вино выдержанное брют розовое «Новый Свет. Пино Нуар»	Новый Свет. Дом шампанских вин	Розовое	Крым	Пино Нуар	not_indexed	
novyy-svet-dom-shampanskih-vin-igristoe-vino-vyderzhannoe-polusladkoe-krasnoe-novyy-svet-kaberne-sovinon-12	Игристое вино выдержанное полусладкое красное «Новый Свет. Каберне Совиньон»	Новый Свет. Дом шампанских вин	Красное	Крым	Каберне Совиньон	not_indexed	
novyy-svet-dom-shampanskih-vin-igristoe-vino-vyderzhannoe-polusladkoe-rozovoe-novyy-svet-pino-fran-135	Игристое вино выдержанное полусладкое розовое «Новый Свет. Пино Фран»	Новый Свет. Дом шампанских вин	Розовое	Крым	Пино фран	not_indexed	
novyy-svet-dom-shampanskih-vin-novyy-svet-kokur-kokur-belyy-beloe-ekstra-bryut-12	Новый Свет. Кокур	Новый Свет. Дом шампанских вин	Белое	Крым	Кокур Белый	not_indexed	
novyy-svet-dom-shampanskih-vin-novyy-svet-kyuve-ekstra-bryut-shardone-beloe-135	Новый Свет. Кюве экстра брют	Новый Свет. Дом шампанских вин	Белое	Крым	Шардоне	not_indexed	
novyy-svet-dom-shampanskih-vin-novyy-svet-pino-nuar-rozovoe-bryut-13	Новый Свет. Пино Нуар	Новый Свет. Дом шампанских вин	Розовое	Крым	Пино Нуар	not_indexed	
novyy-svet-dom-shampanskih-vin-novyy-svet-polusladkoe-roze-shardone-rozovoe-115	Новый Свет полусладкое розе	Новый Свет. Дом шампанских вин	Розовое	Крым	Шардоне	not_indexed	
novyy-svet-dom-shampanskih-vin-pino-nuar-polusuhoe-rozovoe-135	Пино Нуар полусухое	Новый Свет. Дом шампанских вин	Розовое	Крым	Пино Нуар	not_indexed	
novyy-svet-dom-shampanskih-vin-rossiyskoe-shampanskoe-kollektsionnoe-bryut-beloe-novyy-svet-kyuve-de-prestizh-pino-gri-millezim-rozovoe-125	Российское шампанское коллекционное брют белое «Новый Свет. Кюве Де Престиж Пино Гри Миллезим»	Новый Свет. Дом шампанских вин	Розовое	Крым	Пино Гри	not_indexed	
novyy-svet-dom-shampanskih-vin-rossiyskoe-shampanskoe-kollektsionnoe-bryut-beloe-novyy-svet-paradizio-shardone-125	Российское шампанское коллекционное брют белое «Новый Свет. Парадизио»	Новый Свет. Дом шампанских вин	Белое	Крым	Шардоне	not_indexed	
novyy-svet-dom-shampanskih-vin-rossiyskoe-shampanskoe-kollektsionnoe-bryut-beloe-novyy-svet-yubileynoe-risling-13	Российское шампанское коллекционное брют белое «Новый Свет. Юбилейное»	Новый Свет. Дом шампанских вин	Белое	Крым	Рислинг, Шардоне	not_indexed	
novyy-svet-dom-shampanskih-vin-rossiyskoe-shampanskoe-kollektsionnoe-bryut-beloe-novyy-svet-zolotoy-risling-suhoe-13	Российское шампанское коллекционное брют белое «Новый Свет. Золотой Рислинг»	Новый Свет. Дом шампанских вин	Белое	Крым	Рислинг	not_indexed	
novyy-svet-dom-shampanskih-vin-rossiyskoe-shampanskoe-kollektsionnoe-bryut-rozovoe-novyy-svet-pino-nuar-135	Российское шампанское коллекционное брют розовое «Новый Свет. Пино Нуар»	Новый Свет. Дом шампанских вин	Розовое	Крым	Пино Нуар	not_indexed	
novyy-svet-dom-shampanskih-vin-rossiyskoe-shampanskoe-kollektsionnoe-ekstra-bryut-beloe-novyy-svet-blan-de-nuar-pino-nuar-13	Российское шампанское коллекционное экстра брют белое «Новый Свет. Блан де Нуар»	Новый Свет. Дом шампанских вин	Белое	Крым	Пино Нуар	not_indexed	
novyy-svet-dom-shampanskih-vin-rossiyskoe-shampanskoe-kollektsionnoe-ekstra-bryut-beloe-novyy-svet-kyuve-de-prestizh-shardone-125	Российское шампанское коллекционное экстра брют белое «Новый Свет. Кюве Де Престиж Шардоне»	Новый Свет. Дом шампанских вин	Белое	Крым	Шардоне	not_indexed	
novyy-svet-dom-shampanskih-vin-rossiyskoe-shampanskoe-kollektsionnoe-ekstra-bryut-beloe-novyy-svet-kyuve-risling-125	Российское шампанское коллекционное экстра брют белое «Новый Свет. Кюве»	Новый Свет. Дом шампанских вин	Белое	Крым	Алиготе, Пино Блан, Пино Нуар, Рислинг, Шардоне	not_indexed	
novyy-svet-dom-shampanskih-vin-rossiyskoe-shampanskoe-kollektsionnoe-ekstra-bryut-beloe-novyy-svet-risling-kyuve-de-prestizh-125	Российское шампанское коллекционное экстра брют белое «Новый Свет. Рислинг Кюве Де Престиж»	Новый Свет. Дом шампанских вин	Белое	Крым	Рислинг	not_indexed	
novyy-svet-dom-shampanskih-vin-rossiyskoe-shampanskoe-kollektsionnoe-ekstra-bryut-beloe-novyy-svet-shardone-125	Российское шампанское коллекционное экстра брют белое «Новый Свет»	Новый Свет. Дом шампанских вин	Белое	Крым	Алиготе, Пино Нуар, Рислинг, Шардоне	not_indexed	
novyy-svet-dom-shampanskih-vin-rossiyskoe-shampanskoe-kollektsionnoe-polusuhoe-beloe-novyy-svet-risling-125	Российское шампанское коллекционное полусухое белое «Новый Свет»	Новый Свет. Дом шампанских вин	Белое	Крым	Алиготе, Пино Нуар, Рислинг, Шардоне	not_indexed	
novyy-svet-dom-shampanskih-vin-rossiyskoe-shampanskoe-kollektsionnoe-polusuhoe-beloe-novyy-svet-shardone-13	Российское шампанское коллекционное полусухое белое «Новый Свет»	Новый Свет. Дом шампанских вин	Белое	Крым	Алиготе, Пино фран, Рислинг, Шардоне	not_indexed	
novyy-svet-dom-shampanskih-vin-rossiyskoe-shampanskoe-kollektsionnoe-polusuhoe-rozovoe-novyy-svet-pino-nuar-125	Российское шампанское коллекционное полусухое розовое «Новый Свет. Пино Нуар»	Новый Свет. Дом шампанских вин	Розовое	Крым	Пино Нуар	not_indexed	
novyy-svet-dom-shampanskih-vin-rossiyskoe-shampanskoe-vyderzhannoe-bryut-beloe-novyy-svet-shardone-125	Российское шампанское выдержанное брют белое «Новый Свет»	Новый Свет. Дом шампанских вин	Белое	Крым	Алиготе, Кокур, Пино Блан, Пино Нуар, Рислинг, Совиньон Блан, Шардоне	not_indexed	
novyy-svet-dom-shampanskih-vin-rossiyskoe-shampanskoe-vyderzhannoe-bryut-rozovoe-novyy-svet-kaberne-kaberne-sovinon-11	Российское шампанское выдержанное брют розовое «Новый Свет. Каберне»	Новый Свет. Дом шампанских вин	Розовое	Крым	Каберне Совиньон	not_indexed	
novyy-svet-dom-shampanskih-vin-rossiyskoe-shampanskoe-vyderzhannoe-ekstra-bryut-beloe-novyy-svet-aligote-13	Российское шампанское выдержанное экстра брют белое «Новый Свет. Алиготе»	Новый Свет. Дом шампанских вин	Белое	Крым	Алиготе	not_indexed	
novyy-svet-dom-shampanskih-vin-rossiyskoe-shampanskoe-vyderzhannoe-ekstra-bryut-beloe-novyy-svet-kokur-11	Российское шампанское выдержанное экстра брют белое «Новый Свет. Кокур»	Новый Свет. Дом шампанских вин	Белое	Крым	Кокур	not_indexed	
novyy-svet-dom-shampanskih-vin-rossiyskoe-shampanskoe-vyderzhannoe-polusladkoe-rozovoe-novyy-svet-shardone-125	Российское шампанское выдержанное полусладкое розовое «Новый Свет»	Новый Свет. Дом шампанских вин	Розовое	Крым	Алиготе, Каберне Совиньон, Кокур, Пино Блан, Пино Нуар, Рислинг, Совиньон Блан, Шардоне	not_indexed	
oleg	Олег	Табия	Белое	Кубань	Олег	not_indexed	
oleg-repin-duvankoy-aligote-aligote-beloe-suhoe-13	Duvankoy Aligote	Oleg Repin	Белое	Крым	Алиготе	not_indexed	
oleg-repin-listva-cabernet-sauvignon-kaberne-sovinon-krasnoe-suhoe-14	Listva Cabernet Sauvignon	Oleg Repin	Красное	Крым	Каберне Совиньон	not_indexed	
oleg-repin-listva-syrah-sira-krasnoe-suhoe-14	Listva Syrah	Oleg Repin	Красное	Крым	Сира	not_indexed	
oleg-repin-pinot-blanc-pino-blan-beloe-suhoe-13	Pinot Blanc	Oleg Repin	Белое	Крым	Пино Блан	not_indexed	
oleg-repin-pinot-noir-pino-nuar-krasnoe-suhoe-135	Pinot Noir	Oleg Repin	Красное	Крым	Пино Нуар	not_indexed	
oleg-repin-pinot-noir-v-pino-nuar-krasnoe-suhoe-125	Pinot Noir В	Oleg Repin	Красное	Крым	Пино Нуар	not_indexed	
oleg-repin-riesling-risling-beloe-suhoe-125	Riesling	Oleg Repin	Белое	Крым	Рислинг	not_indexed	
oleg-repin-saperavi-carbonica-saperavi-krasnoe-suhoe-13	Saperavi Carbonica	Oleg Repin	Красное	Крым	Саперави	not_indexed	
olymp-winery-adagum-cabernet-franc-kaberne-fran-krasnoe-suhoe-11	Adagum Cabernet Franc	Olymp Winery	Красное	Кубань	Каберне Фран	not_indexed	
olymp-winery-adagum-cabernet-sauvignon-kaberne-sovinon-krasnoe-suhoe-11	Adagum Cabernet Sauvignon	Olymp Winery	Красное	Кубань	Каберне Совиньон	not_indexed	
olymp-winery-adagum-chardonnay-kuban-shardone-beloe-suhoe-11	Adagum Chardonnay Kuban	Olymp Winery	Белое	Кубань	Шардоне	not_indexed	
olymp-winery-adagum-chardonnay-shardone-beloe-suhoe-11	Adagum Chardonnay	Olymp Winery	Белое	Кубань	Шардоне	not_indexed	
olymp-winery-adagum-estate-cabernet-sauvignon-kaberne-sovinon-krasnoe-suhoe-11	Adagum Estate Cabernet Sauvignon	Olymp Winery	Красное	Кубань	Каберне Совиньон	not_indexed	
olymp-winery-adagum-estate-chardonnay-shardone-beloe-suhoe-11	Adagum Estate Chardonnay	Olymp Winery	Белое	Кубань	Шардоне	not_indexed	
olymp-winery-adagum-estate-merlot-merlo-krasnoe-suhoe-11	Adagum Estate Merlot	Olymp Winery	Красное	Кубань	Мерло	not_indexed	
olymp-winery-adagum-estate-red-blend-kaberne-fran-krasnoe-suhoe-11	Adagum Estate Red Blend	Olymp Winery	Красное	Кубань	Каберне Совиньон, Каберне Фран	not_indexed	
olymp-winery-adagum-estate-rose-kaberne-sovinon-rozovoe-suhoe-11	Adagum Estate Rose	Olymp Winery	Розовое	Кубань	Каберне Совиньон, Мерло	not_indexed	
olymp-winery-adagum-estate-sauvignon-blanc-sovinon-blan-beloe-suhoe-11	Adagum Estate Sauvignon Blanc	Olymp Winery	Белое	Кубань	Совиньон Блан	not_indexed	
olymp-winery-adagum-krasnostop-krasnostop-zolotovskiy-krasnoe-suhoe-11	Adagum Krаsnostop	Olymp Winery	Красное	Кубань	Красностоп Золотовский	not_indexed	
olymp-winery-adagum-merlot-merlo-rozovoe-suhoe-10	Adagum Merlot	Olymp Winery	Розовое	Кубань	Мерло	not_indexed	
olymp-winery-adagum-odessa-black-kuban-odesskiy-chernyy-krasnoe-suhoe-11	Adagum Odessa Black Kuban	Olymp Winery	Красное	Кубань	Одесский черный	not_indexed	
olymp-winery-adagum-pinot-noir-pino-nuar-krasnoe-suhoe-11	Adagum Pinot Noir	Olymp Winery	Красное	Кубань	Пино Нуар	not_indexed	
olymp-winery-adagum-pinot-noir-pino-nuar-rozovoe-suhoe-11	Adagum Pinot Noir	Olymp Winery	Розовое	Кубань	Пино Нуар	not_indexed	
olymp-winery-adagum-riesling-risling-beloe-suhoe-11	Adagum Riesling	Olymp Winery	Белое	Кубань	Рислинг	not_indexed	
olymp-winery-adagum-saperavi-saperavi-krasnoe-suhoe-11	Adagum Saperavi	Olymp Winery	Красное	Кубань	Саперави	not_indexed	
olymp-winery-adagum-sauvignon-sovinon-blan-beloe-suhoe-11	Adagum Sauvignon	Olymp Winery	Белое	Кубань	Совиньон Блан	not_indexed	
olymp-winery-adagum-valley-merlot-merlo-krasnoe-suhoe-11	Adagum Valley Merlot	Olymp Winery	Красное	Кубань	Мерло	not_indexed	
olymp-winery-adagum-valley-pinot-noir-pino-nuar-krasnoe-suhoe-11	Adagum Valley Pinot Noir	Olymp Winery	Красное	Кубань	Пино Нуар	not_indexed	
olymp-winery-adagum-valley-riesling-risling-reynskiy-beloe-suhoe-11	Adagum Valley Riesling	Olymp Winery	Белое	Кубань	Рислинг Рейнский	not_indexed	
olymp-winery-adagum-valley-rkatsiteli-rkatsiteli-beloe-suhoe-10	Adagum Valley Rkatsiteli	Olymp Winery	Белое	Кубань	Ркацители	not_indexed	
olymp-winery-adagum-valley-saperavi-saperavi-krasnoe-suhoe-12	Adagum Valley Saperavi	Olymp Winery	Красное	Кубань	Саперави	not_indexed	
olymp-winery-olimp-avtorskoe-kaberne-sovinon-krasnoe-suhoe-11	Олимп Авторское Каберне Совиньон	Olymp Winery	Красное	Кубань	Каберне Совиньон	not_indexed	
olymp-winery-shato-belbek-kaberne-kaberne-sovinon-krasnoe-suhoe-11	Шато Бельбек Каберне	Olymp Winery	Красное	Кубань	Каберне Совиньон	not_indexed	
ona-skazala-da	Она сказала Да!	Фанагория	Розовое	Кубань	Каберне Совиньон, Мерло, Саперави	indexed	dataset/prod-svoe-vino-1/uploads/Generated_Image_June_22_2026_10_44_PM_1_6fd1a74a1b.webp
one-barrel-uan-barrel	Chardonnay 2024 One Barrel by Dmitry Maslov	One Barrel (Уан Баррел)	Белое	Крым	Шардоне	not_indexed	
opium	Opium, 2020	WINEMAFIA	Красное	Кубань	Каберне Совиньон	not_indexed	
orange	Orange, 2023	WINEMAFIA	Белое	Кубань	Рислинг	not_indexed	
orlov_merlo	Мерло	Винодельня Орлова	Красное	Кубань	Совиньон Блан	not_indexed	
orlov_sauvignon_blan	Совиньон Блан	Винодельня Орлова	Белое	Кубань	Совиньон Блан	not_indexed	
oxana-istratova-wine-rkatsiteli-2023-oranzhevoe-suhoe-113	Ркацители 2023	Oxana Istratova Wine	Оранжевое	Крым	Ркацители	not_indexed	
oxana-istratova-wine-rkatsiteli-2024-oranzhevoe-suhoe-12	Ркацители 2024	Oxana Istratova Wine	Оранжевое	Крым	Ркацители	not_indexed	
oxana-istratova-wine-saperavi-2023-krasnoe-suhoe-13	Саперави 2023	Oxana Istratova Wine	Красное	Крым	Саперави	not_indexed	
oxana-istratova-wine-vione-2023-oranzhevoe-suhoe-119	Вионье 2023	Oxana Istratova Wine	Оранжевое	Крым	Вионье	not_indexed	
oxana-istratova-wine-vione-2024-oranzhevoe-suhoe-13	Вионье 2024	Oxana Istratova Wine	Оранжевое	Крым	Вионье	not_indexed	
perovskih_aligote	Алиготе. Лимитированная серия	Усадьба Перовских	Красное	Крым	Алиготе	indexed	dataset/prod-svoe-vino-1/uploads/Aligote_limitirovannaya_60fab8c449.webp
perovskih_blan_de_noir	Блан де Нуар. Брют Натюр	Усадьба Перовских	Белое	Крым	Пино Нуар	indexed	dataset/prod-svoe-vino-1/uploads/Blanc_de_noirs_brut_nature_030b095589.webp
perovskih_kaberne_fran_reserve	Каберне Фран Резерв	Усадьба Перовских	Красное	Крым	Каберне Фран	not_indexed	
perovskih_kokur_orange	Кокур Оранж	Усадьба Перовских	Белое	Крым	Кокур	not_indexed	
perovskih_merlo	Мерло	Усадьба Перовских	Розовое	Крым	Мерло	not_indexed	
perovskih_muskat	Мускат	Усадьба Перовских	Белое	Крым	Мускат Белый, Мускат Оттонель	not_indexed	
perovskih_muskat_orange	Мускат Оранж	Усадьба Перовских	Белое	Крым	Мускат Оттонель	not_indexed	
perovskih_odesskiy_chernyi	Одесский черный. Лимитированная серия	Усадьба Перовских	Красное	Крым	Одесский черный	not_indexed	
perovskih_polusladkoe_beloe	Полусладкое Белое	Усадьба Перовских	Белое	Крым	Вионье, Кокур, Шардоне	indexed	dataset/prod-svoe-vino-1/uploads/Beloe_Polusladkoe_2024_6ac89014e4.webp
perovskih_polusladkoe_krasnoe	Полусладкое Красное	Усадьба Перовских	Красное	Крым	Каберне Совиньон, Мерло, Пино Нуар	not_indexed	
perovskih_polusladkoe_rosovoe	Полусладкое розовое	Усадьба Перовских	Розовое	Крым	Мурведр, Сира	not_indexed	
perovskih_polusuhoe_krasnoe	Полусухое Красное	Усадьба Перовских	Красное	Крым	Мурведр, Пино Нуар	not_indexed	
perovskih_rkaciteli_orange	Ркацители Оранж	Усадьба Перовских	Белое	Крым	Ркацители	not_indexed	
perovskih_rose	Розе	Усадьба Перовских	Розовое	Крым	Пино Нуар	indexed	dataset/prod-svoe-vino-1/uploads/Extra_Brut_Rose_b02ec16ad0.webp
perovskih_semilion_reserv	Семильон Резерв	Усадьба Перовских	Белое	Крым	Семильон	not_indexed	
pet-nat-sosedi-2024	Пет Нат Соседи, 2024	Коммуналка	Розовое	Крым	Пино Нуар	indexed	dataset/prod-svoe-vino-1/uploads/DSC_09170_a4e65f21e4.webp
petrouchka	Petrouchka	Галицкий и Галицкий	Белое	Кубань	Совиньон Блан	not_indexed	
pino-glyu-2025	Пино Глю, 2025	Коммуналка	Красное	Крым	Пино Нуар	indexed	dataset/prod-svoe-vino-1/uploads/DSC_00837_Photoroom_494c8f4098.webp
pino-gri-avtorskoe	Пино Гри Авторское	Массандра	Белое	Крым	Пино Гри	indexed	dataset/prod-svoe-vino-1/uploads/4286_Ixm_F_Mpd_no_bg_preview_carve_photos_e9bc638816.webp
pino-nuar	Пино Нуар	Галицкий и Галицкий	Красное	Кубань	Пино Нуар	not_indexed	
pino-nuar-2025	Пино Нуар, 2025	Винодельня Братьев Мельниковых	Розовое	Крым	Пино Нуар	not_indexed	
pino-nuar-dzhavaga	Пино Нуар Джавага	Галицкий и Галицкий	Красное	Кубань	Пино Нуар	not_indexed	
pino-nuar-premium	Пино Нуар. Премиум	Литавщук. Litavshchuk vineyards & winery	Красное	Кубань	Пино черный	not_indexed	
pinot-noir-2024-one-barrel-by-dmitry-maslov-pino-nuar-2024-uan-barrel-dmitrij-maslov	Pinot Noir 2024 One Barrel by Dmitry Maslov (Пино Нуар 2024 Уан Баррел Дмитрий Маслов)	One Barrel (Уан Баррел)	Красное	Крым	Пино Нуар	indexed	dataset/prod-svoe-vino-2/uploads/IMG_20250829_WA_0033_1_aa1d35a672.webp
pobeda	Победа	Табия	Красное	Кубань	Каберне Совиньон, Мерло, Рубин Голодриги	not_indexed	
polusladkoe-beloe-zolotaya-balka	Полусладкое Белое Золотая Балка	Золотая Балка	Белое	Крым	Совиньон Блан	not_indexed	
polusladkoe-krasnoe-zb-vajn-frizzante	Полусладкое красное ЗБ вайн Фриззанте	Золотая Балка	Красное	Крым	Каберне Совиньон	not_indexed	
polusladkoe-krasnoe-zolotaya-balka	Полусладкое Красное Золотая Балка	Золотая Балка	Красное	Крым	Мерло	not_indexed	
polusladkoe-rozovoe-zolotaya-balka	Полусладкое Розовое Золотая Балка	Золотая Балка	Розовое	Крым	Пино Нуар	not_indexed	
polusuhoe-beloe-zolotaya-balka	Полусухое Белое Золотая Балка	Золотая Балка	Белое	Крым	Совиньон Блан	not_indexed	
polusuhoe-rozovoe-zb-vajn-frizzante	Полусухое розовое ЗБ вайн Фриззанте	Золотая Балка	Розовое	Крым	Алиготе	not_indexed	
pomeste-golubitskoe-kaberne-sovinon-rezerv-krasnoe-suhoe-143	Каберне Совиньон Резерв	Golubitskoe Estate	Красное	Кубань	Каберне Совиньон	not_indexed	
pomeste-golubitskoe-noble-selection-pino-nuar-roze-rozovoe-suhoe-132	Noble Selection. Пино Нуар розе	Golubitskoe Estate	Розовое	Кубань	Пино Нуар	not_indexed	
pomeste-golubitskoe-shardone-rezerv-beloe-suhoe-132	Шардоне Резерв	Golubitskoe Estate	Белое	Кубань	Шардоне	not_indexed	
pomeste-golubitskoe-tte-de-cheval-blanc-de-blancs-shardone-beloe-bryut-12	Tête de Cheval Blanc de Blancs	Golubitskoe Estate	Белое	Кубань	Шардоне	not_indexed	
pomeste-golubitskoe-tte-de-cheval-bryut-risling-reynskiy-beloe-12	Tête de Cheval брют	Golubitskoe Estate	Белое	Кубань	Рислинг Рейнский	not_indexed	
pomeste-golubitskoe-tte-de-cheval-sladkoe-risling-reynskiy-beloe-12	Tête de Cheval сладкое	Golubitskoe Estate	Белое	Кубань	Рислинг Рейнский	not_indexed	
pomeste-golubitskoe-tte-de-cheval-sladkoe-roze-pino-gri-rozovoe-115	Tête de Cheval сладкое розе	Golubitskoe Estate	Розовое	Кубань	Пино Гри	not_indexed	
portvejn-krymskij	Портвейн Крымский	Солнечная долина	Белое	Крым	Кокур Белый, Ркацители	not_indexed	
portvejn-surozh	Портвейн Сурож	Массандра	Белое	Крым	Кокур Белый	not_indexed	
potenczial-2026	Потенциал 2026, 2014	WINEMAFIA	Красное	Кубань	Каберне Совиньон	not_indexed	
pozdnij-sbor-beloe	Поздний сбор, Белое	Литавщук. Litavshchuk vineyards & winery	Белое	Кубань	Мускат Белый, Совиньон Блан	not_indexed	
pozdnij-sbor-krasnoe	Поздний сбор, Красное	Литавщук. Litavshchuk vineyards & winery	Красное	Кубань	Каберне Совиньон, Рубин Голодриги	not_indexed	
privat	Приват	Солнечная долина	Красное	Крым	Бастардо Магарачский, Каберне Совиньон, Мускат Розовый, Одесский черный, Пино Нуар	not_indexed	
radiowine-kaberne-fran-krasnoe-suhoe-14	Каберне Фран	Radio Wine	Красное	Крым	Каберне Фран	not_indexed	
radiowine-muskat-amber-muskat-ottonel-beloe-suhoe-13	Мускат Амбер	Radio Wine	Белое	Крым	Мускат Оттонель	not_indexed	
rebo	Ребо	Cellar Master	Красное	Крым	Ребо	not_indexed	
rebo-rezerv	Ребо резерв	Cellar Master	Красное	Крым	Ребо	not_indexed	
relikta-relikta-antey-magarachskiy-muskat-belyy-rozovoe-polusuhoe-11	Реликта Антей Магарачский, Мускат Белый	Реликта	Розовое	Кубань	Антей магарачский, Мускат Белый	not_indexed	
relikta-relikta-dekabrskiy-krasnoe-polusladkoe-125	Реликта Декабрьский	Реликта	Красное	Кубань	Декабрьский, Мерло	not_indexed	
relikta-relikta-ekstra-bryut-shardone-beloe-105	Реликта Экстра Брют	Реликта	Белое	Кубань	Мускат Белый, Шардоне	not_indexed	
relikta-relikta-kaberne-sovinon-krasnoe-suhoe-135	Реликта Каберне Совиньон	Реликта	Красное	Кубань	Каберне Совиньон	not_indexed	
relikta-relikta-merlo-kaberne-sovinon-krasnoe-suhoe-135	Реликта Мерло, Каберне Совиньон	Реликта	Красное	Кубань	Каберне Совиньон, Мерло	not_indexed	
relikta-relikta-merlo-krasnoe-suhoe-135	Реликта Мерло	Реликта	Красное	Кубань	Мерло	not_indexed	
relikta-relikta-muskat-beloe-polusuhoe-12	Реликта Мускат	Реликта	Белое	Кубань	Мускат	not_indexed	
relikta-relikta-muskat-belyy-beloe-suhoe-12	Реликта Мускат Белый	Реликта	Белое	Кубань	Мускат Белый	not_indexed	
relikta-relikta-pervenets-muskat-pervenets-magaracha-beloe-polusladkoe-125	Реликта Первенец Мускат	Реликта	Белое	Кубань	Мускат Белый, Первенец Магарача	not_indexed	
relikta-relikta-pervenets-pervenets-magaracha-beloe-suhoe-12	Реликта Первенец	Реликта	Белое	Кубань	Первенец Магарача	not_indexed	
relikta-relikta-petnat-antey-magarachskiy-rozovoe-ekstra-bryut-11	Реликта Петнат	Реликта	Розовое	Кубань	Антей магарачский	not_indexed	
relikta-relikta-risling-beloe-suhoe-12	Реликта Рислинг	Реликта	Белое	Кубань	Рислинг	not_indexed	
relikta-relikta-shardone-beloe-suhoe-12	Реликта Шардоне	Реликта	Белое	Кубань	Шардоне	not_indexed	
relikta-relikta-sira-kaberne-fran-krasnoe-suhoe-13	Реликта Сира, Каберне Фран	Реликта	Красное	Кубань	Каберне Фран, Сира	not_indexed	
relikta-relikta-sira-krasnoe-suhoe-13	Реликта Сира	Реликта	Красное	Кубань	Сира	not_indexed	
relikta-relikta-traminer-beloe-suhoe-11	Реликта Траминер	Реликта	Белое	Кубань	Траминер	not_indexed	
relikta-relikta-varvary-antey-magarachskiy-krasnoe-suhoe-13-15	Реликта Варвары	Реликта	Красное	Кубань	Антей магарачский, Красностоп Золотовский, Саперави	not_indexed	
rem-akchurin-bryut-roze-pino-nuar-rozovoe-129	Брют розе	Rem Akchurin	Розовое	Крым	Пино Нуар	not_indexed	
rem-akchurin-muskat-belyy-beloe-suhoe-135	Мускат Белый	Rem Akchurin	Белое	Крым	Мускат Белый	not_indexed	
rem-akchurin-muskat-oranzh-oranzhevoe-suhoe-115	Мускат Оранж	Rem Akchurin	Оранжевое	Крым	Мускат	not_indexed	
rem-akchurin-rem-akchurin-pino-nuar-roze-rozovoe-suhoe-14	Рем Акчурин Пино Нуар Розе	Rem Akchurin	Розовое	Крым	Пино Нуар	not_indexed	
rem-akchurin-risling-beloe-polusuhoe-12	Рислинг	Rem Akchurin	Белое	Крым	Рислинг	not_indexed	
rem-akchurin-risling-beloe-suhoe-125	Рислинг	Rem Akchurin	Белое	Крым	Рислинг	not_indexed	
rem-akchurin-shardone-beloe-bryut-14	Шардоне	Rem Akchurin	Белое	Крым	Шардоне	not_indexed	
riesling	Riesling, 2024	WINEMAFIA	Белое	Кубань	Рислинг	not_indexed	
riesling-dva-petra-2022	Riesling Два Петра 2022	Два Петра	Белое	Крым	Рислинг	not_indexed	
risling	Рислинг	Галицкий и Галицкий	Белое	Кубань	Рислинг	not_indexed	
risling-1	Рислинг	Табия	Белое	Кубань	Рислинг Рейнский	not_indexed	
risling-2024	Рислинг, 2024	Винодельня Братьев Мельниковых	Белое	Крым	Рислинг	indexed	dataset/prod-svoe-vino-1/uploads/DSC_00840_Photoroom_13a0701346.webp
risling-shato-taman	Рислинг. Шато Тамань	Кубань-Вино	Белое	Кубань	Рислинг Рейнский	not_indexed	
rkacziteli-beloe-suhoe	Ркацители белое сухое	Ведерниковъ	Белое	Долина Дона	Ркацители	not_indexed	
rose-roze-oleg-repin	Rose (Розе. Олег Репин)	Oleg Repin	Розовое	Крым	Сира	not_indexed	
roze	Розе	Chateau Semiray	Розовое	Кубань	Каберне Фран	not_indexed	
roze-1	Розе	Галицкий и Галицкий	Розовое	Кубань	Каберне Совиньон, Мерло, Пино Нуар	not_indexed	
roze-2	Розе	Табия	Розовое	Кубань	Каберне Совиньон	not_indexed	
roze-avtorskoe-vino	Розе. Авторское вино	Массандра	Розовое	Крым	Сира	indexed	dataset/prod-svoe-vino-1/uploads/2922_l_Cf6_Bdm_213c0a3fbb.webp
roze-malbek	Розе Мальбек	Долина Лефкадия	Розовое	Кубань	Мальбек	not_indexed	
roze-premium	Розе. Премиум	Литавщук. Litavshchuk vineyards & winery	Розовое	Кубань	Каберне Совиньон	not_indexed	
rozovaya-pantera	Розовая Пантера полусладкое розовое	АРАТТИ	Розовое	Кубань	Каберне Совиньон, Мускат Белый	not_indexed	
rozovoe-bryut	Розовое брют Monte Garu	Дербент Вино	Розовое	Дагестан	Бианка, Мерло, Первенец Магарача, Ркацители	not_indexed	
rozovoe-bryut-1	Розовое брют	Золотая Балка	Розовое	Крым	Алиготе, Каберне Совиньон, Мерло, Пино Блан, Рислинг, Ркацители, Шардоне	not_indexed	
rozovoe-bryut-spumante	Розовое брют Спуманте	Золотая Балка	Розовое	Крым	Алиготе, Каберне Совиньон, Пино Блан, Рислинг, Ркацители, Шардоне	not_indexed	
rozovoe-polusladkoe	Розовое полусладкое	Фанагория	Розовое	Кубань	Пино Нуар, Цимлянский черный, Шардоне	not_indexed	
rozovoe-polusladkoe-1	Розовое полусладкое	Золотая Балка	Розовое	Крым	Каберне Совиньон, Мерло, Пино Нуар	not_indexed	
rozovoe-polusladkoe-2	Розовое полусладкое	Абрау-Дюрсо	Розовое	Кубань	Каберне Совиньон, Каберне Фран, Мерло, Пино Нуар	indexed	dataset/prod-svoe-vino-1/uploads/Generated_Image_June_22_2026_10_44_PM_8cfe21d41e.webp
rozovoe-zoloto	Розовое золото	Табия	Розовое	Кубань	Каберне Совиньон	not_indexed	
rubin-golodrigi	Рубин Голодриги	Табия	Красное	Кубань	Рубин Голодриги	not_indexed	
rubin-premium	Рубин. Премиум	Литавщук. Litavshchuk vineyards & winery	Красное	Кубань	Рубин Голодриги	not_indexed	
ruby	Ruby, 2021	WINEMAFIA	Красное	Кубань	Красностоп	not_indexed	
rustok-glera-ru-140	Русток Глера Ru 140	Мысхако	Белое	Кубань	Глера	not_indexed	
sacrum-bryut-beloe	Sacrum, брют, белое	WINEMAFIA	Белое	Кубань	Совиньон Блан	not_indexed	
sacrum-bryut-rozovoe	Sacrum, брют, розовое	WINEMAFIA	Розовое	Кубань	Каберне Совиньон	not_indexed	
sand-zh-oveze-rezerv	Санджовезе резерв	Cellar Master	Красное	Крым	Санджовезе	not_indexed	
saperavi-premium	Саперави. Премиум	Литавщук. Litavshchuk vineyards & winery	Красное	Кубань	Саперави	not_indexed	
sary-pandas-vyderzhannoe	Сары Пандас выдержанное	Солнечная долина	Белое	Крым	Сары Пандас	not_indexed	
satera-satera-esse-krasnyy-blend-15-kaberne-sovinon-krasnoe-suhoe-13	Сатера Эссе Красный Бленд 15	Сатера	Красное	Крым	Каберне Совиньон, Каберне Фран, Мальбек, Мерло, Пти Вердо	not_indexed	
semeynaya-vinodelnya-mihaila-kolesnikova-ispanets-kaberne-sovinon-krasnoe-suhoe-148	Испанец	Семейная винодельня Михаила Колесникова	Красное	Ставрополье	Каберне Совиньон	not_indexed	
semeynaya-vinodelnya-mihaila-kolesnikova-kaberne-fran-merlo-krasnostop-krasnoe-suhoe-148	Каберне Фран - Мерло - Красностоп	Семейная винодельня Михаила Колесникова	Красное	Ставрополье	Каберне Фран	not_indexed	
seneth-shu-shu-saperavi-rozovoe-suhoe-12	Шу-Шу	Сенетх	Розовое	Кубань	Саперави	not_indexed	
shardone	Шардоне	Chateau Semiray	Белое	Кубань	Шардоне	not_indexed	
shardone-1	Шардоне	Усадьба Перовских	Белое	Крым	Шардоне	not_indexed	
shardone-2	Шардоне	Галицкий и Галицкий	Белое	Кубань	Шардоне	not_indexed	
shardone-akacziya	Шардоне Акация	Галицкий и Галицкий	Белое	Кубань	Шардоне	not_indexed	
shardone-balaklava	Шардоне Балаклава	Золотая Балка	Белое	Крым	Шардоне	not_indexed	
shardone-barrel-2023	Шардоне Баррель, 2023	Коммуналка	Белое	Крым	Шардоне	not_indexed	
shardone-premium	Шардоне. Премиум	Литавщук. Litavshchuk vineyards & winery	Белое	Кубань	Шардоне	not_indexed	
shardone-rezerv	Шардоне Резерв	Усадьба Перовских	Белое	Крым	Шардоне	not_indexed	
shato-ay-danil-bomond-aligote-beloe-suhoe-13	Бомонд	Шато Ай-Даниль	Белое	Крым	Алиготе	not_indexed	
shato-ay-danil-byanko-da-sole-muskat-belyy-beloe-polusladkoe-13	Бьянко да Соле	Шато Ай-Даниль	Белое	Крым	Мускат Белый	not_indexed	
shato-ay-danil-grenash-krasnoe-suhoe-12	Гренаш	Шато Ай-Даниль	Красное	Крым	Гренаш	not_indexed	
shato-ay-danil-kapriz-muskat-belyy-beloe-suhoe-135	Каприз	Шато Ай-Даниль	Белое	Крым	Мускат Белый	not_indexed	
shato-ay-danil-presto-rezerv-kaberne-sovinon-krasnoe-suhoe-135	Престо Резерв	Шато Ай-Даниль	Красное	Крым	Каберне Совиньон	not_indexed	
shato-ay-danil-skarlatto-da-sole-saperavi-krasnoe-polusladkoe-13	Скарлатто да Соле	Шато Ай-Даниль	Красное	Крым	Бастардо Магарачский	not_indexed	
shato-ay-danil-tokkata-saperavi-krasnoe-suhoe-14	Токката	Шато Ай-Даниль	Красное	Крым	Каберне Совиньон	not_indexed	
shato-ay-danil-tramonto-kaberne-sovinon-krasnoe-suhoe-14	Трамонто	Шато Ай-Даниль	Красное	Крым	Каберне Совиньон	not_indexed	
shato-pino-agpoezdnik-beloe-shardone-suhoe-13	A.G.Poezdnik. Белое	Шато Пино	Белое	Кубань	Шардоне	not_indexed	
shato-pino-agpoezdnik-krasnoe-kaberne-fran-suhoe-14	A.G.Poezdnik. Красное	Шато Пино	Красное	Кубань	Каберне Фран	not_indexed	
shato-pino-aligote-rkatsiteli-beloe-suhoe-12	Алиготе - Ркацители белое сухое	Шато Пино	Белое	Кубань	Алиготе	not_indexed	
shato-pino-aligote-rkatsiteli-suhoe-beloe-12	Алиготе - Ркацители сухое белое	Шато Пино	Белое	Кубань	Алиготе	not_indexed	
shato-pino-blan-de-blan-shardone-beloe-ekstra-bryut-12	Блан Де Блан	Шато Пино	Белое	Кубань	Шардоне	not_indexed	
shato-pino-dichkaberne-fran-krasnoe-suhoe-14	Дичь.Каберне Фран	Шато Пино	Красное	Кубань	Каберне Фран	not_indexed	
shato-pino-exclusive-kaberne-sovinon-shiraz-krasnoe-suhoe-135	Exclusive Каберне Совиньон - Шираз	Шато Пино	Красное	Кубань	Каберне Совиньон	not_indexed	
shato-pino-exclusive-pino-nuar-merlo-krasnoe-suhoe-135	Exclusive Пино Нуар - Мерло	Шато Пино	Красное	Кубань	Пино Нуар	not_indexed	
shato-pino-exclusive-shardone-pino-gri-beloe-suhoe-125	Exclusive Шардоне - Пино Гри	Шато Пино	Белое	Кубань	Шардоне	not_indexed	
shato-pino-exclusive-vione-risling-beloe-suhoe-115	Exclusive Вионье - Рислинг	Шато Пино	Белое	Кубань	Вионье	not_indexed	
shato-pino-grand-reserve-cabernet-franc-kaberne-fran-krasnoe-suhoe-135	Grand Reserve Cabernet Franc	Шато Пино	Красное	Кубань	Каберне Фран	not_indexed	
shato-pino-grand-reserve-cabernet-sauvignon-kaberne-sovinon-krasnoe-suhoe-135	Grand Reserve Cabernet Sauvignon	Шато Пино	Красное	Кубань	Каберне Совиньон	not_indexed	
shato-pino-grand-reserve-chardonnay-shardone-beloe-suhoe-125	Grand Reserve Chardonnay	Шато Пино	Белое	Кубань	Шардоне	not_indexed	
shato-pino-grand-reserve-pinot-noir-pino-nuar-krasnoe-suhoe-135	Grand Reserve Pinot Noir	Шато Пино	Красное	Кубань	Пино Нуар	not_indexed	
shato-pino-gravitatsiya-kaberne-sovinon-merlo-krasnoe-suhoe-135	Гравитация. Каберне Совиньон - Мерло	Шато Пино	Красное	Кубань	Каберне Совиньон	not_indexed	
shato-pino-ice-wine-risling-risling-reynskiy-beloe-sladkoe-11	ICE Wine Рислинг	Шато Пино	Белое	Кубань	Рислинг Рейнский	not_indexed	
shato-pino-kaberne-fran-kaberne-sovinon-krasnoe-suhoe-135	Каберне Фран - Каберне Совиньон	Шато Пино	Красное	Кубань	Каберне Фран	not_indexed	
shato-pino-kaberne-sovinon-krasnoe-suhoe-14	Каберне Совиньон	Шато Пино	Красное	Кубань	Каберне Совиньон	not_indexed	
shato-pino-kaberne-sovinon-merlo-krasnoe-suhoe-135	Каберне Совиньон - Мерло	Шато Пино	Красное	Кубань	Каберне Совиньон	not_indexed	
shato-pino-klassika-sauvignon-blanc	Шато Пино Классика Sauvignon Blanc	Шато Пино	Белое	Кубань	Совиньон Блан	not_indexed	
shato-pino-koldun-belyy-shardone-beloe-suhoe-12	Колдун Белый	Шато Пино	Белое	Кубань	Шардоне	not_indexed	
shato-pino-koldun-krasnyy-merlo-krasnoe-suhoe-14	Колдун Красный	Шато Пино	Красное	Кубань	Мерло	not_indexed	
shato-pino-koldun-rezerv-kaberne-sovinon-krasnoe-suhoe-14	Колдун Резерв	Шато Пино	Красное	Кубань	Каберне Совиньон	not_indexed	
shato-pino-marselan-merlo-krasnoe-suhoe-13	Марселан - Мерло	Шато Пино	Красное	Кубань	Марселан	not_indexed	
shato-pino-petnat-oranzh-vione-beloe-ekstra-bryut-11	Петнат Оранж	Шато Пино	Белое	Кубань	Вионье	not_indexed	
shato-pino-petnat-pino-gri-beloe-ekstra-bryut-11	Петнат Пино Гри	Шато Пино	Белое	Кубань	Пино Гри	not_indexed	
shato-pino-petnat-pino-gri-rozovoe-ekstra-bryut-11	Петнат Пино Гри	Шато Пино	Розовое	Кубань	Пино Гри	not_indexed	
shato-pino-petnat-pino-nuar-rozovoe-ekstra-bryut-11	Петнат Пино Нуар	Шато Пино	Розовое	Кубань	Пино Нуар	not_indexed	
shato-pino-petnat-sovinon-blan-beloe-ekstra-bryut-11	Петнат Совиньон Блан	Шато Пино	Белое	Кубань	Совиньон Блан	not_indexed	
shato-pino-pino-gri-roze-rozovoe-ekstra-bryut-12	Пино Гри розе	Шато Пино	Розовое	Кубань	Пино Гри	not_indexed	
shato-pino-pino-gridzhio-beloe-suhoe-12	Пино Гриджио	Шато Пино	Белое	Кубань	Пино Гриджио	not_indexed	
shato-pino-pino-nuar-krasnoe-suhoe-135	Пино Нуар	Шато Пино	Красное	Кубань	Пино Нуар	not_indexed	
shato-pino-pino-nuar-pino-gri-rozovoe-suhoe-115	Пино Нуар - Пино Гри	Шато Пино	Розовое	Кубань	Пино Нуар	not_indexed	
shato-pino-pino-nuar-roze-rozovoe-ekstra-bryut-115	Пино Нуар розе	Шато Пино	Розовое	Кубань	Пино Нуар	not_indexed	
shato-pino-pino-nuar-saperavi-krasnoe-suhoe-13	Пино Нуар - Саперави	Шато Пино	Красное	Кубань	Пино Нуар	not_indexed	
shato-pino-shantazh-sovinon-blan-shardone-beloe-suhoe-115	Шантаж. Совиньон Блан - Шардоне	Шато Пино	Белое	Кубань	Совиньон Блан	not_indexed	
shato-pino-shardone-beloe-suhoe-125	Шардоне	Шато Пино	Белое	Кубань	Шардоне	not_indexed	
shato-pino-shardone-risling-beloe-suhoe-12	Шардоне - Рислинг	Шато Пино	Белое	Кубань	Шардоне	not_indexed	
shato-pino-shary-kolduna-blash-pino-gri-rozovoe-suhoe-12	Шары Колдуна. Блаш	Шато Пино	Розовое	Кубань	Пино Гри	not_indexed	
shato-pino-shary-kolduna-glyu-glyu-vione-krasnoe-suhoe-10	Шары Колдуна. Глю Глю	Шато Пино	Красное	Кубань	Вионье	not_indexed	
shato-pino-shary-kolduna-kirpichi-prileteli-pino-nuar-krasnoe-suhoe-135	Шары Колдуна. Кирпичи Прилетели	Шато Пино	Красное	Кубань	Пино Нуар	not_indexed	
shato-pino-shary-kolduna-ramato-pino-gri-rozovoe-suhoe-115	Шары Колдуна. Рамато	Шато Пино	Розовое	Кубань	Пино Гри	not_indexed	
shato-pino-shary-kolduna-topolek-rkatsiteli-beloe-suhoe-125	Шары Колдуна. Тополек	Шато Пино	Белое	Кубань	Ркацители	not_indexed	
shato-pino-shary-koldunatroynichok-risling-beloe-suhoe-115	Шары Колдуна.Тройничок	Шато Пино	Белое	Кубань	Рислинг	not_indexed	
shato-pino-shato-pino-koldun-merlo-krasnoe-suhoe-137	Шато Пино «Колдун»	Шато Пино	Красное	Кубань	Каберне Совиньон, Каберне Фран, Мерло, Пти Вердо	not_indexed	
shato-pino-shiraz-krasnoe-suhoe-135	Шираз	Шато Пино	Красное	Кубань	Шираз	not_indexed	
shato-pino-shiraz-krasnoe-suhoe-14	Шираз	Шато Пино	Красное	Кубань	Шираз	not_indexed	
shato-pino-sovinon-blan-semilon-beloe-suhoe-115	Совиньон Блан - Семильон	Шато Пино	Белое	Кубань	Совиньон Блан	not_indexed	
shato-taman-bryut	Шато Тамань Брют	Кубань-Вино	Белое	Кубань	Шардоне	not_indexed	
shato-taman-bryut-1	Шато Тамань Брют	Кубань-Вино	Розовое	Кубань	Пино Блан	not_indexed	
shato-taman-grape-dance	Шато Тамань. GRAPE DANCE	Кубань-Вино	Белое	Кубань	Бианка	not_indexed	
shato-taman-grape-dance-1	Шато Тамань. GRAPE DANCE	Кубань-Вино	Розовое	Кубань	Бианка	not_indexed	
shato-taman-kaberne	Шато Тамань. Каберне	Кубань-Вино	Красное	Кубань	Каберне Совиньон	indexed	dataset/prod-svoe-vino-1/uploads/2024gu_Normal_Sh_T_Kaberne_suhoe_krasnoe_0_75_4e3842e06a.webp
shato-taman-kaberne-sovinon	Шато Тамань. Каберне Совиньон	Кубань-Вино	Розовое	Кубань	Каберне Совиньон	indexed	dataset/prod-svoe-vino-1/uploads/2024gu_Normal_Sh_T_Kaberene_Sovinon_suh_roz_burgundiya_0_75_44046e83c9.webp
shato-taman-krasnostop	Шато Тамань. Красностоп	Кубань-Вино	Красное	Кубань	Красностоп	indexed	dataset/prod-svoe-vino-1/uploads/2024gu_Normal_Sh_T_Krasnostop_suhoe_krasnoe_0_75_99318c8e15.webp
shato-taman-par-la-mer-czvajgelt	Шато Тамань. Пар Ла Мер. Цвайгельт	Кубань-Вино	Красное	Кубань	Цвайгельт	not_indexed	
shato-taman-par-la-mer-korall	Шато Тамань. Пар Ла Мер. Коралл	Кубань-Вино	Розовое	Кубань	Каберне Совиньон	not_indexed	
shato-taman-par-la-mer-pino-blan	Шато Тамань. Пар Ла Мер. Пино Блан	Кубань-Вино	Белое	Кубань	Пино Блан	not_indexed	
shato-taman-par-la-mer-pino-nuar	Шато Тамань. Пар Ла Мер. Пино Нуар	Кубань-Вино	Розовое	Кубань	Пино Нуар	not_indexed	
shato-taman-par-la-mer-sovinon	Шато Тамань. Пар Ла Мер. Совиньон	Кубань-Вино	Белое	Кубань	Совиньон Блан	not_indexed	
shato-taman-polusladkoe	Шато Тамань Полусладкое	Кубань-Вино	Белое	Кубань	Шардоне	not_indexed	
shato-taman-saperavi	Шато Тамань. Саперави	Кубань-Вино	Красное	Кубань	Саперави	indexed	dataset/prod-svoe-vino-1/uploads/2024gu_Normal_Sh_T_Saperavi_suhoe_krasnoe_0_75_4b0f666d71.webp
shato-taman-shardone	Шато Тамань. Шардоне	Кубань-Вино	Белое	Кубань	Шардоне	indexed	dataset/prod-svoe-vino-1/uploads/2024gu_Normal_Sh_T_Shardone_suhoe_beloe_0_75_a190db1db4.webp
silvaner-pet-nat-2022	VIBES, Silvaner Pet-Nat 2022	Vibes	Белое	Крым	Сильванер	indexed	dataset/prod-svoe-vino-1/uploads/bottle_06_Silvaner_a23d302323.webp
sira	Сира	Mantra Estate	Красное	Кубань	Сира	not_indexed	
skalistyj-bereg-shepot-czvetov	Скалистый берег Шепот цветов	Скалистый берег	Белое	Кубань	Рислинг, Совиньон Блан	not_indexed	
skalistyy-bereg-dyhanie-voln-shardone-beloe-suhoe-121	Дыхание волн	Скалистый берег	Белое	Кубань	Совиньон Блан, Шардоне	not_indexed	
skalistyy-bereg-melodiya-leta-krasnostop-zolotovskiy-rozovoe-suhoe-126	Мелодия лета	Скалистый берег	Розовое	Кубань	Каберне Фран, Красностоп Золотовский, Мерло, Совиньон Блан	not_indexed	
skalistyy-bereg-pesn-holmov-merlo-krasnoe-suhoe-145	Песнь холмов	Скалистый берег	Красное	Кубань	Каберне Фран, Красностоп Золотовский, Мерло	not_indexed	
skalistyy-bereg-shyopot-tsvetov-risling-beloe-suhoe-109	Шёпот цветов	Скалистый берег	Белое	Кубань	Рислинг, Совиньон Блан	not_indexed	
skalistyy-bereg-skalistyy-bereg-kaberne-fran-krasnoe-suhoe-15	Скалистый берег. Каберне Фран	Скалистый берег	Красное	Кубань	Каберне Фран	not_indexed	
skalistyy-bereg-skalistyy-bereg-kaberne-sovinon-krasnoe-suhoe-15	Скалистый берег. Каберне Совиньон	Скалистый берег	Красное	Кубань	Каберне Совиньон	not_indexed	
skalistyy-bereg-skalistyy-bereg-krasnaya-kniga-glava-1-kaberne-sovinon-krasnoe-suhoe-147	Скалистый берег. Красная книга. Глава 1	Скалистый берег	Красное	Кубань	Каберне Совиньон, Каберне Фран, Мерло	not_indexed	
skalistyy-bereg-skalistyy-bereg-krasnaya-kniga-glava-2-merlo-krasnoe-suhoe-15	Скалистый берег. Красная книга. Глава 2	Скалистый берег	Красное	Кубань	Каберне Совиньон, Каберне Фран, Мерло	not_indexed	
skalistyy-bereg-skalistyy-bereg-krasnostop-zolotovskiy-krasnoe-suhoe-133	Скалистый берег. Красностоп Золотовский	Скалистый берег	Красное	Кубань	Красностоп Золотовский	not_indexed	
skalistyy-bereg-skalistyy-bereg-pino-nuar-krasnoe-suhoe-13	Скалистый берег. Пино Нуар	Скалистый берег	Красное	Кубань	Пино Нуар	not_indexed	
skalistyy-bereg-skalistyy-bereg-risling-beloe-suhoe-113	Скалистый берег. Рислинг	Скалистый берег	Белое	Кубань	Рислинг	not_indexed	
skalistyy-bereg-skalistyy-bereg-shardone-beloe-suhoe-135	Скалистый берег. Шардоне	Скалистый берег	Белое	Кубань	Шардоне	not_indexed	
skalistyy-bereg-skalistyy-bereg-sovinon-blan-beloe-suhoe-12	Скалистый берег. Совиньон Блан	Скалистый берег	Белое	Кубань	Совиньон Блан	not_indexed	
skalistyy-bereg-skb-blan-de-nuar-pino-nuar-beloe-ekstra-bryut-118	СКБ. Блан де Нуар	Скалистый берег	Белое	Кубань	Пино Нуар	not_indexed	
skalistyy-bereg-skb-roze-pino-nuar-beloe-ekstra-bryut-122	СКБ. Розе	Скалистый берег	Белое	Кубань	Пино Нуар	not_indexed	
skalistyy-bereg-veter-v-travah-kaberne-fran-krasnoe-suhoe-13	Ветер в травах	Скалистый берег	Красное	Кубань	Каберне Совиньон, Каберне Фран, Мерло	not_indexed	
sober-bash-afa-kaberne-sovinon-krasnoe-suhoe-125	Афа	Собер Баш	Красное	Кубань	Каберне Совиньон, Корвина, Красностоп Золотовский	not_indexed	
sober-bash-avrora-2024-krasnostop-zolotovskiy-rozovoe-suhoe-14	Аврора 2024	Собер Баш	Розовое	Кубань	Красностоп Золотовский	not_indexed	
sober-bash-dostoynyy-krasnoe-suhoe-14	Достойный	Собер Баш	Красное	Кубань	Достойный	not_indexed	
sober-bash-dve-doliny-auri-mtsvane-kahetinskiy-beloe-suhoe-125	Две долины. Аури	Собер Баш	Белое	Кубань	Мцване Кахетинский, Мюллер тургау, Ркацители	not_indexed	
sober-bash-dve-doliny-kaberne-fran-2023-krasnoe-polusuhoe-14	Две долины. Каберне Фран 2023	Собер Баш	Красное	Кубань	Каберне Совиньон, Каберне Фран	not_indexed	
sober-bash-dve-doliny-liuri-2023-dostoynyy-rozovoe-suhoe-13	Две долины. Лиури 2023	Собер Баш	Розовое	Кубань	Достойный, Каберне Фран, Красностоп Золотовский, Пино Гри	not_indexed	
sober-bash-dve-doliny-myuller-turgau-2023-beloe-suhoe-117	Две долины. Мюллер Тургау 2023	Собер Баш	Белое	Кубань	Мюллер тургау	not_indexed	
sober-bash-dve-doliny-saperavi-kachich-krasnoe-polusuhoe-15	Две долины. Саперави-Качич	Собер Баш	Красное	Кубань	Саперави	not_indexed	
sober-bash-dve-doliny-tsimlyanskiy-2023-tsimlyanskiy-chernyy-krasnoe-suhoe-13	Две долины. Цимлянский 2023	Собер Баш	Красное	Кубань	Голубок, Цимлянский черный	not_indexed	
sober-bash-grani-kumshatskiy-kumshatskiy-belyy-beloe-suhoe-11	Грани. Кумшацкий	Собер Баш	Белое	Кубань	Кумшацкий белый	not_indexed	
sober-bash-grani-muskat-muskat-dzhialo-beloe-suhoe-12	Грани. Мускат	Собер Баш	Белое	Кубань	Мускат Джалло	not_indexed	
sober-bash-grani-plechistik-krasnoe-suhoe-12	Грани. Плечистик	Собер Баш	Красное	Кубань	Плечистик	not_indexed	
sober-bash-hihvi-amfora-beloe-suhoe-14	Хихви Амфора	Собер Баш	Белое	Кубань	Хихви	not_indexed	
sober-bash-hihvi-beloe-suhoe-15	Хихви	Собер Баш	Белое	Кубань	Хихви	not_indexed	
sober-bash-kaberne-fran-krasnoe-suhoe-127	Каберне Фран	Собер Баш	Красное	Кубань	Каберне Фран	not_indexed	
sober-bash-kaberne-fran-krasnoe-suhoe-13	Каберне Фран	Собер Баш	Красное	Кубань	Каберне Фран	not_indexed	
sober-bash-kaberne-fran-rozovoe-suhoe-12	Каберне Фран	Собер Баш	Розовое	Кубань	Каберне Фран	not_indexed	
sober-bash-korvina-krasnostop-zolotovskiy-krasnoe-suhoe-14	Корвина	Собер Баш	Красное	Кубань	Каберне Фран, Красностоп Золотовский	not_indexed	
sober-bash-krasnostop-amfora-krasnostop-zolotovskiy-krasnoe-suhoe-13	Красностоп Амфора	Собер Баш	Красное	Кубань	Красностоп Золотовский	not_indexed	
sober-bash-krasnostop-krasnostop-zolotovskiy-krasnoe-suhoe-14	Красностоп	Собер Баш	Красное	Кубань	Красностоп Золотовский	not_indexed	
sober-bash-kumshatskiy-kumshatskiy-belyy-beloe-suhoe-11	Кумшацкий	Собер Баш	Белое	Кубань	Кумшацкий белый	not_indexed	
sober-bash-pino-gri-beloe-suhoe-11	Пино Гри	Собер Баш	Белое	Кубань	Пино Гри	not_indexed	
sober-bash-puhlyakovskiy-beloe-suhoe-12	Пухляковский	Собер Баш	Белое	Кубань	Пухляковский	not_indexed	
sober-bash-risling-risling-reynskiy-beloe-suhoe-11	Рислинг	Собер Баш	Белое	Кубань	Рислинг Рейнский	not_indexed	
sober-bash-risling-risling-reynskiy-beloe-suhoe-12	Рислинг	Собер Баш	Белое	Кубань	Рислинг Рейнский	not_indexed	
sober-bash-rkatsiteli-amfora-beloe-suhoe-135	Ркацители Амфора	Собер Баш	Белое	Кубань	Ркацители	not_indexed	
sober-bash-rkatsiteli-beloe-suhoe-14	Ркацители	Собер Баш	Белое	Кубань	Ркацители	not_indexed	
sober-bash-rubin-rubin-rubin-azos-krasnoe-suhoe-14	Рубин & Рубин	Собер Баш	Красное	Кубань	Рубин АЗОС	not_indexed	
sober-bash-saperavi-amfora-krasnoe-suhoe-14	Саперави Амфора	Собер Баш	Красное	Кубань	Саперави	not_indexed	
sober-bash-saperavi-krasnoe-suhoe-13	Саперави	Собер Баш	Красное	Кубань	Саперави	not_indexed	
sober-bash-trezvaya-golova-kaberne-fran-krasnostop-krasnoe-suhoe-13	Трезвая голова. Каберне Фран + Красностоп	Собер Баш	Красное	Кубань	Каберне Фран, Красностоп Золотовский	not_indexed	
sober-bash-trezvaya-golova-risling-risling-reynskiy-beloe-suhoe-10	Трезвая голова. Рислинг	Собер Баш	Белое	Кубань	Рислинг Рейнский	not_indexed	
sober-bash-trezvaya-golova-rkatsiteli-beloe-suhoe-12	Трезвая голова. Ркацители	Собер Баш	Белое	Кубань	Ркацители	not_indexed	
sober-bash-trezvaya-golova-rozovoe-krasnostop-zolotovskiy-suhoe-115	Трезвая голова. Розовое	Собер Баш	Розовое	Кубань	Каберне Фран, Красностоп Золотовский, Пино Гри, Ркацители	not_indexed	
sober-bash-trezvaya-golova-saperavi-krasnoe-suhoe-14	Трезвая голова. Саперави	Собер Баш	Красное	Кубань	Саперави	not_indexed	
sober-bash-trezvaya-golova-sibirkovyypino-gri-beloe-suhoe-11	Трезвая голова. Сибирьковый+Пино Гри	Собер Баш	Белое	Кубань	Пино Гри, Сибирьковый	not_indexed	
sober-bash-trezvaya-golova-tsimlyanskiygolubok-tsimlyanskiy-chernyy-krasnoe-suhoe-135	Трезвая голова. Цимлянский+Голубок	Собер Баш	Красное	Кубань	Голубок, Цимлянский черный	not_indexed	
solnechnaya-dolina-chernyy-doktor-solnechnoy-doliny-ekim-kara-krasnoe-sladkoe-16	Черный Доктор Солнечной Долины	Солнечная долина	Красное	Крым	Эким-Кара	not_indexed	
solnechnaya-dolina-chernyy-polkovnik-odesskiy-chernyy-krasnoe-sladkoe-175	Черный Полковник	Солнечная долина	Красное	Крым	Одесский черный	not_indexed	
solnechnaya-dolina-meganom-beloe-aligote-suhoe-13	Меганом белое	Солнечная долина	Белое	Крым	Алиготе	not_indexed	
solnechnaya-dolina-meganom-blanc-de-blancs-kokur-beloe-bryut-11	Меганом Blanc de Blancs	Солнечная долина	Белое	Крым	Кокур	not_indexed	
solnechnaya-dolina-meganom-kokur-beloe-bryut	Солнечная Долина Меганом Кокур белое брют	Солнечная долина	Белое	Крым	Кокур	not_indexed	
solnechnaya-dolina-meganom-kyuve-shardone-beloe-bryut-11	Меганом Кюве	Солнечная долина	Белое	Крым	Шардоне	not_indexed	
solnechnaya-dolina-muskatnoe-festivalnoe-muskat-belyy-rozovoe-sladkoe-16	Мускатное Фестивальное	Солнечная долина	Розовое	Крым	Мускат Белый	not_indexed	
solnechnaya-dolina-porto-solnechnoy-doliny-kokur-belyy-beloe-sladkoe-175	Порто Солнечной Долины	Солнечная долина	Белое	Крым	Кокур Белый	not_indexed	
solnechnaya-dolina-privat-kaberne-sovinon-krasnoe-sladkoe-155	Приват	Солнечная долина	Красное	Крым	Каберне Совиньон	not_indexed	
sosedi-aligote-shardone-2025	Соседи Алиготе/Шардоне 2025	Коммуналка	Белое	Крым	Алиготе, Шардоне	indexed	dataset/prod-svoe-vino-1/uploads/DSC_00842_e6a43cbc3d.webp
sovinon-blan-krasnaya-gorka	Совиньон Блан	Галицкий и Галицкий	Белое	Кубань	Совиньон Блан	not_indexed	
soyuz-vino-el-krusero-blanko-polusladkoe-belye-sorta-vinograda-beloe-11	Эль Крусеро Бланко Полусладкое	Союз-Вино	Белое	Кубань	Белые сорта винограда	not_indexed	
soyuz-vino-el-krusero-tinto-polusladkoe-krasnye-sorta-vinograda-krasnoe-11	Эль Крусеро Тинто Полусладкое	Союз-Вино	Красное	Кубань	Красные сорта винограда	not_indexed	
soyuz-vino-gloriya-de-luna-byanko-sekko-shardone-beloe-suhoe-11	Глория де Луна Бьянко Секко	Союз-Вино	Белое	Кубань	Совиньон Блан, Шардоне	not_indexed	
soyuz-vino-gloriya-de-luna-byanko-semidolche-shardone-beloe-polusladkoe-11	Глория де Луна Бьянко Семидольче	Союз-Вино	Белое	Кубань	Совиньон Блан, Шардоне	not_indexed	
soyuz-vino-gloriya-de-luna-rosso-sekko-kaberne-sovinon-krasnoe-suhoe-11	Глория де Луна Россо Секко	Союз-Вино	Красное	Кубань	Каберне Совиньон, Мерло	not_indexed	
soyuz-vino-gloriya-de-luna-rosso-semidolche-kaberne-sovinon-krasnoe-polusladkoe-11	Глория де Луна Россо Семидольче	Союз-Вино	Красное	Кубань	Каберне Совиньон, Мерло	not_indexed	
soyuz-vino-izola-del-sole-beloe-v-banke-shardone-suhoe-11	Изола дель Соле Белое в банке	Союз-Вино	Белое	Кубань	Рислинг Рейнский, Шардоне	not_indexed	
soyuz-vino-izola-del-sole-roze-v-banke-krasnostop-rozovoe-suhoe-11	Изола дель Соле Розе в банке	Союз-Вино	Розовое	Кубань	Красностоп, Шардоне	not_indexed	
soyuz-vino-kanonicheskie-traditsii-krasnoe-polusladkoe-kaberne-sovinon-115	Канонические Традиции Красное Полусладкое	Союз-Вино	Красное	Кубань	Каберне Совиньон, Мерло	not_indexed	
soyuz-vino-kanonicheskie-traditsii-krasnoe-sladkoe-kaberne-sovinon-115	Канонические Традиции Красное Сладкое	Союз-Вино	Красное	Кубань	Каберне Совиньон, Мерло	not_indexed	
soyuz-vino-kartuli-supris-saperavi-krasnoe-polusladkoe-11	Картули Суприс Саперави	Союз-Вино	Красное	Кубань	Саперави	not_indexed	
soyuz-vino-kartuli-supris-saperavi-suhoe-krasnoe-11	Картули Суприс Саперави Сухое	Союз-Вино	Красное	Кубань	Саперави	not_indexed	
soyuz-vino-kartuli-supris-shereuli-saperavi-krasnoe-polusladkoe-11	Картули Суприс Шереули	Союз-Вино	Красное	Кубань	Каберне Совиньон, Саперави	not_indexed	
soyuz-vino-konfessa-pino-gridzhio-beloe-polusladkoe-11	Конфесса Пино Гриджио	Союз-Вино	Белое	Кубань	Пино Гриджио	not_indexed	
soyuz-vino-konfessa-sandzhoveze-krasnoe-suhoe-11	Конфесса Санджовезе	Союз-Вино	Красное	Кубань	Санджовезе	not_indexed	
soyuz-vino-konfessa-sandzhoveze-polusladkoe-krasnoe-11	Конфесса Санджовезе Полусладкое	Союз-Вино	Красное	Кубань	Санджовезе	not_indexed	
soyuz-vino-kubanskoe-traditsionnoe-beloe-polusladkoe-07-belye-sorta-vinograda-11	Кубанское Традиционное Белое Полусладкое 0.7	Союз-Вино	Белое	Кубань	Белые сорта винограда	not_indexed	
soyuz-vino-kubanskoe-traditsionnoe-beloe-polusladkoe-belye-sorta-vinograda-11	Кубанское Традиционное Белое Полусладкое	Союз-Вино	Белое	Кубань	Белые сорта винограда	not_indexed	
soyuz-vino-kubanskoe-traditsionnoe-beloe-suhoe-07-belye-sorta-vinograda-11	Кубанское Традиционное Белое Сухое 0.7	Союз-Вино	Белое	Кубань	Белые сорта винограда	not_indexed	
soyuz-vino-kubanskoe-traditsionnoe-beloe-suhoe-belye-sorta-vinograda-11	Кубанское Традиционное Белое Сухое	Союз-Вино	Белое	Кубань	Белые сорта винограда	not_indexed	
soyuz-vino-kubanskoe-traditsionnoe-krasnoe-polusladkoe-07-krasnye-sorta-vinograda-11	Кубанское Традиционное Красное Полусладкое 0.7	Союз-Вино	Красное	Кубань	Красные сорта винограда	not_indexed	
soyuz-vino-kubanskoe-traditsionnoe-krasnoe-polusladkoe-krasnye-sorta-vinograda-11	Кубанское Традиционное Красное Полусладкое	Союз-Вино	Красное	Кубань	Красные сорта винограда	not_indexed	
soyuz-vino-kubanskoe-traditsionnoe-krasnoe-suhoe-07-krasnye-sorta-vinograda-11	Кубанское Традиционное Красное Сухое 0.7	Союз-Вино	Красное	Кубань	Красные сорта винограда	not_indexed	
soyuz-vino-kubanskoe-traditsionnoe-krasnoe-suhoe-krasnye-sorta-vinograda-11	Кубанское Традиционное Красное Сухое	Союз-Вино	Красное	Кубань	Красные сорта винограда	not_indexed	
soyuz-vino-lak-dazyur-blan-moellyo-belye-sorta-vinograda-beloe-polusladkoe-11	Лак д'Азюр Блан Моэллё	Союз-Вино	Белое	Кубань	Белые сорта винограда	not_indexed	
soyuz-vino-lak-dazyur-blan-sek-belye-sorta-vinograda-beloe-suhoe-11	Лак д'Азюр Блан Сек	Союз-Вино	Белое	Кубань	Белые сорта винограда	not_indexed	
soyuz-vino-lak-dazyur-ruzh-moellyo-belye-sorta-vinograda-krasnoe-polusladkoe-11	Лак д'Азюр Руж Моэллё	Союз-Вино	Красное	Кубань	Белые сорта винограда	not_indexed	
soyuz-vino-lak-dazyur-ruzh-sek-krasnye-sorta-vinograda-krasnoe-suhoe-11	Лак д'Азюр Руж Сек	Союз-Вино	Красное	Кубань	Красные сорта винограда	not_indexed	
soyuz-vino-lavetti-beloe-polusladkoe-belye-sorta-vinograda-11	Лаветти Белое Полусладкое	Союз-Вино	Белое	Кубань	Белые сорта винограда	not_indexed	
soyuz-vino-lavetti-beloe-suhoe-belye-sorta-vinograda-11	Лаветти Белое Сухое	Союз-Вино	Белое	Кубань	Белые сорта винограда	not_indexed	
soyuz-vino-lavetti-krasnoe-polusladkoe-krasnye-sorta-vinograda-11	Лаветти Красное Полусладкое	Союз-Вино	Красное	Кубань	Красные сорта винограда	not_indexed	
soyuz-vino-lavetti-krasnoe-suhoe-krasnye-sorta-vinograda-11	Лаветти Красное Сухое	Союз-Вино	Красное	Кубань	Красные сорта винограда	not_indexed	
soyuz-vino-lavetti-rozovoe-polusladkoe-krasnye-sorta-vinograda-11	Лаветти Розовое Полусладкое	Союз-Вино	Розовое	Кубань	Белые сорта винограда, Красные сорта винограда	not_indexed	
soyuz-vino-lenty-izabella-krymskaya-krasnoe-polusladkoe-11	Ленты Изабелла Крымская	Союз-Вино	Красное	Крым	Изабелла	not_indexed	
soyuz-vino-lenty-kaberne-krymskoe-kaberne-sovinon-krasnoe-polusladkoe-11	Ленты Каберне Крымское	Союз-Вино	Красное	Крым	Каберне Совиньон	not_indexed	
soyuz-vino-lenty-shardone-krymskoe-beloe-polusladkoe-11	Ленты Шардоне Крымское	Союз-Вино	Белое	Крым	Шардоне	not_indexed	
soyuz-vino-mosavali-rkatsiteli-beloe-polusladkoe-11	Мосавали Ркацители	Союз-Вино	Белое	Кубань	Ркацители	not_indexed	
soyuz-vino-mosavali-saperavi-polusladkoe-krasnoe-11	Мосавали Саперави Полусладкое	Союз-Вино	Красное	Кубань	Саперави	not_indexed	
soyuz-vino-mosavali-saperavi-suhoe-krasnoe-11	Мосавали Саперави Сухое	Союз-Вино	Красное	Кубань	Саперави	not_indexed	
soyuz-vino-shato-de-mongolfer-risling-polusuhoe-beloe-11	Шато де Монгольфьер Рислинг Полусухое	Союз-Вино	Белое	Кубань	Рислинг	not_indexed	
soyuz-vino-shato-de-mongolfer-shiraz-moellyo-krasnoe-polusladkoe-11	Шато де Монгольфьер Шираз Моэллё	Союз-Вино	Красное	Кубань	Шираз	not_indexed	
soyuz-vino-shato-de-mongolfer-shiraz-polusuhoe-krasnoe-11	Шато де Монгольфьер Шираз Полусухое	Союз-Вино	Красное	Кубань	Шираз	not_indexed	
soyuz-vino-sheremetevskie-pogreba-beloe-polusladkoe-belye-sorta-vinograda-11	Шереметьевские Погреба Белое Полусладкое	Союз-Вино	Белое	Кубань	Белые сорта винограда	not_indexed	
soyuz-vino-sheremetevskie-pogreba-kaberne-sovinon-krasnoe-suhoe-11	Шереметьевские Погреба Каберне Совиньон	Союз-Вино	Красное	Кубань	Каберне Совиньон	not_indexed	
soyuz-vino-sheremetevskie-pogreba-krasnoe-polusladkoe-krasnye-sorta-vinograda-11	Шереметьевские Погреба Красное Полусладкое	Союз-Вино	Красное	Кубань	Красные сорта винограда	not_indexed	
soyuz-vino-sheremetevskie-pogreba-shardone-beloe-suhoe-11	Шереметьевские Погреба Шардоне	Союз-Вино	Белое	Кубань	Шардоне	not_indexed	
soyuz-vino-soyuz-vino-evropak-shiraz-krasnoe-polusladkoe-11	Союз-Вино ЕвроПак Шираз	Союз-Вино	Красное	Кубань	Шираз	not_indexed	
soyuz-vino-soyuz-vino-izabella-beg-in-boks-krasnoe-polusladkoe-11	Союз-Вино Изабелла Бэг-ин-бокс	Союз-Вино	Красное	Кубань	Изабелла	not_indexed	
soyuz-vino-soyuz-vino-izabella-krasnoe-polusladkoe-11	Союз-Вино Изабелла	Союз-Вино	Красное	Кубань	Изабелла	not_indexed	
soyuz-vino-soyuz-vino-kaberne-sovinon-beg-in-boks-krasnoe-suhoe-11	Союз-Вино Каберне Совиньон Бэг-ин-бокс	Союз-Вино	Красное	Кубань	Каберне Совиньон	not_indexed	
soyuz-vino-soyuz-vino-kaberne-sovinon-krasnoe-suhoe-12	Союз-Вино Каберне Совиньон	Союз-Вино	Красное	Кубань	Каберне Совиньон	not_indexed	
soyuz-vino-soyuz-vino-kaberne-sovinon-polusladkoe-beg-in-boks-krasnoe-12	Союз-Вино Каберне Совиньон Полусладкое Бэг-ин-бокс	Союз-Вино	Красное	Кубань	Каберне Совиньон	not_indexed	
soyuz-vino-soyuz-vino-muskat-beg-in-boks-beloe-polusladkoe-11	Союз-Вино Мускат Бэг-ин-бокс	Союз-Вино	Белое	Кубань	Мускат	not_indexed	
soyuz-vino-soyuz-vino-muskat-beloe-polusladkoe-11	Союз-Вино Мускат	Союз-Вино	Белое	Кубань	Мускат	not_indexed	
soyuz-vino-soyuz-vino-shardone-beloe-polusladkoe-beg-in-boks-12	Союз-Вино Шардоне Белое Полусладкое Бэг-ин-бокс	Союз-Вино	Белое	Кубань	Шардоне	not_indexed	
soyuz-vino-soyuz-vino-shardone-suhoe-beg-in-boks-beloe-11	Союз-Вино Шардоне Сухое Бэг-ин-бокс	Союз-Вино	Белое	Кубань	Шардоне	not_indexed	
soyuz-vino-soyuz-vino-shardone-suhoe-beloe-11	Союз-Вино Шардоне Сухое	Союз-Вино	Белое	Кубань	Шардоне	not_indexed	
soyuz-vino-terra-pia-kaldera-blend-risling-reynskiy-beloe-suhoe-11	Терра Пиа Кальдера Бленд	Союз-Вино	Белое	Кубань	Рислинг Рейнский, Шардоне	not_indexed	
soyuz-vino-terra-pia-lava-blend-merlo-krasnoe-suhoe-12	Терра Пиа Лава Бленд	Союз-Вино	Красное	Кубань	Каберне Совиньон, Мерло, Шираз	not_indexed	
soyuz-vino-zelyonaya-dolina-kaberne-merlo-kaberne-sovinon-krasnoe-polusladkoe-12	Зелёная Долина Каберне-Мерло	Союз-Вино	Красное	Кубань	Каберне Совиньон, Мерло	not_indexed	
soyuz-vino-zelyonaya-dolina-kaberne-merlo-v-banke-kaberne-sovinon-krasnoe-polusladkoe-12	Зелёная Долина Каберне-Мерло в банке	Союз-Вино	Красное	Кубань	Каберне Совиньон, Мерло	not_indexed	
soyuz-vino-zelyonaya-dolina-kaberne-sovinon-krasnoe-suhoe-12	Зелёная Долина Каберне Совиньон	Союз-Вино	Красное	Кубань	Каберне Совиньон	not_indexed	
soyuz-vino-zelyonaya-dolina-pino-blan-v-banke-beloe-polusladkoe-115	Зелёная Долина Пино Блан в банке	Союз-Вино	Белое	Кубань	Пино Блан	not_indexed	
soyuz-vino-zelyonaya-dolina-pino-nuar-krasnoe-suhoe-12	Зелёная Долина Пино Нуар	Союз-Вино	Красное	Кубань	Пино Нуар	not_indexed	
soyuz-vino-zelyonaya-dolina-pino-nuar-v-banke-krasnoe-suhoe-12	Зелёная Долина Пино Нуар в банке	Союз-Вино	Красное	Кубань	Пино Нуар	not_indexed	
soyuz-vino-zelyonaya-dolina-shardone-beloe-suhoe-12	Зелёная Долина Шардоне	Союз-Вино	Белое	Кубань	Шардоне	not_indexed	
soyuz-vino-zelyonaya-dolina-shardone-v-banke-beloe-suhoe-12	Зелёная Долина Шардоне в банке	Союз-Вино	Белое	Кубань	Шардоне	not_indexed	
soyuz-vino-zelyonaya-dolina-sovinon-blan-polusladkoe-beloe-12	Зелёная Долина Совиньон Блан Полусладкое	Союз-Вино	Белое	Кубань	Совиньон Блан	not_indexed	
soyuz-vino-zelyonaya-dolina-sovinon-blan-suhoe-beloe-12	Зелёная Долина Совиньон Блан Сухое	Союз-Вино	Белое	Кубань	Совиньон Блан	not_indexed	
stn-winery-arhitektor-sira-krasnoe-suhoe-12	Архитектор. Сира	STN Winery	Красное	Крым	Сира	not_indexed	
stn-winery-bratstvo-kochergi-pino-nuar-krasnoe-suhoe-12	Братство Кочерги. Пино Нуар	STN Winery	Красное	Крым	Пино Нуар	not_indexed	
stn-winery-chardonnay-vol2-shardone-beloe-suhoe-105	Chardonnay vol.2	STN Winery	Белое	Крым	Шардоне	not_indexed	
stn-winery-cyberpunk-pino-nuar-krasnoe-suhoe-12	Cyberpunk	STN Winery	Красное	Крым	Пино Нуар	not_indexed	
stn-winery-merlo-krasnoe-suhoe-14	Мерло	STN Winery	Красное	Крым	Мерло	not_indexed	
stn-winery-muskat-beloe-suhoe-115	Мускат	STN Winery	Белое	Крым	Мускат	not_indexed	
stn-winery-pino-nuar-krasnoe-suhoe-12	Пино Нуар	STN Winery	Красное	Крым	Пино Нуар	not_indexed	
stn-winery-saignee-sira-rozovoe-suhoe-125	Saignee	STN Winery	Розовое	Крым	Сира	not_indexed	
stn-winery-syrah-sira-krasnoe-suhoe-13	Syrah	STN Winery	Красное	Крым	Сира	not_indexed	
stn-winery-traminer-traminer-beloe-suhoe-13	Traminer	STN Winery	Белое	Крым	Траминер	not_indexed	
stn-winery-trio-aligote-beloe-suhoe-13	Трио Алиготе	STN Winery	Белое	Крым	Алиготе	not_indexed	
stn-winery-wiess-risling-beloe-suhoe-12	WIESS	STN Winery	Белое	Крым	Рислинг	not_indexed	
suhoe-beloe-zb-vajn-frizzante	Сухое белое ЗБ вайн Фриззанте	Золотая Балка	Белое	Крым	Ркацители	not_indexed	
tamara	Tamara, 2023	WINEMAFIA	Белое	Кубань	Ркацители	not_indexed	
tamara-2022	Tamara, 2022	WINEMAFIA	Белое	Кубань	Ркацители	not_indexed	
temelion-blanc-de-blancs	Темелион Blanc de Blancs	Долина Лефкадия	Белое	Кубань	Шардоне	not_indexed	
temelion-bryut-roze	Темелион брют розе	Долина Лефкадия	Розовое	Кубань	Шардоне	not_indexed	
tempelhof-winery-pino-nuar-krasnoe-suhoe-125	Пино Нуар	Tempelhof Winery	Красное	Ставрополье	Пино Нуар	not_indexed	
tempelhof-winery-risling-risling-reynskiy-beloe-suhoe-115	Рислинг	Tempelhof Winery	Белое	Ставрополье	Рислинг Рейнский	not_indexed	
tempelhof-winery-shpetburgunder-pino-nuar-krasnoe-suhoe-125	Шпетбургундер	Tempelhof Winery	Красное	Ставрополье	Пино Нуар	not_indexed	
tempelhof-winery-tsimlyanskiy-chernyy-krasnoe-suhoe-125	Цимлянский Черный	Tempelhof Winery	Красное	Ставрополье	Цимлянский черный	not_indexed	
toile-de-vin-cabernet-sauvignon	Toile de vin cabernet sauvignon	AYA Organic Wine & Vineyards	Красное	Крым	Каберне Совиньон	not_indexed	
toile-de-vin-chardonnay	Toile de vin chardonnay	AYA Organic Wine & Vineyards	Белое	Крым	Шардоне	not_indexed	
toile-de-vin-merlot	Toile de vin merlot	AYA Organic Wine & Vineyards	Красное	Крым	Мерло	not_indexed	
toile-de-vin-pinot-blanc	Toile de vin pinot blanc	AYA Organic Wine & Vineyards	Белое	Крым	Пино Блан	not_indexed	
tsimlyanskie-vina-krepost-sarkel-krasnostop-zolotovskiy-krasnoe-suhoe-145	Крепость Саркел. Красностоп Золотовский	Цимлянские вина	Красное	Долина Дона	Красностоп Золотовский	not_indexed	
tsimlyanskie-vina-tsimlyanskoe-kaberne-sovinon-ekstra-bryut-rozovoe-13	Цимлянское Каберне Совиньон экстра брют розовое	Цимлянские вина	Розовое	Долина Дона	Каберне Совиньон	not_indexed	
twopeters_kaberne_sovinion	Каберне Совиньон	Два Петра	Красное	Крым	Саперави	not_indexed	
twopeters_kokur	Кокур	Два Петра	Красное	Крым	Саперави	not_indexed	
twopeters_risling	Рислинг	Два Петра	Красное	Крым	Саперави	not_indexed	
twopeters_saperavi	Саперави	Два Петра	Красное	Крым	Саперави	not_indexed	
twopeters_sauvignon	Совиньон	Два Петра	Красное	Крым	Саперави	not_indexed	
twopeters_shardone	Шардоне	Два Петра	Красное	Крым	Саперави	not_indexed	
twopeters_tandem	Тандем	Два Петра	Красное	Крым	Саперави	not_indexed	
uppa-winery-gevyurtstraminer-muskat-beloe-suhoe-14	Гевюрцтраминер - Мускат	Uppa Winery	Белое	Крым	Гевюрцтраминер	not_indexed	
uppa-winery-kokur-kokur-belyy-beloe-suhoe-12	Кокур	Uppa Winery	Белое	Крым	Кокур Белый	not_indexed	
uppa-winery-nebbiolo-krasnoe-suhoe-14	Неббиоло	Uppa Winery	Красное	Крым	Неббиоло	not_indexed	
uppa-winery-pavel-shvets-cabernet-sauvignon-merlot-kaberne-sovinon-krasnoe-suhoe-14	Pavel Shvets. Cabernet Sauvignon - Merlot	Uppa Winery	Красное	Крым	Каберне Совиньон	not_indexed	
uppa-winery-sovinon-blan-rezerva-beloe-suhoe-12	Совиньон Блан Резерва	Uppa Winery	Белое	Крым	Совиньон Блан	not_indexed	
usadba-aleksandrovskaya-bubnovyy-valet-kaberne-sovinon-krasnoe-polusladkoe-13	Бубновый Валет	Усадьба Александровская	Красное	Крым	Каберне Совиньон	not_indexed	
usadba-divnomorskoe-blanc-de-blancs-shardone-beloe-ekstra-bryut-12	Blanc de Blancs	Усадьба Дивноморское	Белое	Кубань	Шардоне	not_indexed	
usadba-divnomorskoe-east-hill-vione-beloe-suhoe-127	East Hill	Усадьба Дивноморское	Белое	Кубань	Вионье	not_indexed	
usadba-divnomorskoe-grande-cuvee-shardone-beloe-bryut-125	Grande Cuvee	Усадьба Дивноморское	Белое	Кубань	Шардоне	not_indexed	
usadba-divnomorskoe-grande-rose-pino-nuar-rozovoe-ekstra-bryut-125	Grande Rose	Усадьба Дивноморское	Розовое	Кубань	Пино Нуар	not_indexed	
usadba-divnomorskoe-holodnyy-tuman-risling-beloe-suhoe-115	Холодный Туман	Усадьба Дивноморское	Белое	Кубань	Рислинг	not_indexed	
usadba-divnomorskoe-maris-blanc-de-blanc-extra-brut-shardone-beloe-ekstra-bryut-105	Maris Blanc de Blanc Extra Brut	Усадьба Дивноморское	Белое	Кубань	Шардоне	not_indexed	
usadba-divnomorskoe-maris-blanc-de-noirs-extra-brut-pino-nuar-beloe-ekstra-bryut-105	Maris Blanc de Noirs Extra Brut	Усадьба Дивноморское	Белое	Кубань	Пино Нуар	not_indexed	
usadba-divnomorskoe-marselan-marselan-krasnoe-suhoe-149	Marselan	Усадьба Дивноморское	Красное	Кубань	Марселан	not_indexed	
usadba-divnomorskoe-merlot-merlo-krasnoe-suhoe-149	Merlot	Усадьба Дивноморское	Красное	Кубань	Мерло	not_indexed	
usadba-divnomorskoe-muscat-ottonel-muskat-ottonel-beloe-sladkoe-135	Muscat Ottonel	Усадьба Дивноморское	Белое	Кубань	Мускат Оттонель	not_indexed	
usadba-divnomorskoe-pinot-noir-pino-nuar-krasnoe-suhoe-12	Pinot Noir	Усадьба Дивноморское	Красное	Кубань	Пино Нуар	not_indexed	
usadba-divnomorskoe-rebo-rebo-krasnoe-suhoe-165	Rebo	Усадьба Дивноморское	Красное	Кубань	Ребо	not_indexed	
usadba-divnomorskoe-rose-vione-rozovoe-suhoe-125	Rose	Усадьба Дивноморское	Розовое	Кубань	Вионье, Марселан, Сира	not_indexed	
usadba-divnomorskoe-solist-marselan-rozovoe-suhoe-115	Солист	Усадьба Дивноморское	Розовое	Кубань	Марселан	not_indexed	
usadba-divnomorskoe-solnechnyy-veter-shardone-beloe-suhoe-125	Солнечный Ветер	Усадьба Дивноморское	Белое	Кубань	Шардоне	not_indexed	
usadba-divnomorskoe-west-hill-blend-kaberne-sovinon-krasnoe-suhoe-145	West Hill Blend	Усадьба Дивноморское	Красное	Кубань	Каберне Совиньон, Мерло	not_indexed	
usadba-divnomorskoe-yuzhnyy-les-merlo-krasnoe-suhoe-137	Южный Лес	Усадьба Дивноморское	Красное	Кубань	Мерло	not_indexed	
usadba-markoth-kaberne-sovinon-rezerv-krasnoe-suhoe-13	Каберне Совиньон Резерв	Усадьба Маркотх	Красное	Кубань	Каберне Совиньон	not_indexed	
usadba-markoth-kyuve-blan-shardone-beloe-suhoe-12	Кюве Блан	Усадьба Маркотх	Белое	Кубань	Шардоне	not_indexed	
usadba-markoth-merlo-rezerv-krasnoe-suhoe-13	Мерло Резерв	Усадьба Маркотх	Красное	Кубань	Мерло	not_indexed	
usadba-markoth-shardone-beloe-suhoe-12	Шардоне	Усадьба Маркотх	Белое	Кубань	Шардоне	not_indexed	
usadba-mezyb-mezyb-kaberne-sovinon-kaberne-fran-krasnoe-suhoe-14	Мезыбь. Каберне Совиньон, Каберне Фран	Усадьба Мезыбь	Красное	Кубань	Каберне Совиньон, Каберне Фран	not_indexed	
usadba-mezyb-mezyb-kaberne-sovinon-kaberne-fran-vione-rozovoe-suhoe-133	Мезыбь. Каберне Совиньон, Каберне фран, Вионье	Усадьба Мезыбь	Розовое	Кубань	Вионье, Каберне Совиньон, Каберне Фран	not_indexed	
usadba-mezyb-mezyb-kaberne-sovinon-krasnoe-suhoe-145	Мезыбь Каберне Совиньон	Усадьба Мезыбь	Красное	Кубань	Каберне Совиньон	not_indexed	
usadba-mezyb-mezyb-merlo-krasnoe-suhoe-145	Мезыбь Мерло	Усадьба Мезыбь	Красное	Кубань	Мерло	not_indexed	
usadba-mezyb-mezyb-vione-beloe-suhoe-13	Мезыбь. Вионье	Усадьба Мезыбь	Белое	Кубань	Вионье	not_indexed	
usadba-mezyb-shishka-karbonika-kaberne-fran-krasnoe-suhoe-143	Шишка. Карбоника. Каберне Фран	Усадьба Мезыбь	Красное	Кубань	Каберне Фран	not_indexed	
usadba-mezyb-shishka-kupazh-5-kaberne-sovinon-rozovoe-suhoe-133	Шишка. Купаж №5	Усадьба Мезыбь	Розовое	Кубань	Вионье, Каберне Совиньон, Каберне Фран, Пино Нуар, Саперави	not_indexed	
usadba-mezyb-shishka-merlo-vione-rozovoe-suhoe-125	Шишка. Мерло, Вионье	Усадьба Мезыбь	Розовое	Кубань	Вионье, Мерло	not_indexed	
usadba-mezyb-shishka-oranzh-shardone-beloe-suhoe-127	Шишка. Оранж	Усадьба Мезыбь	Белое	Кубань	Вионье, Шардоне	not_indexed	
usadba-mezyb-shishka-pino-nuar-rozovoe-suhoe-115	Шишка. Пино Нуар	Усадьба Мезыбь	Розовое	Кубань	Пино Нуар	not_indexed	
usadba-mezyb-shishka-saperavi-krasnoe-suhoe-13	Шишка. Саперави	Усадьба Мезыбь	Красное	Кубань	Вионье, Саперави, Шардоне	not_indexed	
usadba-mezyb-shishka-shenen-blan-beloe-suhoe-13	Шишка. Шенен Блан	Усадьба Мезыбь	Белое	Кубань	Шенен Блан	not_indexed	
usadba-mezyb-shishka-shenen-blan-sovinon-blan-beloe-suhoe-126	Шишка. Шенен Блан, Совиньон Блан	Усадьба Мезыбь	Белое	Кубань	Совиньон Блан, Шенен Блан	not_indexed	
usadba-mezyb-shishka-sovinon-blan-beloe-suhoe-12	Шишка. Совиньон Блан	Усадьба Мезыбь	Белое	Кубань	Совиньон Блан	not_indexed	
usadba-mezyb-staraya-doroga-na-dzhanhot-kaberne-sovinon-kaberne-fran-krasnoe-suhoe-144	Старая дорога на Джанхот. Каберне Совиньон, Каберне Фран	Усадьба Мезыбь	Красное	Кубань	Каберне Совиньон, Каберне Фран	not_indexed	
usadba-mezyb-staraya-doroga-na-dzhanhot-kaberne-sovinon-krasnoe-suhoe-144	Старая Дорога на Джанхот	Усадьба Мезыбь	Красное	Кубань	Каберне Совиньон	not_indexed	
usadba-mezyb-usadba-mezyb-kaberne-fran-krasnoe-suhoe-145	Усадьба Мезыбь. Каберне Фран	Усадьба Мезыбь	Красное	Кубань	Каберне Фран	not_indexed	
usadba-mezyb-usadba-mezyb-kaberne-sovinon-kaberne-fran-merlo-krasnoe-suhoe-148	Усадьба Мезыбь. Каберне Совиньон, Каберне Фран, Мерло	Усадьба Мезыбь	Красное	Кубань	Каберне Совиньон, Каберне Фран, Мерло	not_indexed	
usadba-mezyb-usadba-mezyb-kaberne-sovinon-krasnoe-suhoe-143	Усадьба Мезыбь. Каберне Совиньон	Усадьба Мезыбь	Красное	Кубань	Каберне Совиньон	not_indexed	
usadba-mezyb-usadba-mezyb-krasnostop-saperavi-krasnoe-suhoe-127	Усадьба Мезыбь. Красностоп, Саперави	Усадьба Мезыбь	Красное	Кубань	Красностоп, Саперави	not_indexed	
usadba-mezyb-usadba-mezyb-merlo-krasnoe-suhoe-15	Усадьба Мезыбь. Мерло	Усадьба Мезыбь	Красное	Кубань	Мерло	not_indexed	
usadba-mezyb-usadba-mezyb-roze-kaberne-fran-rozovoe-suhoe-143	Усадьба Мезыбь. Розе Каберне Фран	Усадьба Мезыбь	Розовое	Кубань	Каберне Фран	not_indexed	
usadba-mezyb-usadba-mezyb-roze-kaberne-sovinon-rozovoe-suhoe-135	Усадьба Мезыбь. Розе Каберне Совиньон	Усадьба Мезыбь	Розовое	Кубань	Каберне Совиньон	not_indexed	
usadba-mezyb-usadba-mezyb-shardone-beloe-suhoe-125	Усадьба Мезыбь. Шардоне	Усадьба Мезыбь	Белое	Кубань	Шардоне	not_indexed	
usadba-mezyb-usadba-mezyb-vione-beloe-suhoe-118	Усадьба Мезыбь. Вионье	Усадьба Мезыбь	Белое	Кубань	Вионье	not_indexed	
usadba-mezyb-vione-beloe-suhoe-118	Вионье	Усадьба Мезыбь	Белое	Кубань	Вионье	not_indexed	
usadba-perovskih-blanc-de-blancs-shardone-beloe-ekstra-bryut-11	Blanc de Blancs	Усадьба Перовских	Белое	Крым	Шардоне	not_indexed	
usadba-perovskih-kaberne-fran-1890-krasnoe-suhoe-13	Каберне Фран 1890	Усадьба Перовских	Красное	Крым	Каберне Фран	not_indexed	
usadba-perovskih-kaberne-sovinon-merlo-1890-krasnoe-suhoe-13	Каберне Совиньон & Мерло 1890	Усадьба Перовских	Красное	Крым	Мерло	not_indexed	
usadba-perovskih-pino-nuar-rezerv-krasnoe-suhoe-122	Пино Нуар Резерв	Усадьба Перовских	Красное	Крым	Пино Нуар	not_indexed	
usadba-perovskih-rkatsiteli-beloe-suhoe-13	Ркацители	Усадьба Перовских	Белое	Крым	Ркацители	not_indexed	
usadba-rodnoe-gnezdo-4-elements-kaberne-sovinon-krasnoe-suhoe-15	4 elements. Каберне Совиньон	Усадьба Родное Гнездо	Красное	Крым	Каберне Совиньон	not_indexed	
usadba-rodnoe-gnezdo-4-elements-risling-beloe-polusuhoe-12	4 elements. Рислинг	Усадьба Родное Гнездо	Белое	Крым	Рислинг	not_indexed	
usadba-rodnoe-gnezdo-4-elements-risling-beloe-suhoe-12	4 elements. Рислинг	Усадьба Родное Гнездо	Белое	Крым	Рислинг	not_indexed	
usadba-rodnoe-gnezdo-4-elements-sira-roze-rozovoe-polusuhoe-135	4 elements. Сира. Розе	Усадьба Родное Гнездо	Розовое	Крым	Сира	not_indexed	
usadba-rodnoe-gnezdo-4-elements-sovinon-blan-beloe-polusladkoe-12	4 elements. Совиньон Блан	Усадьба Родное Гнездо	Белое	Крым	Совиньон Блан	not_indexed	
usadba-rodnoe-gnezdo-4-elements-sovinon-blan-beloe-suhoe-12	4 elements. Совиньон Блан	Усадьба Родное Гнездо	Белое	Крым	Совиньон Блан	not_indexed	
uva-vallis-risling	Uva Vallis Рислинг	Uva Vallis	Красное	Крым	Рислинг	indexed	dataset/prod-svoe-vino-1/uploads/cu3xjk4e93p2zxvazyl9c3jlidfny9ub_cf6ed0e9b3.webp
uva-vallis-shardone	Uva Vallis Шардоне	Uva Vallis	Белое	Крым	Шардоне	not_indexed	
uva-vallis-sira	Uva Vallis Сира	Uva Vallis	Красное	Крым	Сира	not_indexed	
uva-vallis-sovinon-blan	Uva Vallis Совиньон Блан	Uva Vallis	Белое	Крым	Совиньон Блан	not_indexed	
v2r-podnyat-parusa-kaberne-sovinon-krasnoe-suhoe-125	Поднять паруса!	В2Р	Красное	Кубань	Каберне Совиньон	not_indexed	
v2r-risling-risling-reynskiy-beloe-suhoe-122	Рислинг	В2Р	Белое	Кубань	Рислинг Рейнский	not_indexed	
v2r-roze-kaberne-sovinon-rozovoe-polusuhoe-13	Розе	В2Р	Розовое	Кубань	Каберне Совиньон	not_indexed	
v2r-sovinon-blan-beloe-suhoe-13	Совиньон Блан	В2Р	Белое	Кубань	Совиньон Блан	not_indexed	
valerij-zaharin-kokur-i-ko-beloe-bryut	Валерий Захарьин Кокур и Ко белое брют	Валерий Захарьин	Белое	Крым	Кокур Белый, Ркацители, Шардоне	not_indexed	
valerij-zaharin-kokur-i-ko-beloe-polusladkoe	Валерий Захарьин Кокур и Ко белое полусладкое	Валерий Захарьин	Белое	Крым	Кокур Белый, Ркацители, Шардоне	not_indexed	
valeriy-zaharin-albedo-reserve-sary-pandas-beloe-suhoe-115	Albedo. Reserve	Валерий Захарьин	Белое	Крым	Сары Пандас	not_indexed	
valeriy-zaharin-aleatiko-kefesiya-avtohtonnoe-vino-kryma-ot-valeriya-zaharina-rozovoe-suhoe-125	Алеатико - Кефесия. Автохтонное вино Крыма от Валерия Захарьина	Валерий Захарьин	Розовое	Крым	Алеатико	not_indexed	
valeriy-zaharin-aligote-avtorskoe-valeriy-zaharin-beloe-bryut-115	Алиготе. Авторское. Валерий Захарьин	Валерий Захарьин	Белое	Крым	Алиготе	not_indexed	
valeriy-zaharin-aligote-burlyuk-beloe-bryut-115	Алиготе. Бурлюк	Валерий Захарьин	Белое	Крым	Алиготе	not_indexed	
valeriy-zaharin-aligote-burlyuk-beloe-suhoe-13	Алиготе. Бурлюк	Валерий Захарьин	Белое	Крым	Алиготе	not_indexed	
valeriy-zaharin-aligote-valeriy-zaharin-beloe-suhoe-13	Алиготе. Валерий Захарьин	Валерий Захарьин	Белое	Крым	Алиготе	not_indexed	
valeriy-zaharin-avtohtonnoe-vino-kryma-avtorskiy-kupazh-bastardo-saperavi-kefesiya-bastardo-magarachskiy-krasnoe-suhoe-12	Автохтонное вино Крыма. Авторский Купаж. Бастардо – Саперави – Кефесия	Валерий Захарьин	Красное	Крым	Бастардо Магарачский	not_indexed	
valeriy-zaharin-avtohtonnoe-vino-kryma-ot-valeriya-zaharina-aleatiko-kefesiya-rozovoe-suhoe-11	Автохтонное вино Крыма от Валерия Захарьина. Алеатико – Кефесия	Валерий Захарьин	Розовое	Крым	Алеатико	not_indexed	
valeriy-zaharin-avtohtonnoe-vino-kryma-ot-valeriya-zaharina-bastardo-kefesiya-bastardo-magarachskiy-krasnoe-suhoe-115	Автохтонное вино Крыма от Валерия Захарьина. Бастардо – Кефесия	Валерий Захарьин	Красное	Крым	Бастардо Магарачский	not_indexed	
valeriy-zaharin-avtohtonnoe-vino-kryma-ot-valeriya-zaharina-kefesiya-rezerv-krasnoe-suhoe-13	Автохтонное вино Крыма от Валерия Захарьина. Кефесия Резерв	Валерий Захарьин	Красное	Крым	Кефесия	not_indexed	
valeriy-zaharin-avtohtonnoe-vino-kryma-ot-valeriya-zaharina-kokur-sary-pandas-kokur-belyy-beloe-suhoe-115	Автохтонное вино Крыма от Валерия Захарьина. Кокур – Сары Пандас	Валерий Захарьин	Белое	Крым	Кокур Белый	not_indexed	
valeriy-zaharin-avtohtonnoe-vino-kryma-sary-pandas-rezerv-beloe-suhoe-115	Автохтонное вино Крыма. Сары Пандас Резерв	Валерий Захарьин	Белое	Крым	Сары Пандас	not_indexed	
valeriy-zaharin-avtorskoe-vino-ot-valeriya-zaharina-aleatiko-rozovoe-suhoe-115	Авторское вино от Валерия Захарьина. Алеатико	Валерий Захарьин	Розовое	Крым	Алеатико	not_indexed	
valeriy-zaharin-avtorskoe-vino-ot-valeriya-zaharina-bastardo-bastardo-magarachskiy-krasnoe-suhoe-12	Авторское вино от Валерия Захарьина. Бастардо	Валерий Захарьин	Красное	Крым	Бастардо Магарачский	not_indexed	
valeriy-zaharin-avtorskoe-vino-ot-valeriya-zaharina-krasnoe-pino-nuar-suhoe-125	Авторское вино от Валерия Захарьина. Красное	Валерий Захарьин	Красное	Крым	Пино Нуар	not_indexed	
valeriy-zaharin-bakkal-su-aligote-beloe-suhoe-115	Баккал Су Алиготе	Валерий Захарьин	Белое	Крым	Алиготе	not_indexed	
valeriy-zaharin-bakkal-su-kaberne-kaberne-sovinon-krasnoe-suhoe-125	Баккал Су Каберне	Валерий Захарьин	Красное	Крым	Каберне Совиньон	not_indexed	
valeriy-zaharin-bakkal-su-muskat-ottonel-beloe-polusladkoe-115	Баккал Су. Мускат Оттонель	Валерий Захарьин	Белое	Крым	Мускат Оттонель	not_indexed	
valeriy-zaharin-bakkal-su-saperavi-bastardo-kaberne-sovinon-krasnoe-polusladkoe-11	Баккал Су Саперави - Бастардо - Каберне Совиньон	Валерий Захарьин	Красное	Крым	Саперави	not_indexed	
valeriy-zaharin-bakkal-su-saperavi-kaberne-sovinon-krasnoe-suhoe-12	Баккал Су. Саперави – Каберне Совиньон	Валерий Захарьин	Красное	Крым	Саперави	not_indexed	
valeriy-zaharin-bastardo-kefesiya-avtohtonnoe-vino-kryma-bastardo-magarachskiy-krasnoe-suhoe-115	Бастардо - Кефесия. Автохтонное вино Крыма	Валерий Захарьин	Красное	Крым	Бастардо Магарачский	not_indexed	
valeriy-zaharin-chetyre-tsveta-bastardo-bastardo-magarachskiy-krasnoe-suhoe-115	Четыре Цвета. Бастардо	Валерий Захарьин	Красное	Крым	Бастардо Магарачский	not_indexed	
valeriy-zaharin-dom-zaharinyh-beloe-sary-pandas-suhoe-115	Дом Захарьиных белое	Валерий Захарьин	Белое	Крым	Сары Пандас	not_indexed	
valeriy-zaharin-dom-zaharinyh-krasnoe-kaberne-sovinon-suhoe-125	Дом Захарьиных красное	Валерий Захарьин	Красное	Крым	Каберне Совиньон	not_indexed	
valeriy-zaharin-kaberne-fran-burlyuk-krasnoe-suhoe-13	Каберне Фран. Бурлюк	Валерий Захарьин	Красное	Крым	Каберне Фран	not_indexed	
valeriy-zaharin-kefesiya-valeriy-zaharin-krasnoe-suhoe-12	Кефесия. Валерий Захарьин	Валерий Захарьин	Красное	Крым	Кефесия	not_indexed	
valeriy-zaharin-kokur-klassika-kokur-belyy-beloe-bryut-115	Кокур Классика	Валерий Захарьин	Белое	Крым	Кокур Белый	not_indexed	
valeriy-zaharin-kokur-valeriy-zaharin-kokur-belyy-beloe-polusladkoe-125	Кокур. Валерий Захарьин	Валерий Захарьин	Белое	Крым	Кокур Белый	not_indexed	
valeriy-zaharin-muskat-valeriy-zaharin-muskat-ottonel-beloe-polusladkoe-12	Мускат. Валерий Захарьин	Валерий Захарьин	Белое	Крым	Мускат Оттонель	not_indexed	
valeriy-zaharin-paterum-bastardo-saperavi-kefesiya-bastardo-magarachskiy-krasnoe-suhoe-12	Патерум. Бастардо – Саперави – Кефесия	Валерий Захарьин	Красное	Крым	Бастардо Магарачский	not_indexed	
valeriy-zaharin-pino-nuar-valeriy-zaharin-krasnoe-polusladkoe-105	Пино Нуар. Валерий Захарьин	Валерий Захарьин	Красное	Крым	Пино Нуар	not_indexed	
valeriy-zaharin-risling-valeriy-zaharin-risling-reynskiy-beloe-polusladkoe-125	Рислинг. Валерий Захарьин	Валерий Захарьин	Белое	Крым	Рислинг Рейнский	not_indexed	
valeriy-zaharin-rubedo-reserve-merlo-krasnoe-suhoe-13	Rubedo. Reserve	Валерий Захарьин	Красное	Крым	Мерло	not_indexed	
valeriy-zaharin-sandzhoveze-burlyuk-krasnoe-suhoe-13	Санджовезе. Бурлюк	Валерий Захарьин	Красное	Крым	Санджовезе	not_indexed	
valeriy-zaharin-saperavi-kaberne-sovinon-bakkal-su-krasnoe-suhoe-12	Саперави - Каберне Совиньон. Баккал Су	Валерий Захарьин	Красное	Крым	Саперави	not_indexed	
valeriy-zaharin-sary-pandas-valeriy-zaharin-beloe-suhoe-125	Сары Пандас. Валерий Захарьин	Валерий Захарьин	Белое	Крым	Сары Пандас	not_indexed	
valeriy-zaharin-sira-valeriy-zaharin-krasnoe-polusladkoe-125	Сира. Валерий Захарьин	Валерий Захарьин	Красное	Крым	Сира	not_indexed	
valeriy-zaharin-sovinon-blan-valeriy-zaharin-beloe-polusladkoe-105	Совиньон Блан. Валерий Захарьин	Валерий Захарьин	Белое	Крым	Совиньон Блан	not_indexed	
valeriy-zaharin-sovinon-valeriy-zaharin-beloe-polusladkoe-125	Совиньон. Валерий Захарьин	Валерий Захарьин	Белое	Крым	Совиньон	not_indexed	
valeriy-zaharin-tangovoe-manto-pino-nuar-krasnoe-suhoe-13	Танговое Манто. Пино Нуар	Валерий Захарьин	Красное	Крым	Пино Нуар	not_indexed	
valeriy-zaharin-tangovoe-manto-sovinon-sovinon-blan-beloe-suhoe-125	Танговое Манто. Совиньон	Валерий Захарьин	Белое	Крым	Совиньон Блан	not_indexed	
valeriy-zaharin-traminer-burlyuk-traminer-rozovyy-beloe-suhoe-135	Траминер. Бурлюк	Валерий Захарьин	Белое	Крым	Траминер Розовый	not_indexed	
valeriy-zaharin-traminer-valeriy-zaharin-traminer-rozovyy-beloe-polusladkoe-105	Траминер. Валерий Захарьин	Валерий Захарьин	Белое	Крым	Траминер Розовый	not_indexed	
vaynkraft-aligote-beloe-suhoe-125	Алиготе	ВайнКрафт	Белое	Крым	Алиготе	not_indexed	
vaynkraft-blan-pino-nuar-beloe-suhoe-12	Блан. Пино Нуар	ВайнКрафт	Белое	Крым	Пино Нуар	not_indexed	
vaynkraft-kaberne-sovinon-krasnoe-suhoe-14	Каберне Совиньон	ВайнКрафт	Красное	Крым	Каберне Совиньон	not_indexed	
vaynkraft-pino-nuar-krasnoe-suhoe-13	Пино Нуар	ВайнКрафт	Красное	Крым	Пино Нуар	not_indexed	
vaynkraft-risling-beloe-suhoe-123	Рислинг	ВайнКрафт	Белое	Крым	Рислинг	not_indexed	
vaynkraft-rkatsiteli-oranzh-oranzhevoe-suhoe-12	Ркацители Оранж	ВайнКрафт	Оранжевое	Крым	Ркацители	not_indexed	
vaynkraft-sovinon-blan-beloe-suhoe-13	Совиньон Блан	ВайнКрафт	Белое	Крым	Совиньон Блан	not_indexed	
vaynkraft-traminer-oranzh-2-traminer-rozovyy-oranzhevoe-suhoe-125	Траминер Оранж 2	ВайнКрафт	Оранжевое	Крым	Траминер Розовый	not_indexed	
vaynkraft-traminer-oranzh-traminer-rozovyy-oranzhevoe-suhoe-125	Траминер Оранж	ВайнКрафт	Оранжевое	Крым	Траминер Розовый	not_indexed	
vaynkraft-traminer-traminer-rozovyy-beloe-suhoe-14	Траминер	ВайнКрафт	Белое	Крым	Траминер Розовый	not_indexed	
vermentino-viognier-2022	Vermentino-Viognier 2022	Vibes	Белое	Крым	Верментино	not_indexed	
vibes-cabernet-franc-pinot-noir-pino-nuar-krasnoe-suhoe-125	Cabernet Franc – Pinot Noir	Vibes	Красное	Крым	Пино Нуар	not_indexed	
vibes-chardonnay-barrel-fermented-2021	VIBES, Chardonnay Barrel Fermented 2021	Vibes	Белое	Крым	Шардоне	indexed	dataset/prod-svoe-vino-1/uploads/bottle_01_Chardonnay_3f2618d7aa.webp
vibes-chardonnay-barrel-fermented-shardone-beloe-suhoe-125	Chardonnay Barrel Fermented	Vibes	Белое	Крым	Шардоне	not_indexed	
vibes-glera-col-fondo-2022	VIBES, Glera Col-Fondo 2022	Vibes	Белое	Крым	Глера	indexed	dataset/prod-svoe-vino-1/uploads/bottle_07_Glera_c501ac35b9.webp
vibes-montepulchano-kaberne-fran-pti-verdo	VIBES, Монтепульчано, Каберне Фран, Пти Вердо	Vibes	Красное	Крым	Монтепульчано	not_indexed	
vibes-montepulciano-cabernet-franc-petit-verdot-montepulchano-krasnoe-suhoe-125	Montepulciano – Cabernet Franc – Petit Verdot	Vibes	Красное	Крым	Монтепульчано	not_indexed	
vibes-pinot-grigio-2021	VIBES, Pinot Grigio 2021	Vibes	Белое	Крым	Пино Гриджио	indexed	dataset/prod-svoe-vino-1/uploads/bottle_04_Pinot_Grigio_746de452f7.webp
vibes-riesling-silvaner-2022	VIBES, Riesling-Silvaner 2022	Vibes	Белое	Крым	Рислинг	indexed	dataset/prod-svoe-vino-1/uploads/01_Riesling_Silvaner_2022_1_4d11fabbf5.webp
vibes-riesling-silvaner-risling-beloe-suhoe-115	Riesling - Silvaner	Vibes	Белое	Крым	Рислинг	not_indexed	
vibes-silvaner-2022	VIBES, Silvaner 2022	Vibes	Белое	Крым	Сильванер	indexed	dataset/prod-svoe-vino-1/uploads/02_Silvaner_2022_2241743a4e.webp
vibes-silvaner-barrel-fermented-2022	VIBES, Silvaner Barrel Fermented 2022	Vibes	Белое	Крым	Сильванер	not_indexed	
vibes-silvaner-silvaner-beloe-suhoe-125	Silvaner	Vibes	Белое	Крым	Сильванер	not_indexed	
vibes-vermentino-viognier-barrel-fermented-2022	Vibes, Vermentino-Viognier Barrel Fermented 2022	Vibes	Белое	Крым	Верментино	not_indexed	
vibes-vermentino-viognier-barrel-fermented-vermentino-beloe-suhoe-115	Vermentino – Viognier Barrel Fermented	Vibes	Белое	Крым	Верментино	not_indexed	
viktor-stashko-kaberne-fran-krasnoe-suhoe-145	Каберне Фран	Виктор Сташко	Красное	Крым	Каберне Фран	not_indexed	
viktor-stashko-sira-krasnoe-suhoe-14	Сира	Виктор Сташко	Красное	Крым	Сира	not_indexed	
villa-di-alma-ekstra-bryut-kokur-beloe-125	Экстра брют Кокур	Villa di Alma	Белое	Крым	Кокур	not_indexed	
villa-di-alma-en-barrique-shardone-beloe-ekstra-bryut-12	En barrique	Villa di Alma	Белое	Крым	Шардоне	not_indexed	
villa-di-alma-kaberne-sovinon-ekstra-bryut-rozovoe-125	Каберне Совиньон экстра брют	Villa di Alma	Розовое	Крым	Каберне Совиньон	not_indexed	
villa-di-alma-pti-verdo-krasnoe-suhoe-125	Пти Вердо	Villa di Alma	Красное	Крым	Пти Вердо	not_indexed	
villa-sofiya-kaberne-sovinon-krasnoe-suhoe-133	Каберне Совиньон	Вилла София	Красное	Нижняя Волга	Каберне Совиньон	not_indexed	
villa-sofiya-merlo-kaberne-sovinon-krasnoe-suhoe-14	Мерло - Каберне Совиньон	Вилла София	Красное	Нижняя Волга	Мерло	not_indexed	
villa-sofiya-risling-beloe-suhoe-12	Рислинг	Вилла София	Белое	Нижняя Волга	Рислинг	not_indexed	
villa-sofiya-risling-beloe-suhoe-131	Рислинг	Вилла София	Белое	Нижняя Волга	Рислинг	not_indexed	
villa-sofiya-shardone-beloe-suhoe-14	Шардоне	Вилла София	Белое	Нижняя Волга	Шардоне	not_indexed	
villa-sofiya-sovinon-blan-beloe-suhoe-123	Совиньон Блан	Вилла София	Белое	Нижняя Волга	Совиньон Блан	not_indexed	
villa-sofiya-sovinon-blan-beloe-suhoe-14	Совиньон Блан	Вилла София	Белое	Нижняя Волга	Совиньон Блан	not_indexed	
villa-sofiya-trio-beloe-risling-suhoe-12	Трио белое	Вилла София	Белое	Нижняя Волга	Рислинг	not_indexed	
villa-sofiya-trio-beloe-risling-suhoe-123	Трио белое	Вилла София	Белое	Нижняя Волга	Рислинг	not_indexed	
villa-sofiya-trio-krasnoe-merlo-suhoe-135	Трио красное	Вилла София	Красное	Нижняя Волга	Мерло	not_indexed	
villa-sofiya-trio-roze-pino-nuar-rozovoe-suhoe-14	Трио розе	Вилла София	Розовое	Нижняя Волга	Пино Нуар	not_indexed	
villa-urkusta-kaberne-sovinon-blan-de-nuar-beloe-suhoe-13	Каберне совиньон Блан де Нуар	Вилла Уркуста	Белое	Крым	Каберне Совиньон	not_indexed	
villa-urkusta-kaberne-sovinon-klaret-rozovoe-polusuhoe-15	Каберне совиньон Кларет	Вилла Уркуста	Розовое	Крым	Каберне Совиньон	not_indexed	
villa-urkusta-kaberne-sovinon-klassik-krasnoe-suhoe-12	Каберне совиньон Классик	Вилла Уркуста	Красное	Крым	Каберне Совиньон	not_indexed	
villa-urkusta-kaberne-sovinon-klassik-krasnoe-suhoe-139	Каберне совиньон Классик	Вилла Уркуста	Красное	Крым	Каберне Совиньон	not_indexed	
villa-urkusta-kaberne-sovinon-rezerva-krasnoe-suhoe-15	Каберне совиньон Резерва	Вилла Уркуста	Красное	Крым	Каберне Совиньон	not_indexed	
villa-urkusta-kaberne-sovinon-roze-de-sene-rozovoe-suhoe-13	Каберне совиньон Розе де Сенье	Вилла Уркуста	Розовое	Крым	Каберне Совиньон	not_indexed	
vina-arpachina-arpachino-aligote-ekstra-bryut-beloe-115	Арпачино. Алиготе экстра брют	Вина Арпачина	Белое	Долина Дона	Алиготе	not_indexed	
vina-arpachina-arpachino-inohodets-aligote-beloe-ekstra-bryut-125	Арпачино. Иноходец	Вина Арпачина	Белое	Долина Дона	Алиготе	not_indexed	
vina-arpachina-arpachino-inohodets-kumshatskiy-beloe-ekstra-bryut-125	Арпачино. Иноходец	Вина Арпачина	Белое	Долина Дона	Кумшацкий	not_indexed	
vina-arpachina-arpachino-inohodets-puhlyakovskiy-beloe-ekstra-bryut-125	Арпачино. Иноходец	Вина Арпачина	Белое	Долина Дона	Пухляковский	not_indexed	
vina-arpachina-arpachino-inohodets-sibirkovyy-beloe-ekstra-bryut-125	Арпачино. Иноходец	Вина Арпачина	Белое	Долина Дона	Сибирьковый	not_indexed	
vina-arpachina-arpachino-tsimlyanskiy-chernyy-rozovoe-ekstra-bryut-13	Арпачино. Цимлянский Черный	Вина Арпачина	Розовое	Долина Дона	Цимлянский черный	not_indexed	
vinabani-aligote-beloe-suhoe-12	Алиготе	VinaBani	Белое	Долина Дона	Алиготе	not_indexed	
vinabani-pino-nuar-roze-rozovoe-suhoe-12	Пино Нуар розе	VinaBani	Розовое	Долина Дона	Пино Нуар	not_indexed	
vinabani-saperavi-krasnoe-suhoe-135	Саперави	VinaBani	Красное	Долина Дона	Саперави	not_indexed	
vinnyy-fort-adagum-kokur-belyy-beloe-suhoe-12	Кокур белый	Винный форт Адагум	Белое	Кубань	Кокур	not_indexed	
vinnyy-kooperativ-intuitsiya-kaberne-sovinon-merlo-saperavi-krasnoe-suhoe-128	Каберне Совиньон - Мерло	Винный кооператив Интуиция	Красное	Ставрополье	Саперави	not_indexed	
vino-nebo-aligote-sur-lie-aligote-beloe-suhoe-127	Aligote Sur Lie	Vino & Nebo	Белое	Крым	Алиготе	not_indexed	
vino-suhoe-beloe-endemy-shardone	Эндемы Шардоне	Дербент Вино	Белое	Дагестан	Шардоне	not_indexed	
vino-suhoe-beloe-endemy-sovinon	Эндемы Совиньон	Дербент Вино	Белое	Дагестан	Совиньон Блан	not_indexed	
vino-suhoe-krasnoe-endemy-saperavi	Эндемы Саперави	Дербент Вино	Красное	Дагестан	Саперави	not_indexed	
vino-suhoe-rozovoe-endemy-kaberne-sovinon	Эндемы Каберне Совиньон розовое	Дербент Вино	Розовое	Дагестан	Каберне Совиньон	not_indexed	
vinodelnya-78-aligote-otbornoe-beloe-suhoe-12	Алиготе Отборное	Винодельня 78	Белое	Крым	Алиготе	not_indexed	
vinodelnya-78-muskat-otbornyy-muskat-yantarnyy-beloe-suhoe-125	Мускат Отборный	Винодельня 78	Белое	Крым	Мускат Янтарный	not_indexed	
vinodelnya-78-muskat-polusladkoe-muskat-ottonel-beloe-115	Мускат полусладкое	Винодельня 78	Белое	Крым	Мускат Оттонель	not_indexed	
vinodelnya-78-saperavi-krasnoe-suhoe-135	Саперави	Винодельня 78	Красное	Крым	Саперави	not_indexed	
vinodelnya-batrak-contadina-merlo-krasnoe-suhoe-14	Contadina	Винодельня Батрак	Красное	Ставрополье	Мерло	not_indexed	
vinodelnya-batrak-glyu-glyu-podarok-magaracha-krasnoe-suhoe-12	Глю-Глю	Винодельня Батрак	Красное	Ставрополье	Подарок Магарача	not_indexed	
vinodelnya-batrak-kaberne-kortis-krasnoe-suhoe-12	Каберне Кортис	Винодельня Батрак	Красное	Ставрополье	Каберне Кортис	not_indexed	
vinodelnya-batrak-kaberne-sovinon-krasnoe-suhoe-14	Каберне Совиньон	Винодельня Батрак	Красное	Ставрополье	Каберне Совиньон	not_indexed	
vinodelnya-batrak-klaret-podarok-magaracha-rozovoe-suhoe-12	Кларет	Винодельня Батрак	Розовое	Ставрополье	Подарок Магарача	not_indexed	
vinodelnya-batrak-merlo-rozovoe-suhoe-13	Мерло	Винодельня Батрак	Розовое	Ставрополье	Мерло	not_indexed	
vinodelnya-batrak-monte-di-cammello-nuvola-bianca-risling-beloe-suhoe-12	Monte Di Cammello Nuvola Bianca	Винодельня Батрак	Белое	Ставрополье	Рислинг	not_indexed	
vinodelnya-batrak-perfekt-klassik-kaberne-fran-krasnoe-suhoe-135	Perfekt Klassik Каберне Фран	Винодельня Батрак	Красное	Ставрополье	Каберне Фран	not_indexed	
vinodelnya-batrak-perfekt-klassik-kaberne-sovinon-krasnoe-suhoe-135	Perfekt Klassik Каберне Совиньон	Винодельня Батрак	Красное	Ставрополье	Каберне Совиньон	not_indexed	
vinodelnya-batrak-perfekt-klassik-merlo-krasnoe-suhoe-135	Perfekt Klassik Мерло	Винодельня Батрак	Красное	Ставрополье	Мерло	not_indexed	
vinodelnya-batrak-perfekt-klassik-muskat-belyy-beloe-suhoe-125	Perfekt Klassik Мускат Белый	Винодельня Батрак	Белое	Ставрополье	Мускат Белый	not_indexed	
vinodelnya-batrak-perfekt-klassik-muskat-rozovyy-rozovoe-suhoe-125	Perfekt Klassik Мускат Розовый	Винодельня Батрак	Розовое	Ставрополье	Мускат Розовый	not_indexed	
vinodelnya-batrak-perfekt-klassik-pino-nuar-krasnoe-suhoe-12	Perfekt Klassik. Пино Нуар	Винодельня Батрак	Красное	Ставрополье	Пино Нуар	not_indexed	
vinodelnya-batrak-perfekt-klassik-saperavi-krasnoe-suhoe-135	Perfekt Klassik Саперави	Винодельня Батрак	Красное	Ставрополье	Саперави	not_indexed	
vinodelnya-batrak-perfekt-klassik-sovinon-blan-beloe-suhoe-125	Perfekt Klassik Совиньон блан	Винодельня Батрак	Белое	Ставрополье	Совиньон Блан	not_indexed	
vinodelnya-batrak-prikumskoe-sonnenschein-shardone-beloe-suhoe-12	Прикумское Sonnenschein	Винодельня Батрак	Белое	Ставрополье	Шардоне	not_indexed	
vinodelnya-batrak-prikumskoe-vitale-kraft-kaberne-sovinon-krasnoe-suhoe-135	Прикумское Vitale Kraft	Винодельня Батрак	Красное	Ставрополье	Каберне Совиньон	not_indexed	
vinodelnya-batrak-shpinel-kaberne-sovinon-rozovoe-suhoe-12	Шпинель	Винодельня Батрак	Розовое	Ставрополье	Каберне Совиньон	not_indexed	
vinodelnya-batrak-vitale-kraft-kaberne-sovinon-krasnoe-suhoe-14	Vitale Kraft	Винодельня Батрак	Красное	Ставрополье	Каберне Совиньон	not_indexed	
vinodelnya-begildeeva-kaberne-sovinon-krasnoe-suhoe-14	Каберне Совиньон	Винодельня Бегильдеева	Красное	Кубань	Каберне Совиньон	not_indexed	
vinodelnya-begildeeva-kaberne-sovinon-merlo-krasnoe-suhoe-14	Каберне Совиньон – Мерло	Винодельня Бегильдеева	Красное	Кубань	Каберне Совиньон	not_indexed	
vinodelnya-begildeeva-merlo-krasnoe-suhoe-14	Мерло	Винодельня Бегильдеева	Красное	Кубань	Мерло	not_indexed	
vinodelnya-berdyaeva-kaberne-fran-krasnoe-suhoe-115	Каберне Фран	Винодельня Бердяева	Красное	Кубань	Каберне Фран	not_indexed	
vinodelnya-berdyaeva-kaberne-kaberne-sovinon-krasnoe-suhoe-138	Каберне	Винодельня Бердяева	Красное	Кубань	Каберне Совиньон	not_indexed	
vinodelnya-berdyaeva-kaberne-sovinon-krasnoe-suhoe-145	Каберне Совиньон	Винодельня Бердяева	Красное	Кубань	Каберне Совиньон	not_indexed	
vinodelnya-berdyaeva-risling-beloe-polusuhoe-108	Рислинг	Винодельня Бердяева	Белое	Кубань	Рислинг	not_indexed	
vinodelnya-berdyaeva-risling-risling-reynskiy-beloe-suhoe-121	Рислинг	Винодельня Бердяева	Белое	Кубань	Рислинг Рейнский	not_indexed	
vinodelnya-berdyaeva-shardone-beloe-suhoe-125	Шардоне	Винодельня Бердяева	Белое	Кубань	Шардоне	not_indexed	
vinodelnya-bratev-melnikovyh-kaberne-sovinon-kaberne-fran-dva-brata-krasnoe-suhoe-145	Каберне Совиньон - Каберне Фран. Два Брата	Винодельня Братьев Мельниковых	Красное	Крым	Каберне Совиньон	not_indexed	
vinodelnya-bratev-melnikovyh-pino-dva-brata-pino-gri-rozovoe-suhoe-13	Пино. Два Брата	Винодельня Братьев Мельниковых	Розовое	Крым	Пино Гри	not_indexed	
vinodelnya-byurne-byurne-pino-blan-beloe-suhoe-14	БЮРНЬЕ.ПИНО БЛАН сухое белое	Винодельня Бюрнье	Белое	Кубань	Пино Блан	not_indexed	
vinodelnya-byurne-kaberne-fran-krasnoe-suhoe-135	БЮРНЬЕ.КАБЕРНЕ ФРАН сухое красное	Винодельня Бюрнье	Красное	Кубань	Каберне Фран	not_indexed	
vinodelnya-byurne-kaberne-sovinon-krasnoe-suhoe-135	БЮРНЬЕ.КАБЕРНЕ СОВИНЬОН сухое красное	Винодельня Бюрнье	Красное	Кубань	Каберне Совиньон	not_indexed	
vinodelnya-byurne-krasnostop-krasnoe-suhoe-145	БЮРНЬЕ.КРАСНОСТОП сухое красное	Винодельня Бюрнье	Красное	Кубань	Красностоп	not_indexed	
vinodelnya-byurne-lyublyu-beloe-shardone-suhoe-135	БЮРНЬЕ.ЛЮБЛЮ сухое белое	Винодельня Бюрнье	Белое	Кубань	Вионье, Пино Блан, Пино Гри, Шардоне	not_indexed	
vinodelnya-byurne-lyublyu-krasnoe-kaberne-fran-suhoe-135	БЮРНЬЕ.ЛЮБЛЮ сухое красное	Винодельня Бюрнье	Красное	Кубань	Каберне Фран, Мерло, Сира	not_indexed	
vinodelnya-byurne-merlo-krasnoe-suhoe-14	БЮРНЬЕ.МЕРЛО сухое красное	Винодельня Бюрнье	Красное	Кубань	Мерло	not_indexed	
vinodelnya-byurne-saperavi-krasnoe-suhoe-135	БЮРНЬЕ.САПЕРАВИ сухое красное	Винодельня Бюрнье	Красное	Кубань	Саперави	not_indexed	
vinodelnya-byurne-sira-krasnoe-suhoe-135	БЮРНЬЕ.СИРА сухое красное	Винодельня Бюрнье	Красное	Кубань	Сира	not_indexed	
vinodelnya-byurne-vione-beloe-suhoe-135	БЮРНЬЕ.ВИОНЬЕ сухое белое	Винодельня Бюрнье	Белое	Кубань	Вионье	not_indexed	
vinodelnya-konstantina-dzitoeva-kd-bryut-shardone-beloe-115	KD брют	Винодельня Константина Дзитоева	Белое	Северная Осетия — Алания	Шардоне	indexed	dataset/prod-svoe-vino-3/uploads/vinodelnya_konstantina_dzitoeva_kd_bryut_shardone_igristoe_bryut_beloe_115_6951096ef2.webp
vinodelnya-konstantina-dzitoeva-kd-rezerv-merlo-krasnoe-suhoe-12	KD Резерв	Винодельня Константина Дзитоева	Красное	Северная Осетия — Алания	Мерло	indexed	dataset/prod-svoe-vino-3/uploads/vinodelnya_konstantina_dzitoeva_kd_rezerv_merlo_krasnoe_suhoe_vyderzhannoe_12_b66cd45010.webp
vinodelnya-konstantina-dzitoeva-kd-shardone-beloe-suhoe-128	KD Шардоне	Винодельня Константина Дзитоева	Белое	Северная Осетия — Алания	Шардоне	indexed	dataset/prod-svoe-vino-3/uploads/vinodelnya_konstantina_dzitoeva_kd_shardone_beloe_suhoe_128_e9a75fb7f0.webp
vinodelnya-konstantina-dzitoeva-kion-kaberne-sovinon-krasnoe-suhoe-145	Кион	Винодельня Константина Дзитоева	Красное	Северная Осетия — Алания	Каберне Совиньон	indexed	dataset/prod-svoe-vino-3/uploads/vinodelnya_konstantina_dzitoeva_kion_kaberne_sovinon_krasnoe_suhoe_vyderzhannoe_145_0463d6f222.webp
vinodelnya-krinitsa-arena-sira-krasnoe-suhoe-13	Арена	Криница	Красное	Кубань	Сира	indexed	dataset/prod-svoe-vino-3/uploads/vinodelnya_krinitsa_arena_sira_krasnoe_suhoe_13_dc8b753978.webp
vinodelnya-krinitsa-aroma-pti-mansen-beloe-sladkoe-137	Арома	Криница	Белое	Кубань	Пти Мансен	indexed	dataset/prod-svoe-vino-3/uploads/vinodelnya_krinitsa_aroma_pti_mansen_beloe_sladkoe_137_3936725043.webp
vinodelnya-krinitsa-azyur-risling-beloe-suhoe-127	Азюр	Криница	Белое	Кубань	Рислинг	not_indexed	
vinodelnya-krinitsa-azyur-vione-beloe-suhoe-12	Азюр	Криница	Белое	Кубань	Вионье	not_indexed	
vinodelnya-krinitsa-ester-muskat-beloe-suhoe-128	Эстер	Криница	Белое	Кубань	Мускат	not_indexed	
vinodelnya-krinitsa-ester-muskat-belyy-beloe-suhoe-12	Эстер	Криница	Белое	Кубань	Мускат Белый	not_indexed	
vinodelnya-krinitsa-kollin-sira-krasnoe-suhoe-13	Коллин	Криница	Красное	Кубань	Сира	indexed	dataset/prod-svoe-vino-3/uploads/vinodelnya_krinitsa_kollin_sira_krasnoe_suhoe_13_0578a4fafe.webp
vinodelnya-krinitsa-risling-beloe-suhoe-13	Рислинг	Криница	Белое	Кубань	Рислинг	indexed	dataset/prod-svoe-vino-3/uploads/vinodelnya_krinitsa_risling_beloe_suhoe_13_8b7fd60fb9.webp
vinodelnya-krinitsa-rivazh-kaberne-sovinon-krasnoe-suhoe-13	Риваж	Криница	Красное	Кубань	Каберне Совиньон	indexed	dataset/prod-svoe-vino-3/uploads/vinodelnya_krinitsa_rivazh_kaberne_sovinon_krasnoe_suhoe_13_4a7f72881d.webp
vinodelnya-krinitsa-sirakyuz-krasnoe-suhoe-13	Сиракюз	Криница	Красное	Кубань	Сира	indexed	dataset/prod-svoe-vino-3/uploads/vinodelnya_krinitsa_sirakyuz_krasnoe_suhoe_13_6baebf9c06.webp
vinodelnya-krinitsa-vione-beloe-suhoe-133	Вионье	Криница	Белое	Кубань	Вионье	indexed	dataset/prod-svoe-vino-3/uploads/vinodelnya_krinitsa_vione_beloe_suhoe_133_e3c078da52.webp
vinodelnya-marchenko-gechei-zamatosh-beloe-suhoe-135	Гечеи Заматош	Винодельня Марченко	Белое	Кубань	Гечеи Заматош	indexed	dataset/prod-svoe-vino-3/uploads/vinodelnya_marchenko_gechei_zamatosh_beloe_suhoe_135_ff7b648e20.webp
vinodelnya-marchenko-kaberne-sovinon-krasnoe-suhoe-14	Каберне Совиньон	Винодельня Марченко	Красное	Кубань	Каберне Совиньон	indexed	dataset/prod-svoe-vino-3/uploads/vinodelnya_marchenko_kaberne_sovinon_krasnoe_suhoe_14_387edd3954.webp
vinodelnya-marchenko-krasnostop-zolotovskiy-krasnoe-suhoe-14	Красностоп Золотовский	Винодельня Марченко	Красное	Кубань	Красностоп Золотовский	indexed	dataset/prod-svoe-vino-3/uploads/vinodelnya_marchenko_krasnostop_zolotovskiy_krasnoe_suhoe_14_e218e5ada4.webp
vinodelnya-marchenko-merlo-krasnoe-suhoe-14	Мерло	Винодельня Марченко	Красное	Кубань	Мерло	indexed	dataset/prod-svoe-vino-3/uploads/vinodelnya_marchenko_merlo_krasnoe_suhoe_14_b03e5e2a36.webp
vinodelnya-marchenko-mtsvane-mtsvane-kahetinskiy-beloe-suhoe-135	Мцване	Винодельня Марченко	Белое	Кубань	Мцване Кахетинский	indexed	dataset/prod-svoe-vino-3/uploads/vinodelnya_marchenko_mtsvane_mtsvane_kahetinskiy_beloe_suhoe_135_f2692146b1.webp
vinodelnya-marchenko-rkatsiteli-beloe-suhoe-135	Ркацители	Винодельня Марченко	Белое	Кубань	Ркацители	indexed	dataset/prod-svoe-vino-3/uploads/vinodelnya_marchenko_rkatsiteli_beloe_suhoe_135_17aa4b13da.webp
vinodelnya-marchenko-rubin-rubin-azos-krasnoe-suhoe-14	Рубин	Винодельня Марченко	Красное	Кубань	Рубин АЗОС	indexed	dataset/prod-svoe-vino-3/uploads/vinodelnya_marchenko_rubin_rubin_azos_krasnoe_suhoe_14_d37b2bc288.webp
vinodelnya-marchenko-svezhiy-veter-mtsvane-mtsvane-kahetinskiy-beloe-suhoe-135	Свежий ветер. Мцване	Винодельня Марченко	Белое	Кубань	Мцване Кахетинский	indexed	dataset/prod-svoe-vino-3/uploads/vinodelnya_marchenko_svezhiy_veter_mtsvane_mtsvane_kahetinskiy_beloe_suhoe_135_b72dd767de.webp
vinodelnya-marchenko-vermilon-kaberne-azos-krasnoe-suhoe-14	Вермильон	Винодельня Марченко	Красное	Кубань	Каберне АЗОС	indexed	dataset/prod-svoe-vino-3/uploads/vinodelnya_marchenko_vermilon_kaberne_azos_krasnoe_suhoe_14_f967407afe.webp
vinodelnya-marko-assamblyazh-kaberne-sovinon-krasnoe-suhoe-14	Ассамбляж	Винодельня Марко	Красное	Ставрополье	Каберне Совиньон	indexed	dataset/prod-svoe-vino-3/uploads/vinodelnya_marko_assamblyazh_kaberne_sovinon_krasnoe_suhoe_14_1f4ea5a0e9.webp
vinodelnya-marko-dikiy-sovinon-sovinon-blan-beloe-suhoe-12	Дикий Совиньон	Винодельня Марко	Белое	Ставрополье	Совиньон Блан	indexed	dataset/prod-svoe-vino-3/uploads/vinodelnya_marko_dikiy_sovinon_sovinon_blan_beloe_suhoe_12_391dfa9445.webp
vinodelnya-marko-merlo-krasnoe-suhoe-14	Мерло	Винодельня Марко	Красное	Ставрополье	Мерло	indexed	dataset/prod-svoe-vino-3/uploads/vinodelnya_marko_merlo_krasnoe_suhoe_14_384d0e4a2a.webp
vinodelnya-marko-risling-beloe-suhoe-12	Рислинг	Винодельня Марко	Белое	Ставрополье	Рислинг	indexed	dataset/prod-svoe-vino-3/uploads/vinodelnya_marko_risling_beloe_suhoe_12_99d6ef8f95.webp
vinodelnya-marko-vione-beloe-suhoe-12	Вионье	Винодельня Марко	Белое	Ставрополье	Вионье	indexed	dataset/prod-svoe-vino-3/uploads/vinodelnya_marko_vione_beloe_suhoe_12_b8f5e2497b.webp
vinodelnya-molchanova-ice-wine-tsvetochnyy-beloe-sladkoe-11	Ice Wine Цветочный	Винодельня Молчанова	Белое	Долина Дона	Цветочный	indexed	dataset/prod-svoe-vino-3/uploads/vinodelnya_molchanova_ice_wine_tsvetochnyy_beloe_sladkoe_11_b011b225f0.webp
vinodelnya-molchanova-krasnostop-zolotovskiy-krasnoe-suhoe-13	Красностоп Золотовский	Винодельня Молчанова	Красное	Долина Дона	Красностоп Золотовский	not_indexed	
vinodelnya-molchanova-krasnostop-zolotovskiy-krasnoe-suhoe-135	Красностоп Золотовский	Винодельня Молчанова	Красное	Долина Дона	Красностоп Золотовский	not_indexed	
vinodelnya-myshako-aligote-vione-kyuve-beloe-polusladkoe-125	Алиготе – Вионье. Кюве	Мысхако	Белое	Кубань	Алиготе	indexed	dataset/prod-svoe-vino-3/uploads/vinodelnya_myshako_aligote_vione_kyuve_beloe_polusladkoe_125_8b824b620d.webp
vinodelnya-myshako-blanc-de-blancs-shardone-beloe-bryut-121	Blanc de Blancs	Мысхако	Белое	Кубань	Шардоне	indexed	dataset/prod-svoe-vino-3/uploads/vinodelnya_myshako_blanc_de_blancs_shardone_igristoe_bryut_beloe_121_d4edffbd87.webp
vinodelnya-myshako-chernoe-iz-chernogo-appassimento-kaberne-sovinon-krasnoe-suhoe-15	Черное из Черного. Аппассименто	Мысхако	Красное	Кубань	Каберне Совиньон	indexed	dataset/prod-svoe-vino-3/uploads/vinodelnya_myshako_chernoe_iz_chernogo_appassimento_kaberne_sovinon_krasnoe_suhoe_15_19d090caca.webp
vinodelnya-myshako-chernoe-iz-krasnogo-appassimento-kaberne-sovinon-krasnoe-polusuhoe-15	Черное из Красного. Аппассименто	Мысхако	Красное	Кубань	Каберне Совиньон	indexed	dataset/prod-svoe-vino-3/uploads/vinodelnya_myshako_chernoe_iz_krasnogo_appassimento_kaberne_sovinon_krasnoe_polusuhoe_15_4a7481518e.webp
vinodelnya-myshako-chernyy-udar-marselan-krasnoe-suhoe-162	Черный Удар	Мысхако	Красное	Кубань	Марселан	indexed	dataset/prod-svoe-vino-3/uploads/vinodelnya_myshako_chernyy_udar_marselan_krasnoe_suhoe_162_0fb37b486f.webp
vinodelnya-myshako-flute-blaufrankish-rozovoe-bryut-126	Flute Блауфранкиш	Мысхако	Розовое	Кубань	Блауфранкиш	indexed	dataset/prod-svoe-vino-3/uploads/vinodelnya_myshako_flute_blaufrankish_igristoe_bryut_rozovoe_126_131ed09b46.webp
vinodelnya-myshako-flute-bryut-beloe-shardone-11	Flute брют белое	Мысхако	Белое	Кубань	Шардоне	indexed	dataset/prod-svoe-vino-3/uploads/vinodelnya_myshako_flute_bryut_beloe_shardone_igristoe_bryut_beloe_11_ddbe12b9ec.webp
vinodelnya-myshako-flute-gevyurtstraminer-sovinon-blan-beloe-bryut-122	Flute Гевюрцтраминер Совиньон Блан	Мысхако	Белое	Кубань	Гевюрцтраминер	indexed	dataset/prod-svoe-vino-3/uploads/vinodelnya_myshako_flute_gevyurtstraminer_sovinon_blan_igristoe_bryut_beloe_122_9d73a2d644.webp
vinodelnya-myshako-flute-vione-aligote-beloe-bryut-12	Flute Вионье Алиготе	Мысхако	Белое	Кубань	Вионье	indexed	dataset/prod-svoe-vino-3/uploads/vinodelnya_myshako_flute_vione_aligote_igristoe_bryut_beloe_12_84a5f5532f.webp
vinodelnya-myshako-gevyurtstraminer-kyuve-bryut-beloe-123	Гевюрцтраминер Кюве брют	Мысхако	Белое	Кубань	Гевюрцтраминер	indexed	dataset/prod-svoe-vino-3/uploads/vinodelnya_myshako_gevyurtstraminer_kyuve_bryut_igristoe_bryut_beloe_123_8da56b2ab5.webp
vinodelnya-myshako-gevyurtstraminer-mode-petnat-beloe-bryut-118	Гевюрцтраминер Mode Петнат	Мысхако	Белое	Кубань	Гевюрцтраминер	indexed	dataset/prod-svoe-vino-3/uploads/vinodelnya_myshako_gevyurtstraminer_mode_petnat_petnat_bryut_belyy_118_efec323182.webp
vinodelnya-myshako-kaberne-fran-avtorskaya-tehnologiya-krasnoe-suhoe-142	Каберне Фран авторская технология	Мысхако	Красное	Кубань	Каберне Фран	indexed	dataset/prod-svoe-vino-3/uploads/vinodelnya_myshako_kaberne_fran_avtorskaya_tehnologiya_krasnoe_suhoe_142_adbc6382f4.webp
vinodelnya-myshako-kaberne-fran-krasnoe-suhoe-142	Каберне Фран	Мысхако	Красное	Кубань	Каберне Фран	indexed	dataset/prod-svoe-vino-3/uploads/vinodelnya_myshako_kaberne_fran_krasnoe_suhoe_142_57650d8a36.webp
vinodelnya-myshako-kaberne-myshako-grand-rezerv-kaberne-sovinon-krasnoe-suhoe-125	Каберне Мысхако Гранд Резерв	Мысхако	Красное	Кубань	Каберне Совиньон	indexed	dataset/prod-svoe-vino-3/uploads/vinodelnya_myshako_kaberne_myshako_grand_rezerv_kaberne_sovinon_krasnoe_suhoe_125_5ef2a79acb.webp
vinodelnya-myshako-kaberne-sovinon-black-out-krasnoe-polusuhoe-16	Каберне Совиньон. Black Out	Мысхако	Красное	Кубань	Каберне Совиньон	indexed	dataset/prod-svoe-vino-3/uploads/vinodelnya_myshako_kaberne_sovinon_black_out_krasnoe_polusuhoe_16_c5bb09a533.webp
vinodelnya-myshako-kaberne-sovinon-krasnoe-suhoe-138	Каберне Совиньон	Мысхако	Красное	Кубань	Каберне Совиньон	indexed	dataset/prod-svoe-vino-3/uploads/vinodelnya_myshako_kaberne_sovinon_krasnoe_suhoe_138_0ff42c6b1b.webp
vinodelnya-myshako-kaberne-sovinon-merlo-kyuve-krasnoe-suhoe-142	Каберне Совиньон – Мерло. Кюве	Мысхако	Красное	Кубань	Каберне Совиньон	indexed	dataset/prod-svoe-vino-3/uploads/vinodelnya_myshako_kaberne_sovinon_merlo_kyuve_krasnoe_suhoe_142_8126d58a29.webp
vinodelnya-myshako-marselan-avtorskaya-tehnologiya-krasnoe-suhoe-144	Марселан. Авторская технология	Мысхако	Красное	Кубань	Марселан	indexed	dataset/prod-svoe-vino-3/uploads/vinodelnya_myshako_marselan_avtorskaya_tehnologiya_krasnoe_suhoe_144_d0c6e20dc5.webp
vinodelnya-myshako-marselan-krasnoe-suhoe-143	Марселан	Мысхако	Красное	Кубань	Марселан	not_indexed	
vinodelnya-myshako-marselan-krasnoe-suhoe-144	Марселан	Мысхако	Красное	Кубань	Марселан	not_indexed	
vinodelnya-myshako-marselan-mode-appassimento-krasnoe-suhoe-146	Марселан Mode Appassimento	Мысхако	Красное	Кубань	Марселан	indexed	dataset/prod-svoe-vino-3/uploads/vinodelnya_myshako_marselan_mode_appassimento_krasnoe_suhoe_146_ea99d1e997.webp
vinodelnya-myshako-marselan-mode-krasnoe-suhoe-145	Марселан Mode	Мысхако	Красное	Кубань	Марселан	indexed	dataset/prod-svoe-vino-3/uploads/vinodelnya_myshako_marselan_mode_krasnoe_suhoe_145_924e926ae9.webp
vinodelnya-myshako-merlo-black-out-krasnoe-sladkoe-14	Мерло. Black Out	Мысхако	Красное	Кубань	Мерло	indexed	dataset/prod-svoe-vino-3/uploads/vinodelnya_myshako_merlo_black_out_krasnoe_sladkoe_14_83578ec427.webp
vinodelnya-myshako-merlo-grand-rezerv-krasnoe-suhoe-142	Мерло Гранд Резерв	Мысхако	Красное	Кубань	Мерло	indexed	dataset/prod-svoe-vino-3/uploads/vinodelnya_myshako_merlo_grand_rezerv_krasnoe_suhoe_142_755fcb23a0.webp
vinodelnya-myshako-merlo-tempranilo-kyuve-krasnoe-polusladkoe-135	Мерло – Темпранильо. Кюве	Мысхако	Красное	Кубань	Мерло	indexed	dataset/prod-svoe-vino-3/uploads/vinodelnya_myshako_merlo_tempranilo_kyuve_krasnoe_polusladkoe_135_884e18f396.webp
vinodelnya-myshako-merlo-zinfandel-kyuve-rozovoe-suhoe-128	Мерло – Зинфандель. Кюве	Мысхако	Розовое	Кубань	Мерло	indexed	dataset/prod-svoe-vino-3/uploads/vinodelnya_myshako_merlo_zinfandel_kyuve_rozovoe_suhoe_128_3d3d21e00a.webp
vinodelnya-myshako-muskat-avtorskaya-tehnologiya-mono-beloe-suhoe-128	Мускат. Авторская технология. Моно	Мысхако	Белое	Кубань	Мускат	indexed	dataset/prod-svoe-vino-3/uploads/vinodelnya_myshako_muskat_avtorskaya_tehnologiya_mono_beloe_suhoe_128_a6633f8b78.webp
vinodelnya-myshako-myshako-kyuve-rozovoe-pino-nuar-bryut-123	Мысхако Кюве Розовое	Мысхако	Розовое	Кубань	Пино Нуар	indexed	dataset/prod-svoe-vino-3/uploads/vinodelnya_myshako_myshako_kyuve_rozovoe_pino_nuar_igristoe_bryut_rozovoe_123_eace41f3c1.webp
vinodelnya-myshako-oranzhevoe-iz-belogo-gevyurtstraminer-krasnoe-suhoe-142	Оранжевое из Белого	Мысхако	Красное	Кубань	Гевюрцтраминер	indexed	dataset/prod-svoe-vino-3/uploads/vinodelnya_myshako_oranzhevoe_iz_belogo_gevyurtstraminer_krasnoe_suhoe_142_44b9fe0380.webp
vinodelnya-myshako-pino-gridzhio-beloe-polusuhoe-123	Пино Гриджио	Мысхако	Белое	Кубань	Пино Гри	indexed	dataset/prod-svoe-vino-3/uploads/vinodelnya_myshako_pino_gridzhio_beloe_polusuhoe_123_b4efce4e31.webp
vinodelnya-myshako-pino-nuar-karmener-reserve-krasnoe-suhoe-138	Пино Нуар - Карменер Reserve	Мысхако	Красное	Кубань	Пино Нуар	indexed	dataset/prod-svoe-vino-3/uploads/vinodelnya_myshako_pino_nuar_karmener_reserve_krasnoe_suhoe_138_142d47602d.webp
vinodelnya-myshako-primitivo-blaufrankish-reserve-krasnoe-suhoe-142	Примитиво - Блауфранкиш Reserve	Мысхако	Красное	Кубань	Примитиво	indexed	dataset/prod-svoe-vino-3/uploads/vinodelnya_myshako_primitivo_blaufrankish_reserve_krasnoe_suhoe_142_c96e36183b.webp
vinodelnya-myshako-quintessence-aligote-beloe-suhoe-128	Quintessence. Алиготе	Мысхако	Белое	Кубань	Алиготе	indexed	dataset/prod-svoe-vino-3/uploads/vinodelnya_myshako_quintessence_aligote_beloe_suhoe_128_e122429861.webp
vinodelnya-myshako-quintessence-blaufrankish-rozovoe-bryut-115	Quintessence. Блауфранкиш	Мысхако	Розовое	Кубань	Блауфранкиш	indexed	dataset/prod-svoe-vino-3/uploads/vinodelnya_myshako_quintessence_blaufrankish_igristoe_bryut_rozovoe_115_44d51328f7.webp
vinodelnya-myshako-quintessence-brut-muskat-muskat-belyy-beloe-bryut-12	Quintessence Brut. Мускат	Мысхако	Белое	Кубань	Мускат Белый	indexed	dataset/prod-svoe-vino-3/uploads/vinodelnya_myshako_quintessence_brut_muskat_muskat_belyy_igristoe_bryut_beloe_12_b16de08f25.webp
vinodelnya-myshako-quintessence-brut-vione-beloe-bryut-115	Quintessence Brut. Вионье	Мысхако	Белое	Кубань	Вионье	indexed	dataset/prod-svoe-vino-3/uploads/vinodelnya_myshako_quintessence_brut_vione_igristoe_bryut_beloe_115_31a5f96a86.webp
vinodelnya-myshako-quintessence-gevyurtstraminer-beloe-suhoe-128	Quintessence. Гевюрцтраминер	Мысхако	Белое	Кубань	Гевюрцтраминер	indexed	dataset/prod-svoe-vino-3/uploads/vinodelnya_myshako_quintessence_gevyurtstraminer_beloe_suhoe_128_2bf3d48221.webp
vinodelnya-myshako-quintessence-kaberne-sovinon-ripasso-krasnoe-suhoe-152	Quintessence. Каберне Совиньон Ripasso	Мысхако	Красное	Кубань	Каберне Совиньон	indexed	dataset/prod-svoe-vino-3/uploads/vinodelnya_myshako_quintessence_kaberne_sovinon_ripasso_krasnoe_suhoe_152_501be80695.webp
vinodelnya-myshako-quintessence-karmener-krasnoe-suhoe-146	Quintessence. Карменер	Мысхако	Красное	Кубань	Карменер	indexed	dataset/prod-svoe-vino-3/uploads/vinodelnya_myshako_quintessence_karmener_krasnoe_suhoe_146_199914a91b.webp
vinodelnya-myshako-quintessence-new-generation-brut-white-shardone-beloe-bryut-11	Quintessence New Generation. Brut White	Мысхако	Белое	Кубань	Шардоне	indexed	dataset/prod-svoe-vino-3/uploads/vinodelnya_myshako_quintessence_new_generation_brut_white_shardone_igristoe_bryut_beloe_11_a6ff8c556a.webp
vinodelnya-myshako-quintessence-new-generation-kaberne-fran-krasnoe-suhoe-145	Quintessence. New Generation. Каберне Фран	Мысхако	Красное	Кубань	Каберне Фран	indexed	dataset/prod-svoe-vino-3/uploads/vinodelnya_myshako_quintessence_new_generation_kaberne_fran_krasnoe_suhoe_145_bc712f73ef.webp
vinodelnya-myshako-quintessence-new-generation-risling-zekt-beloe-bryut-125	Quintessence New Generation. Рислинг Зект	Мысхако	Белое	Кубань	Рислинг	indexed	dataset/prod-svoe-vino-3/uploads/vinodelnya_myshako_quintessence_new_generation_risling_zekt_igristoe_bryut_beloe_125_0d819f0e8f.webp
vinodelnya-myshako-quintessence-new-generation-semi-dry-rose-pino-nuar-rozovoe-polusuhoe-11	Quintessence New Generation. Semi-Dry Rose	Мысхако	Розовое	Кубань	Пино Нуар	indexed	dataset/prod-svoe-vino-3/uploads/vinodelnya_myshako_quintessence_new_generation_semi_dry_rose_pino_nuar_igristoe_polusuhoe_rozovoe_11_541c16ca91.webp
vinodelnya-myshako-quintessence-new-generation-semi-sweet-white-vione-beloe-polusladkoe-11	Quintessence New Generation. Semi-Sweet White	Мысхако	Белое	Кубань	Вионье	indexed	dataset/prod-svoe-vino-3/uploads/vinodelnya_myshako_quintessence_new_generation_semi_sweet_white_vione_igristoe_polusladkoe_beloe_11_c6dcae8001.webp
vinodelnya-myshako-quintessence-new-generation-sovinon-blan-beloe-suhoe-122	Quintessence New Generation. Совиньон Блан	Мысхако	Белое	Кубань	Совиньон Блан	indexed	dataset/prod-svoe-vino-3/uploads/vinodelnya_myshako_quintessence_new_generation_sovinon_blan_beloe_suhoe_122_c45916b311.webp
vinodelnya-myshako-quintessence-new-generation-tempranilo-krasnoe-suhoe-134	Quintessence New Generation. Темпранильо.	Мысхако	Красное	Кубань	Темпранильо	indexed	dataset/prod-svoe-vino-3/uploads/vinodelnya_myshako_quintessence_new_generation_tempranilo_krasnoe_suhoe_134_ca0ba5c298.webp
vinodelnya-myshako-quintessence-new-generation-zinfandel-rozovoe-polusuhoe-115	Quintessence New Generation. Зинфандель	Мысхако	Розовое	Кубань	Зинфандель	indexed	dataset/prod-svoe-vino-3/uploads/vinodelnya_myshako_quintessence_new_generation_zinfandel_igristoe_polusuhoe_rozovoe_115_bc21ec7a08.webp
vinodelnya-myshako-quintessence-reserve-pino-nuar-krasnoe-suhoe-148	Quintessence Reserve. Пино Нуар	Мысхако	Красное	Кубань	Пино Нуар	indexed	dataset/prod-svoe-vino-3/uploads/vinodelnya_myshako_quintessence_reserve_pino_nuar_krasnoe_suhoe_148_cda292ea6f.webp
vinodelnya-myshako-quintessence-reserve-risling-krasnoe-suhoe-131	Quintessence Reserve. Рислинг	Мысхако	Красное	Кубань	Рислинг	indexed	dataset/prod-svoe-vino-3/uploads/vinodelnya_myshako_quintessence_reserve_risling_krasnoe_suhoe_131_b1c7ca6a8c.webp
vinodelnya-myshako-quintessence-shtorm-merlo-krasnoe-sladkoe-147	Quintessence Shtorm. Мерло	Мысхако	Красное	Кубань	Мерло	indexed	dataset/prod-svoe-vino-3/uploads/vinodelnya_myshako_quintessence_shtorm_merlo_krasnoe_sladkoe_147_6c9e12b5a1.webp
vinodelnya-myshako-quintessence-sovinon-blan-bryut-beloe-115	Quintessence. Совиньон Блан брют	Мысхако	Белое	Кубань	Совиньон Блан	indexed	dataset/prod-svoe-vino-3/uploads/vinodelnya_myshako_quintessence_sovinon_blan_bryut_igristoe_bryut_beloe_115_ac2559da70.webp
vinodelnya-myshako-quintessence-storm-pino-nuar-beloe-suhoe-128	Quintessence Storm. Пино Нуар	Мысхако	Белое	Кубань	Пино Нуар	indexed	dataset/prod-svoe-vino-3/uploads/vinodelnya_myshako_quintessence_storm_pino_nuar_beloe_suhoe_128_3105847c34.webp
vinodelnya-myshako-quintessence-storm-shiraz-krasnoe-polusuhoe-15	Quintessence Storm. Шираз	Мысхако	Красное	Кубань	Шираз	indexed	dataset/prod-svoe-vino-3/uploads/vinodelnya_myshako_quintessence_storm_shiraz_krasnoe_polusuhoe_15_ac3fdf4813.webp
vinodelnya-myshako-quintessence-vione-beloe-suhoe-128	Quintessence. Вионье	Мысхако	Белое	Кубань	Вионье	indexed	dataset/prod-svoe-vino-3/uploads/vinodelnya_myshako_quintessence_vione_beloe_suhoe_128_96e47d89e8.webp
vinodelnya-myshako-quintessence-zinfandel-krasnoe-suhoe-155	Quintessence. Зинфандель	Мысхако	Красное	Кубань	Зинфандель	indexed	dataset/prod-svoe-vino-3/uploads/vinodelnya_myshako_quintessence_zinfandel_krasnoe_suhoe_155_1a803d0d96.webp
vinodelnya-myshako-risling-beloe-suhoe-123	Рислинг	Мысхако	Белое	Кубань	Рислинг	indexed	dataset/prod-svoe-vino-3/uploads/vinodelnya_myshako_risling_beloe_suhoe_123_6680d29abd.webp
vinodelnya-myshako-risling-blanc-out-beloe-suhoe-145	Рислинг. Blanc Out	Мысхако	Белое	Кубань	Рислинг	indexed	dataset/prod-svoe-vino-3/uploads/vinodelnya_myshako_risling_blanc_out_beloe_suhoe_145_266fb7c61e.webp
vinodelnya-myshako-risling-kyuve-bryut-beloe-126	Рислинг Кюве брют	Мысхако	Белое	Кубань	Рислинг	indexed	dataset/prod-svoe-vino-3/uploads/vinodelnya_myshako_risling_kyuve_bryut_igristoe_bryut_beloe_126_bf3f490c36.webp
vinodelnya-myshako-risling-mode-kabinett-beloe-polusuhoe-126	Рислинг Mode Kabinett	Мысхако	Белое	Кубань	Рислинг	indexed	dataset/prod-svoe-vino-3/uploads/vinodelnya_myshako_risling_mode_kabinett_beloe_polusuhoe_126_13ef87d688.webp
vinodelnya-myshako-rose-de-noirs-pino-nuar-rozovoe-bryut-123	Rose De Noirs	Мысхако	Розовое	Кубань	Пино Нуар	indexed	dataset/prod-svoe-vino-3/uploads/vinodelnya_myshako_rose_de_noirs_pino_nuar_igristoe_bryut_rozovoe_123_5383668bd3.webp
vinodelnya-myshako-rouge-de-noirs-merlo-krasnoe-bryut-13	Rouge de Noirs	Мысхако	Красное	Кубань	Мерло	indexed	dataset/prod-svoe-vino-3/uploads/vinodelnya_myshako_rouge_de_noirs_merlo_igristoe_bryut_krasnoe_13_3e3fa77db7.webp
vinodelnya-myshako-semilon-aligote-reserve-beloe-suhoe-126	Семильон - Алиготе Reserve	Мысхако	Белое	Кубань	Семильон	indexed	dataset/prod-svoe-vino-3/uploads/vinodelnya_myshako_semilon_aligote_reserve_beloe_suhoe_126_f332895d20.webp
vinodelnya-myshako-sesto-senso-fruktovyy-vzryv-kaberne-sovinon-krasnoe-suhoe-155	Sesto Senso. Фруктовый взрыв	Мысхако	Красное	Кубань	Каберне Совиньон	indexed	dataset/prod-svoe-vino-3/uploads/vinodelnya_myshako_sesto_senso_fruktovyy_vzryv_kaberne_sovinon_krasnoe_suhoe_155_1cdb10e46e.webp
vinodelnya-myshako-sesto-senso-tropicheskiy-vzryv-gevyurtstraminer-beloe-suhoe-12	Sesto Senso. Тропический взрыв	Мысхако	Белое	Кубань	Гевюрцтраминер	indexed	dataset/prod-svoe-vino-3/uploads/vinodelnya_myshako_sesto_senso_tropicheskiy_vzryv_gevyurtstraminer_beloe_suhoe_12_a6df063535.webp
vinodelnya-myshako-sesto-senso-tropicheskiy-vzryv-sovinon-blan-beloe-suhoe-12	Sesto Senso. Тропический Взрыв. Совиньон Блан	Мысхако	Белое	Кубань	Совиньон Блан	indexed	dataset/prod-svoe-vino-3/uploads/vinodelnya_myshako_sesto_senso_tropicheskiy_vzryv_sovinon_blan_beloe_suhoe_12_d33e41aa16.webp
vinodelnya-myshako-sesto-senso-yagodnyy-vzryv-merlo-rozovoe-suhoe-122	Sesto Senso. Ягодный взрыв	Мысхако	Розовое	Кубань	Мерло	indexed	dataset/prod-svoe-vino-3/uploads/vinodelnya_myshako_sesto_senso_yagodnyy_vzryv_merlo_rozovoe_suhoe_122_fe6bf47e82.webp
vinodelnya-myshako-shardone-aligote-kyuve-beloe-suhoe-125	Шардоне – Алиготе. Кюве	Мысхако	Белое	Кубань	Шардоне	indexed	dataset/prod-svoe-vino-3/uploads/vinodelnya_myshako_shardone_aligote_kyuve_beloe_suhoe_125_d066e8c407.webp
vinodelnya-myshako-shardone-avtorskaya-tehnologiya-beloe-suhoe-155	Шардоне авторская технология	Мысхако	Белое	Кубань	Шардоне	indexed	dataset/prod-svoe-vino-3/uploads/vinodelnya_myshako_shardone_avtorskaya_tehnologiya_beloe_suhoe_155_ddb9b56c41.webp
vinodelnya-myshako-shardone-beloe-suhoe-123	Шардоне	Мысхако	Белое	Кубань	Шардоне	not_indexed	
vinodelnya-myshako-shardone-beloe-suhoe-145	Шардоне	Мысхако	Белое	Кубань	Шардоне	not_indexed	
vinodelnya-myshako-shardone-myshako-grand-rezerv-beloe-suhoe-125	Шардоне Мысхако Гранд Резерв	Мысхако	Белое	Кубань	Шардоне	indexed	dataset/prod-svoe-vino-3/uploads/vinodelnya_myshako_shardone_myshako_grand_rezerv_beloe_suhoe_125_00d560544c.webp
vinodelnya-myshako-shiraz-black-out-krasnoe-suhoe-152	Шираз. Black Out	Мысхако	Красное	Кубань	Шираз	indexed	dataset/prod-svoe-vino-3/uploads/vinodelnya_myshako_shiraz_black_out_krasnoe_suhoe_152_117767d8a2.webp
vinodelnya-myshako-shiraz-krasnoe-suhoe-146	Шираз	Мысхако	Красное	Кубань	Шираз	indexed	dataset/prod-svoe-vino-3/uploads/vinodelnya_myshako_shiraz_krasnoe_suhoe_146_6afc4160e3.webp
vinodelnya-myshako-sira-marselan-kyuve-krasnoe-suhoe-136	Сира – Марселан. Кюве	Мысхако	Красное	Кубань	Сира	indexed	dataset/prod-svoe-vino-3/uploads/vinodelnya_myshako_sira_marselan_kyuve_krasnoe_suhoe_136_3d66d5fcee.webp
vinodelnya-myshako-sovinon-blan-avtorskaya-tehnologiya-mono-beloe-suhoe-128	Совиньон Блан. Авторская технология. Моно	Мысхако	Белое	Кубань	Совиньон Блан	indexed	dataset/prod-svoe-vino-3/uploads/vinodelnya_myshako_sovinon_blan_avtorskaya_tehnologiya_mono_beloe_suhoe_128_1cb66bac07.webp
vinodelnya-myshako-sovinon-blan-beloe-suhoe-122	Совиньон Блан	Мысхако	Белое	Кубань	Совиньон Блан	indexed	dataset/prod-svoe-vino-3/uploads/vinodelnya_myshako_sovinon_blan_beloe_suhoe_122_6cfa0eec2c.webp
vinodelnya-myshako-sovinon-blan-blanc-out-beloe-suhoe-138	Совиньон Блан. Blanc Out	Мысхако	Белое	Кубань	Совиньон Блан	indexed	dataset/prod-svoe-vino-3/uploads/vinodelnya_myshako_sovinon_blan_blanc_out_beloe_suhoe_138_c0104a89b6.webp
vinodelnya-myshako-sovinon-blan-kyuve-beloe-suhoe-134	Совиньон Блан Кюве	Мысхако	Белое	Кубань	Совиньон Блан	indexed	dataset/prod-svoe-vino-3/uploads/vinodelnya_myshako_sovinon_blan_kyuve_beloe_suhoe_134_2227c5fdb9.webp
vinodelnya-myshako-sovinon-blan-mode-cold-style-beloe-suhoe-122	Совиньон Блан Mode Cold Style	Мысхако	Белое	Кубань	Совиньон Блан	indexed	dataset/prod-svoe-vino-3/uploads/vinodelnya_myshako_sovinon_blan_mode_cold_style_beloe_suhoe_122_dedad7f0ba.webp
vinodelnya-myshako-sovinon-blan-mode-petnat-beloe-bryut-12	Совиньон Блан Mode Петнат	Мысхако	Белое	Кубань	Совиньон Блан	indexed	dataset/prod-svoe-vino-3/uploads/vinodelnya_myshako_sovinon_blan_mode_petnat_petnat_bryut_belyy_12_80b3ff02e8.webp
vinodelnya-myshako-sovinon-blan-vione-kyuve-beloe-suhoe-125	Совиньон Блан – Вионье. Кюве	Мысхако	Белое	Кубань	Совиньон Блан	indexed	dataset/prod-svoe-vino-3/uploads/vinodelnya_myshako_sovinon_blan_vione_kyuve_beloe_suhoe_125_f4446c2fcb.webp
vinodelnya-myshako-sovinon-semilon-kyuve-sovinon-blan-beloe-suhoe-132	Совиньон Семильон Кюве	Мысхако	Белое	Кубань	Совиньон Блан	indexed	dataset/prod-svoe-vino-3/uploads/vinodelnya_myshako_sovinon_semilon_kyuve_sovinon_blan_beloe_suhoe_132_46f2609e02.webp
vinodelnya-myshako-tempranilo-rozovoe-suhoe-134	Темпранильо	Мысхако	Розовое	Кубань	Темпранильо	indexed	dataset/prod-svoe-vino-3/uploads/vinodelnya_myshako_tempranilo_rozovoe_suhoe_134_090941fd8c.webp
vinodelnya-myshako-zinfandel-mode-krasnoe-suhoe-148	Зинфандель Mode	Мысхако	Красное	Кубань	Зинфандель	indexed	dataset/prod-svoe-vino-3/uploads/vinodelnya_myshako_zinfandel_mode_krasnoe_suhoe_148_f6a88f446d.webp
vinodelnya-myshako-zinfandel-mode-petnat-rozovoe-polusuhoe-12	Зинфандель Mode Петнат	Мысхако	Розовое	Кубань	Зинфандель	indexed	dataset/prod-svoe-vino-3/uploads/vinodelnya_myshako_zinfandel_mode_petnat_petnat_polusuhoy_rozovyy_12_09340e76e9.webp
vinodelnya-pokrovskaya-marinka-marinovskiy-rozovoe-suhoe-123	Маринка	Винодельня Покровская	Розовое	Нижняя Волга	Мариновский	indexed	dataset/prod-svoe-vino-3/uploads/vinodelnya_pokrovskaya_marinka_marinovskiy_rozovoe_suhoe_123_90615151cb.webp
vinodelnya-pokrovskaya-pokrovskoe-krasnoe-kaberne-sovinon-suhoe-14	Покровское красное	Винодельня Покровская	Красное	Нижняя Волга	Каберне Совиньон	indexed	dataset/prod-svoe-vino-3/uploads/vinodelnya_pokrovskaya_pokrovskoe_krasnoe_kaberne_sovinon_krasnoe_suhoe_14_cb8d56d0d7.webp
vinodelnya-pokrovskaya-pokrovskoe-sladkoe-krasnoe-kaberne-sovinon-13	Покровское сладкое красное	Винодельня Покровская	Красное	Нижняя Волга	Каберне Совиньон	indexed	dataset/prod-svoe-vino-3/uploads/vinodelnya_pokrovskaya_pokrovskoe_sladkoe_krasnoe_kaberne_sovinon_krasnoe_sladkoe_13_962487e868.webp
vinodelnya-pokrovskaya-risling-pokrovskoe-risling-reynskiy-beloe-suhoe-13	Рислинг. Покровское	Винодельня Покровская	Белое	Нижняя Волга	Рислинг Рейнский	indexed	dataset/prod-svoe-vino-3/uploads/vinodelnya_pokrovskaya_risling_pokrovskoe_risling_reynskiy_beloe_suhoe_13_3f7429ad83.webp
vinodelnya-pokrovskaya-rkatsiteli-shardone-pokrovskoe-beloe-suhoe-13	Ркацители - Шардоне. Покровское	Винодельня Покровская	Белое	Нижняя Волга	Ркацители	indexed	dataset/prod-svoe-vino-3/uploads/vinodelnya_pokrovskaya_rkatsiteli_shardone_pokrovskoe_beloe_suhoe_13_79b247780d.webp
vinodelnya-pokrovskaya-rozovoe-marinovskiy-suhoe-135	Розовое	Винодельня Покровская	Розовое	Нижняя Волга	Мариновский	indexed	dataset/prod-svoe-vino-3/uploads/vinodelnya_pokrovskaya_rozovoe_marinovskiy_rozovoe_suhoe_135_90ac7e81ce.webp
vinodelnya-pokrovskaya-ryzhest-rkatsiteli-beloe-suhoe-11	Рыжесть	Винодельня Покровская	Белое	Нижняя Волга	Ркацители	indexed	dataset/prod-svoe-vino-3/uploads/vinodelnya_pokrovskaya_ryzhest_rkatsiteli_beloe_suhoe_11_4e400e23f8.webp
vinodelnya-pokrovskaya-sovinon-blan-pokrovskoe-beloe-suhoe-12	Совиньон Блан. Покровское	Винодельня Покровская	Белое	Нижняя Волга	Совиньон Блан	indexed	dataset/prod-svoe-vino-3/uploads/vinodelnya_pokrovskaya_sovinon_blan_pokrovskoe_beloe_suhoe_12_7798c623a3.webp
vinodelnya-raevskoe-eklego-krasnoe-tempranilo-suhoe-13	Эклего красное	Раевское	Красное	Кубань	Темпранильо	indexed	dataset/prod-svoe-vino-3/uploads/vinodelnya_raevskoe_eklego_krasnoe_tempranilo_krasnoe_suhoe_13_a79d22bf66.webp
vinodelnya-raevskoe-genezis-beloe-risling-suhoe-123	Генезис белое	Раевское	Белое	Кубань	Рислинг	indexed	dataset/prod-svoe-vino-3/uploads/vinodelnya_raevskoe_genezis_beloe_risling_beloe_suhoe_123_e1e994dbf3.webp
vinodelnya-raevskoe-genezis-krasnoe-kaberne-sovinon-suhoe-13	Генезис Красное	Раевское	Красное	Кубань	Каберне Совиньон	indexed	dataset/prod-svoe-vino-3/uploads/vinodelnya_raevskoe_genezis_krasnoe_kaberne_sovinon_krasnoe_suhoe_13_16b96ba980.webp
vinodelnya-raevskoe-genezis-rozovoe-tempranilo-suhoe-117	Генезис розовое	Раевское	Розовое	Кубань	Темпранильо	indexed	dataset/prod-svoe-vino-3/uploads/vinodelnya_raevskoe_genezis_rozovoe_tempranilo_rozovoe_suhoe_117_efc6919077.webp
vinodelnya-raevskoe-glou-krasnoe-merlo-suhoe-14	Глоу красное	Раевское	Красное	Кубань	Мерло	indexed	dataset/prod-svoe-vino-3/uploads/vinodelnya_raevskoe_glou_krasnoe_merlo_krasnoe_suhoe_14_2560e6ae7b.webp
vinodelnya-raevskoe-parfyum-de-terruar-blansh-vione-beloe-suhoe-12	Парфюм Де Терруар. Бланш	Раевское	Белое	Кубань	Вионье	indexed	dataset/prod-svoe-vino-3/uploads/vinodelnya_raevskoe_parfyum_de_terruar_blansh_vione_beloe_suhoe_12_da74965f85.webp
vinodelnya-raevskoe-parfyum-de-terruar-muskat-muskat-zheltyy-beloe-suhoe-123	Парфюм Де Терруар. Мускат	Раевское	Белое	Кубань	Мускат Желтый	indexed	dataset/prod-svoe-vino-3/uploads/vinodelnya_raevskoe_parfyum_de_terruar_muskat_muskat_zheltyy_beloe_suhoe_123_b111e93f53.webp
vinodelnya-raevskoe-parfyum-de-terruar-risling-beloe-suhoe-12	Парфюм Де Терруар. Рислинг	Раевское	Белое	Кубань	Рислинг	indexed	dataset/prod-svoe-vino-3/uploads/vinodelnya_raevskoe_parfyum_de_terruar_risling_beloe_suhoe_12_8823716922.webp
vinodelnya-raevskoe-parfyum-de-terruar-roze-tempranilo-rozovoe-suhoe-116	Парфюм де Терруар. Розе	Раевское	Розовое	Кубань	Темпранильо	indexed	dataset/prod-svoe-vino-3/uploads/vinodelnya_raevskoe_parfyum_de_terruar_roze_tempranilo_rozovoe_suhoe_116_3a3a12f03a.webp
vinodelnya-raevskoe-parfyum-de-terruar-ruzh-tempranilo-krasnoe-suhoe-13	Парфюм де Терруар. Руж	Раевское	Красное	Кубань	Темпранильо	indexed	dataset/prod-svoe-vino-3/uploads/vinodelnya_raevskoe_parfyum_de_terruar_ruzh_tempranilo_krasnoe_suhoe_13_ac22e06bac.webp
vinodelnya-raevskoe-parfyum-de-terruar-sovinon-blan-beloe-suhoe-121	Парфюм Де Терруар. Совиньон Блан	Раевское	Белое	Кубань	Совиньон Блан	indexed	dataset/prod-svoe-vino-3/uploads/vinodelnya_raevskoe_parfyum_de_terruar_sovinon_blan_beloe_suhoe_121_fb61b21cb1.webp
vinodelnya-raevskoe-renessans-beloe-shardone-suhoe-126	Ренессанс белое	Раевское	Белое	Кубань	Шардоне	indexed	dataset/prod-svoe-vino-3/uploads/vinodelnya_raevskoe_renessans_beloe_shardone_beloe_suhoe_126_a8170bcee9.webp
vinodelnya-raevskoe-renessans-belyy-blend-risling-beloe-suhoe-121	Ренессанс Белый бленд	Раевское	Белое	Кубань	Рислинг	indexed	dataset/prod-svoe-vino-3/uploads/vinodelnya_raevskoe_renessans_belyy_blend_risling_beloe_suhoe_121_d72a834899.webp
vinodelnya-raevskoe-renessans-blaufrankish-krasnoe-suhoe-128	Ренессанс Блауфранкиш	Раевское	Красное	Кубань	Блауфранкиш	indexed	dataset/prod-svoe-vino-3/uploads/vinodelnya_raevskoe_renessans_blaufrankish_krasnoe_suhoe_128_5debb8fc14.webp
vinodelnya-raevskoe-renessans-karmener-krasnoe-suhoe-12	Ренессанс Карменер	Раевское	Красное	Кубань	Карменер	indexed	dataset/prod-svoe-vino-3/uploads/vinodelnya_raevskoe_renessans_karmener_krasnoe_suhoe_12_690f3e8e78.webp
vinodelnya-raevskoe-renessans-krasnoe-kaberne-sovinon-suhoe-13	Ренессанс красное	Раевское	Красное	Кубань	Каберне Совиньон	indexed	dataset/prod-svoe-vino-3/uploads/vinodelnya_raevskoe_renessans_krasnoe_kaberne_sovinon_krasnoe_suhoe_13_72587cf80e.webp
vinodelnya-raevskoe-renessans-pino-nuar-krasnoe-suhoe-125	Ренессанс Пино Нуар	Раевское	Красное	Кубань	Пино Нуар	indexed	dataset/prod-svoe-vino-3/uploads/vinodelnya_raevskoe_renessans_pino_nuar_krasnoe_suhoe_125_dfbc856fa3.webp
vinodelnya-raevskoe-renessans-pti-verdo-krasnoe-suhoe-145	Ренессанс Пти Вердо	Раевское	Красное	Кубань	Пти Вердо	indexed	dataset/prod-svoe-vino-3/uploads/vinodelnya_raevskoe_renessans_pti_verdo_krasnoe_suhoe_145_f62eb404c2.webp
vinodelnya-raevskoe-renessans-rozovoe-tempranilo-suhoe-12	Ренессанс Розовое	Раевское	Розовое	Кубань	Темпранильо	indexed	dataset/prod-svoe-vino-3/uploads/vinodelnya_raevskoe_renessans_rozovoe_tempranilo_rozovoe_suhoe_12_a7e60be17a.webp
vinodelnya-raevskoe-renessans-shardone-beloe-suhoe-127	Ренессанс Шардоне	Раевское	Белое	Кубань	Шардоне	not_indexed	
vinodelnya-raevskoe-renessans-shardone-beloe-suhoe-128	Ренессанс Шардоне	Раевское	Белое	Кубань	Шардоне	not_indexed	
vinodelnya-raevskoe-renessans-tempranilo-krasnoe-suhoe-135	Ренессанс Темпранильо	Раевское	Красное	Кубань	Темпранильо	indexed	dataset/prod-svoe-vino-3/uploads/vinodelnya_raevskoe_renessans_tempranilo_krasnoe_suhoe_135_eab54b6b7c.webp
vinodelnya-raevskoe-renessans-vione-beloe-suhoe-122	Ренессанс Вионье	Раевское	Белое	Кубань	Вионье	indexed	dataset/prod-svoe-vino-3/uploads/vinodelnya_raevskoe_renessans_vione_beloe_suhoe_122_8d857ddfa3.webp
vinodelnya-uzunov-aligote-beloe-suhoe-127	Алиготе	Винодельня Узунов	Белое	Кубань	Алиготе	indexed	dataset/prod-svoe-vino-3/uploads/vinodelnya_uzunov_aligote_beloe_suhoe_127_575bc5c29d.webp
vinodelnya-uzunov-bunt-tsitronnyy-magaracha-beloe-suhoe-132	Бунт	Винодельня Узунов	Белое	Кубань	Цитронный Магарача	indexed	dataset/prod-svoe-vino-3/uploads/vinodelnya_uzunov_bunt_tsitronnyy_magaracha_beloe_suhoe_132_145bb8e9f1.webp
vinodelnya-uzunov-glad-shardone-beloe-ekstra-bryut-127	Гладь	Винодельня Узунов	Белое	Кубань	Шардоне	indexed	dataset/prod-svoe-vino-3/uploads/vinodelnya_uzunov_glad_shardone_igristoe_ekstra_bryut_beloe_127_7d4577552b.webp
vinodelnya-uzunov-krasa-kaberne-sovinon-krasnoe-suhoe-125	Краса	Винодельня Узунов	Красное	Кубань	Каберне Совиньон, Каберне Фран, Саперави	indexed	dataset/prod-svoe-vino-3/uploads/vinodelnya_uzunov_krasa_kaberne_sovinon_krasnoe_suhoe_125_15d22e77ca.webp
vinodelnya-uzunov-mono-kaberne-sovinon-krasnoe-suhoe-139	Моно. Каберне Совиньон	Винодельня Узунов	Красное	Кубань	Каберне Совиньон	not_indexed	
vinodelnya-uzunov-mono-krasnostop-krasnostop-zolotovskiy-krasnoe-suhoe-139	Моно. Красностоп	Винодельня Узунов	Красное	Кубань	Красностоп Золотовский	indexed	dataset/prod-svoe-vino-3/uploads/vinodelnya_uzunov_mono_krasnostop_krasnostop_zolotovskiy_krasnoe_suhoe_139_dc975abb72.webp
vinodelnya-uzunov-mono-saperavi-krasnoe-suhoe-139	Моно. Саперави	Винодельня Узунов	Красное	Кубань	Саперави	not_indexed	
vinodelnya-uzunov-nrav-krasnostop-zolotovskiy-krasnoe-suhoe-132	Нрав	Винодельня Узунов	Красное	Кубань	Каберне Совиньон, Красностоп Золотовский, Саперави	indexed	dataset/prod-svoe-vino-3/uploads/vinodelnya_uzunov_nrav_krasnostop_zolotovskiy_krasnoe_suhoe_132_17879d1190.webp
vinodelnya-uzunov-nrav-rezerv-krasnostop-zolotovskiy-krasnoe-suhoe-139	Нрав Резерв	Винодельня Узунов	Красное	Кубань	Каберне Совиньон, Красностоп Золотовский, Саперави	indexed	dataset/prod-svoe-vino-3/uploads/vinodelnya_uzunov_nrav_rezerv_krasnostop_zolotovskiy_krasnoe_suhoe_139_ef83afb6fb.webp
vinodelnya-uzunov-rash-rezerv-risling-reynskiy-beloe-suhoe-127	РАШ Резерв	Винодельня Узунов	Белое	Кубань	Алиготе, Рислинг Рейнский, Шардоне	not_indexed	
vinodelnya-uzunov-rash-risling-beloe-suhoe-127	РАШ	Винодельня Узунов	Белое	Кубань	Алиготе, Рислинг, Шардоне	indexed	dataset/prod-svoe-vino-3/uploads/vinodelnya_uzunov_rash_risling_beloe_suhoe_127_f5a419791f.webp
vinodelnya-uzunov-roze-ekstra-bryut-kaberne-sovinon-rozovoe-127	Розе экстра брют	Винодельня Узунов	Розовое	Кубань	Каберне Совиньон, Каберне Фран	indexed	dataset/prod-svoe-vino-3/uploads/vinodelnya_uzunov_roze_ekstra_bryut_kaberne_sovinon_igristoe_ekstra_bryut_rozovoe_127_e1e68b12cc.webp
vinodelnya-uzunov-shardone-rezerv-beloe-suhoe-135	Шардоне Резерв	Винодельня Узунов	Белое	Кубань	Шардоне	indexed	dataset/prod-svoe-vino-3/uploads/vinodelnya_uzunov_shardone_rezerv_beloe_suhoe_135_80bc6fe151.webp
vinodelnya-uzunov-sovinon-blan-beloe-suhoe-125	Совиньон Блан	Винодельня Узунов	Белое	Кубань	Совиньон Блан	not_indexed	
vinodelnya-uzunov-sovinon-kukuoba-sovinon-blan-beloe-ekstra-bryut-12	Совиньон Кукуоба	Винодельня Узунов	Белое	Кубань	Совиньон Блан	indexed	dataset/prod-svoe-vino-3/uploads/vinodelnya_uzunov_sovinon_kukuoba_sovinon_blan_beloe_ekstra_bryut_12_afc1102ff2.webp
vinodelnya-vedernikov-5050-tsimlyanskiy-sibirkovyy-ekstra-bryut-beloe-12	50/50 Цимлянский-Сибирьковый Экстра брют	Ведерниковъ	Белое	Долина Дона	Сибирьковый, Цимлянский черный	indexed	dataset/prod-svoe-vino-3/uploads/vinodelnya_vedernikov_5050_tsimlyanskiy_sibirkovyy_ekstra_bryut_beloe_12_9cb05a5a09.webp
vinodelnya-vedernikov-fantom-3070-krasnostop-zolotovskiy-krasnoe-suhoe-145	Фантом 30/70	Ведерниковъ	Красное	Долина Дона	Каберне Совиньон, Красностоп Золотовский	indexed	dataset/prod-svoe-vino-3/uploads/vinodelnya_vedernikov_fantom_3070_krasnostop_zolotovskiy_krasnoe_suhoe_145_6c9dfe89bd.webp
vinodelnya-vedernikov-fantom-5050-krasnostop-zolotovskiy-krasnoe-suhoe-145	Фантом 50/50	Ведерниковъ	Красное	Долина Дона	Каберне Совиньон, Красностоп Золотовский	indexed	dataset/prod-svoe-vino-3/uploads/vinodelnya_vedernikov_fantom_5050_krasnostop_zolotovskiy_krasnoe_suhoe_145_54e6aa9638.webp
vinodelnya-vedernikov-fantom-7030-krasnostop-zolotovskiy-krasnoe-suhoe-15	Фантом 70/30	Ведерниковъ	Красное	Долина Дона	Каберне Совиньон, Красностоп Золотовский	indexed	dataset/prod-svoe-vino-3/uploads/vinodelnya_vedernikov_fantom_7030_krasnostop_zolotovskiy_krasnoe_suhoe_15_4431943ad0.webp
vinodelnya-vedernikov-gubernatorskiy-rezerv-beloe-risling-suhoe-12	Губернаторский Резерв. Белое	Ведерниковъ	Белое	Долина Дона	Рислинг, Ркацители	indexed	dataset/prod-svoe-vino-3/uploads/vinodelnya_vedernikov_gubernatorskiy_rezerv_beloe_risling_suhoe_12_280641b281.webp
vinodelnya-vedernikov-gubernatorskiy-rezerv-krasnoe-kaberne-sovinon-suhoe-14	Губернаторский Резерв. Красное	Ведерниковъ	Красное	Долина Дона	Каберне Совиньон, Красностоп Золотовский, Цимлянский черный	indexed	dataset/prod-svoe-vino-3/uploads/vinodelnya_vedernikov_gubernatorskiy_rezerv_krasnoe_kaberne_sovinon_suhoe_14_35b1c6ebda.webp
vinodelnya-vedernikov-gubernatorskoe-golubok-krasnoe-suhoe-11	Губернаторское. Голубок	Ведерниковъ	Красное	Долина Дона	Голубок, Каберне Совиньон, Цимлянский черный	indexed	dataset/prod-svoe-vino-3/uploads/vinodelnya_vedernikov_gubernatorskoe_golubok_krasnoe_suhoe_11_35f666fa86.webp
vinodelnya-vedernikov-gubernatorskoe-kaberne-krasnostop-zolotovskiy-krasnoe-suhoe-12	Губернаторское. Каберне	Ведерниковъ	Красное	Долина Дона	Каберне Совиньон, Красностоп Золотовский, Цимлянский черный	indexed	dataset/prod-svoe-vino-3/uploads/vinodelnya_vedernikov_gubernatorskoe_kaberne_krasnostop_zolotovskiy_krasnoe_suhoe_12_62ddf16cc6.webp
vinodelnya-vedernikov-gubernatorskoe-risling-beloe-suhoe-12	Губернаторское. Рислинг	Ведерниковъ	Белое	Долина Дона	Рислинг	indexed	dataset/prod-svoe-vino-3/uploads/vinodelnya_vedernikov_gubernatorskoe_risling_beloe_suhoe_12_43f9820281.webp
vinodelnya-vedernikov-gubernatorskoe-rkatsiteli-beloe-suhoe-13	Губернаторское. Ркацители	Ведерниковъ	Белое	Долина Дона	Ркацители	indexed	dataset/prod-svoe-vino-3/uploads/vinodelnya_vedernikov_gubernatorskoe_rkatsiteli_beloe_suhoe_13_3e2b70fdee.webp
vinodelnya-vedernikov-gubernatorskoe-rozovoe-tsimlyanskiy-chernyy-suhoe-11	Губернаторское. Розовое	Ведерниковъ	Розовое	Долина Дона	Каберне Совиньон, Красностоп Золотовский, Цимлянский черный	indexed	dataset/prod-svoe-vino-3/uploads/vinodelnya_vedernikov_gubernatorskoe_rozovoe_tsimlyanskiy_chernyy_suhoe_11_46e399ed48.webp
vinodelnya-vedernikov-kaberne-sovinon-krasnoe-suhoe-14	Каберне Совиньон	Ведерниковъ	Красное	Долина Дона	Каберне Совиньон	indexed	dataset/prod-svoe-vino-3/uploads/vinodelnya_vedernikov_kaberne_sovinon_krasnoe_suhoe_14_bf65626333.webp
vinodelnya-vedernikov-krasnostop-zolotovskiy-krasnoe-suhoe-13	Красностоп Золотовский	Ведерниковъ	Красное	Долина Дона	Красностоп Золотовский	indexed	dataset/prod-svoe-vino-3/uploads/vinodelnya_vedernikov_krasnostop_zolotovskiy_krasnoe_suhoe_13_a05fcccc58.webp
vinodelnya-vedernikov-krasnostop-zolotovskiy-rezerv-krasnoe-suhoe-15	Красностоп Золотовский Резерв	Ведерниковъ	Красное	Долина Дона	Красностоп Золотовский	indexed	dataset/prod-svoe-vino-3/uploads/vinodelnya_vedernikov_krasnostop_zolotovskiy_rezerv_krasnoe_suhoe_15_d809aa8af8.webp
vinodelnya-vedernikov-krasnostop-zolotovskiy-roze-rozovoe-suhoe-12	Красностоп Золотовский розе	Ведерниковъ	Розовое	Долина Дона	Красностоп Золотовский	indexed	dataset/prod-svoe-vino-3/uploads/vinodelnya_vedernikov_krasnostop_zolotovskiy_roze_rozovoe_suhoe_12_eb54b43c4b.webp
vinodelnya-vedernikov-pravoberezhnoe-beloe-aligote-suhoe-13	Правобережное белое	Ведерниковъ	Белое	Долина Дона	Алиготе	indexed	dataset/prod-svoe-vino-3/uploads/vinodelnya_vedernikov_pravoberezhnoe_beloe_aligote_suhoe_13_bc8750c1c8.webp
vinodelnya-vedernikov-pravoberezhnoe-krasnoe-kaberne-sovinon-suhoe-145	Правобережное красное	Ведерниковъ	Красное	Долина Дона	Каберне Совиньон, Красностоп Золотовский, Цимлянский черный	indexed	dataset/prod-svoe-vino-3/uploads/vinodelnya_vedernikov_pravoberezhnoe_krasnoe_kaberne_sovinon_suhoe_145_75edc6fd6c.webp
vinodelnya-vedernikov-rkatsiteli-beloe-suhoe-13	Ркацители	Ведерниковъ	Белое	Долина Дона	Ркацители	indexed	dataset/prod-svoe-vino-3/uploads/vinodelnya_vedernikov_rkatsiteli_beloe_suhoe_13_f4d5d4e613.webp
vinodelnya-vedernikov-sibirkovyy-aligote-beloe-bryut-117	Сибирьковый-Алиготе	Ведерниковъ	Белое	Долина Дона	Алиготе, Сибирьковый	indexed	dataset/prod-svoe-vino-3/uploads/vinodelnya_vedernikov_sibirkovyy_aligote_beloe_bryut_117_e6cc15c360.webp
vinodelnya-vedernikov-sibirkovyy-beloe-suhoe-11	Сибирьковый	Ведерниковъ	Белое	Долина Дона	Сибирьковый	not_indexed	
vinodelnya-vedernikov-sibirkovyy-ekstra-bryut-beloe-117	Сибирьковый экстра брют	Ведерниковъ	Белое	Долина Дона	Сибирьковый	indexed	dataset/prod-svoe-vino-3/uploads/vinodelnya_vedernikov_sibirkovyy_ekstra_bryut_beloe_117_5f7d82bd4f.webp
vinodelnya-vedernikov-tsimlyanskiy-chernyy-blanc-de-noirs-beloe-bryut-117	Цимлянский Черный Blanc de Noirs	Ведерниковъ	Белое	Долина Дона	Цимлянский черный	indexed	dataset/prod-svoe-vino-3/uploads/vinodelnya_vedernikov_tsimlyanskiy_chernyy_blanc_de_noirs_beloe_bryut_117_eb7b9970f8.webp
vinodelnya-vedernikov-tsimlyanskiy-chernyy-bryut-roze-rozovoe-129	Цимлянский Черный брют розе	Ведерниковъ	Розовое	Долина Дона	Цимлянский черный	not_indexed	
vinodelnya-vedernikov-tsimlyanskiy-chernyy-bryut-roze-rozovoe-14	Цимлянский Черный брют розе	Ведерниковъ	Розовое	Долина Дона	Цимлянский черный	not_indexed	
vinodelnya-vedernikov-tsimlyanskiy-chernyy-rezerv-krasnoe-suhoe-145	Цимлянский Черный Резерв	Ведерниковъ	Красное	Долина Дона	Цимлянский черный	indexed	dataset/prod-svoe-vino-3/uploads/vinodelnya_vedernikov_tsimlyanskiy_chernyy_rezerv_krasnoe_suhoe_145_c7141a2860.webp
vinodelnya-vedernikov-tsimlyanskiy-chernyy-rozovyy-rozovoe-suhoe-125	Цимлянский Черный розовый	Ведерниковъ	Розовое	Долина Дона	Цимлянский черный	indexed	dataset/prod-svoe-vino-3/uploads/vinodelnya_vedernikov_tsimlyanskiy_chernyy_rozovyy_rozovoe_suhoe_125_c3e94b0098.webp
vinodelnya-vedernikov-vedernikov-dolina-dona-beloe-suhoe-aligote-12	Ведерниковъ Долина Дона Белое Сухое	Ведерниковъ	Белое	Долина Дона	Алиготе, Рислинг, Ркацители, Сибирьковый	indexed	dataset/prod-svoe-vino-3/uploads/vinodelnya_vedernikov_vedernikov_dolina_dona_beloe_suhoe_aligote_12_e8c5795ff3.webp
vinodelnya-vedernikov-vedernikov-dolina-dona-krasnoe-suhoe-kaberne-sovinon-125	Ведерниковъ Долина Дона Красное Сухое	Ведерниковъ	Красное	Долина Дона	Каберне Совиньон, Красностоп Золотовский, Цимлянский черный	indexed	dataset/prod-svoe-vino-3/uploads/vinodelnya_vedernikov_vedernikov_dolina_dona_krasnoe_suhoe_kaberne_sovinon_125_61017e5b54.webp
vinodelnya-vedernikov-vedernikov-gubernatorskoe-golubok-krasnoe-suhoe-115	Ведерниковъ Губернаторское «Голубок»	Ведерниковъ	Красное	Долина Дона	Голубок, Каберне Совиньон, Цимлянский черный	indexed	dataset/prod-svoe-vino-3/uploads/vinodelnya_vedernikov_vedernikov_gubernatorskoe_golubok_krasnoe_suhoe_115_8c9f5c5b2a.webp
vinodelnya-vedernikov-vedernikov-gubernatorskoe-rezerv-kaberne-sovinon-krasnoe-suhoe-14	Ведерниковъ Губернаторское Резерв	Ведерниковъ	Красное	Долина Дона	Каберне Совиньон, Красностоп Золотовский, Цимлянский черный	indexed	dataset/prod-svoe-vino-3/uploads/vinodelnya_vedernikov_vedernikov_gubernatorskoe_rezerv_kaberne_sovinon_krasnoe_suhoe_14_89b77c35e7.webp
vinodelnya-vedernikov-vedernikov-kaberne-sovinon-krasnoe-suhoe-145	Ведерниковъ Каберне Совиньон	Ведерниковъ	Красное	Долина Дона	Каберне Совиньон	indexed	dataset/prod-svoe-vino-3/uploads/vinodelnya_vedernikov_vedernikov_kaberne_sovinon_krasnoe_suhoe_145_1833c3f20b.webp
vinodelnya-vedernikov-vedernikov-krasnostop-zolotovskiy-krasnoe-suhoe-145	Ведерниковъ Красностоп Золотовский	Ведерниковъ	Красное	Долина Дона	Красностоп Золотовский	indexed	dataset/prod-svoe-vino-3/uploads/vinodelnya_vedernikov_vedernikov_krasnostop_zolotovskiy_krasnoe_suhoe_145_07aa21a458.webp
vinodelnya-vedernikov-vedernikov-krasnostop-zolotovskiy-magnum-krasnoe-suhoe-145	Ведерниковъ Красностоп Золотовский (магнум)	Ведерниковъ	Красное	Долина Дона	Красностоп Золотовский	indexed	dataset/prod-svoe-vino-3/uploads/vinodelnya_vedernikov_vedernikov_krasnostop_zolotovskiy_magnum_krasnoe_suhoe_145_8e7ef2fb06.webp
vinodelnya-vedernikov-vedernikov-pet-nat-golubok-krasnyy-bryut-krasnoe-suhoe-13	Ведерниковъ Пет-Нат «Голубок» Красный Брют	Ведерниковъ	Красное	Долина Дона	Голубок	indexed	dataset/prod-svoe-vino-3/uploads/vinodelnya_vedernikov_vedernikov_pet_nat_golubok_krasnyy_bryut_krasnoe_suhoe_13_59ca83550f.webp
vinodelnya-vedernikov-vedernikov-pet-nat-platovskiy-aligote-bryut-beloe-suhoe-10	Ведерниковъ Пет-Нат «Платовский-Алиготе» Брют	Ведерниковъ	Белое	Долина Дона	Алиготе, Платовский	indexed	dataset/prod-svoe-vino-3/uploads/vinodelnya_vedernikov_vedernikov_pet_nat_platovskiy_aligote_bryut_beloe_suhoe_10_d5c01e9bdf.webp
vinodelnya-vedernikov-vedernikov-puhlyakovskiy-beloe-suhoe-12	Ведерниковъ Пухляковский	Ведерниковъ	Белое	Долина Дона	Пухляковский, Сибирьковый	indexed	dataset/prod-svoe-vino-3/uploads/vinodelnya_vedernikov_vedernikov_puhlyakovskiy_beloe_suhoe_12_f332a8999d.webp
vinodelnya-vedernikov-vedernikov-tsimlyanskiy-chyornyy-bryut-roze-2-tsimlyanskiy-chernyy-rozovoe-12	Ведерниковъ Цимлянский Чёрный Брют Розе 2	Ведерниковъ	Розовое	Долина Дона	Цимлянский черный	indexed	dataset/prod-svoe-vino-3/uploads/vinodelnya_vedernikov_vedernikov_tsimlyanskiy_chyornyy_bryut_roze_2_tsimlyanskiy_chernyy_rozovoe_12_f890d2ca11.webp
vinodelnya-vedernikov-vedernikov-tsimlyanskiy-chyornyy-bryut-roze-tsimlyanskiy-chernyy-rozovoe-12	Ведерниковъ Цимлянский Чёрный Брют Розе	Ведерниковъ	Розовое	Долина Дона	Цимлянский черный	indexed	dataset/prod-svoe-vino-3/uploads/vinodelnya_vedernikov_vedernikov_tsimlyanskiy_chyornyy_bryut_roze_tsimlyanskiy_chernyy_rozovoe_12_62efb1454a.webp
vinodelnya-vedernikov-vedernikov-tsimlyanskiy-chyornyy-bryut-tsimlyanskiy-chernyy-beloe-12	Ведерниковъ Цимлянский Чёрный Брют	Ведерниковъ	Белое	Долина Дона	Цимлянский черный	indexed	dataset/prod-svoe-vino-3/uploads/vinodelnya_vedernikov_vedernikov_tsimlyanskiy_chyornyy_bryut_tsimlyanskiy_chernyy_beloe_12_94126ea6cf.webp
vinodelnya-vedernikov-vedernikov-tsimlyanskiy-chyornyy-tsimlyanskiy-chernyy-krasnoe-suhoe-14	Ведерниковъ Цимлянский Чёрный	Ведерниковъ	Красное	Долина Дона	Цимлянский черный	not_indexed	
vinodelnya-vedernikov-vinodelnya-vedernikov-pet-nat-roze-tsimlyanskiy-chernyy-rozovoe-suhoe-12	Винодельня Ведерниковъ Пет-Нат Розе	Ведерниковъ	Розовое	Долина Дона	Цимлянский черный	indexed	dataset/prod-svoe-vino-3/uploads/vinodelnya_vedernikov_vinodelnya_vedernikov_pet_nat_roze_tsimlyanskiy_chernyy_rozovoe_suhoe_12_647e4c90d6.webp
vinodelnya-vedernikov-vinodelnya-vedernikov-tsimlyanskiy-chernyy-sibirkovyy-ekstra-bryut-beloe-13	Винодельня Ведерниковъ Цимлянский Черный-Сибирьковый Экстра Брют	Ведерниковъ	Белое	Долина Дона	Сибирьковый, Цимлянский черный	indexed	dataset/prod-svoe-vino-3/uploads/vinodelnya_vedernikov_vinodelnya_vedernikov_tsimlyanskiy_chernyy_sibirkovyy_ekstra_bryut_beloe_13_8299616071.webp
vinodelnya-zhakov-fresherst-saperavi-krasnoe-suhoe-118	Фрешерсть	Винодельня Жаков	Красное	Крым	Саперави	indexed	dataset/prod-svoe-vino-3/uploads/vinodelnya_zhakov_fresherst_saperavi_krasnoe_suhoe_118_cfbb8e6d1d.webp
vinodelnya-zhakov-karbon-saperavi-krasnoe-suhoe-126	Карбон	Винодельня Жаков	Красное	Крым	Саперави	indexed	dataset/prod-svoe-vino-3/uploads/vinodelnya_zhakov_karbon_saperavi_krasnoe_suhoe_126_7c676ef0b4.webp
vinodelnya-zhakov-kokurkod-beloe-suhoe-118	Кокуркод	Винодельня Жаков	Белое	Крым	Кокур	indexed	dataset/prod-svoe-vino-3/uploads/vinodelnya_zhakov_kokurkod_beloe_suhoe_118_f912412bcd.webp
vinodelnya-zhakov-logovo-saperavi-krasnoe-suhoe-126	Логово Саперави	Винодельня Жаков	Красное	Крым	Саперави	indexed	dataset/prod-svoe-vino-3/uploads/vinodelnya_zhakov_logovo_saperavi_krasnoe_suhoe_126_4ac26ab1e4.webp
vinodelnya-zhakov-neoranzh-vostorg-beloe-suhoe-123	Неоранж	Винодельня Жаков	Белое	Крым	Восторг	indexed	dataset/prod-svoe-vino-3/uploads/vinodelnya_zhakov_neoranzh_vostorg_beloe_suhoe_123_daeaeb297b.webp
vinodelnya-zhakov-rkatsiteli-eskeyp-krasnoe-suhoe-119	Ркацители Эскейп	Винодельня Жаков	Красное	Крым	Ркацители	indexed	dataset/prod-svoe-vino-3/uploads/vinodelnya_zhakov_rkatsiteli_eskeyp_krasnoe_suhoe_119_0b92b05d72.webp
vinodelnya-zhakov-rozeo-saperavi-rozovoe-suhoe-115	Розео	Винодельня Жаков	Розовое	Крым	Саперави	indexed	dataset/prod-svoe-vino-3/uploads/vinodelnya_zhakov_rozeo_saperavi_rozovoe_suhoe_115_6728000363.webp
vinodelnya-zhakov-saperavi-escape-krasnoe-suhoe-127	Саперави Escape	Винодельня Жаков	Красное	Крым	Саперави	indexed	dataset/prod-svoe-vino-3/uploads/vinodelnya_zhakov_saperavi_escape_krasnoe_suhoe_127_49559b52aa.webp
vinodelnya-zhakov-saperavi-krasnoe-suhoe-126	Саперави	Винодельня Жаков	Красное	Крым	Саперави	indexed	dataset/prod-svoe-vino-3/uploads/vinodelnya_zhakov_saperavi_krasnoe_suhoe_126_0231863a40.webp
vinodelnya-zhakov-saperavi-vyderzhannoe-krasnoe-suhoe-115	Саперави выдержанное	Винодельня Жаков	Красное	Крым	Саперави	indexed	dataset/prod-svoe-vino-3/uploads/vinodelnya_zhakov_saperavi_vyderzhannoe_krasnoe_suhoe_115_f5a569eab1.webp
vinodelnya-zhakov-shardone-eskeyp-beloe-suhoe-12	Шардоне Эскейп	Винодельня Жаков	Белое	Крым	Шардоне	indexed	dataset/prod-svoe-vino-3/uploads/vinodelnya_zhakov_shardone_eskeyp_beloe_suhoe_12_5ce6664768.webp
vinodelnya-zhakov-tavkveri-escape-krasnoe-suhoe-117	Тавквери Escape	Винодельня Жаков	Красное	Крым	Тавквери	indexed	dataset/prod-svoe-vino-3/uploads/vinodelnya_zhakov_tavkveri_escape_krasnoe_suhoe_117_b6800294d6.webp
vinodelnya-zhakov-vostorg-beloe-suhoe-116	Восторг	Винодельня Жаков	Белое	Крым	Восторг	indexed	dataset/prod-svoe-vino-3/uploads/vinodelnya_zhakov_vostorg_beloe_suhoe_116_d4de151c7e.webp
vinogradniki-gay-kodzora-elegance-rose-de-gai-kodzor-sira-rozovoe-suhoe-125	Elegance. Rose De Gai-Kodzor	Виноградники Гай-Кодзора	Розовое	Кубань	Сира	indexed	dataset/prod-svoe-vino-3/uploads/vinogradniki_gay_kodzora_elegance_rose_de_gai_kodzor_sira_rozovoe_suhoe_125_5f5dbbbf70.webp
vinogradniki-gay-kodzora-gewurztraminer-de-gai-kodzor-gevyurtstraminer-beloe-polusuhoe-135	Gewurztraminer de Gai-Kodzor	Виноградники Гай-Кодзора	Белое	Кубань	Гевюрцтраминер	indexed	dataset/prod-svoe-vino-3/uploads/vinogradniki_gay_kodzora_gewurztraminer_de_gai_kodzor_gevyurtstraminer_beloe_polusuhoe_135_2e99cb319b.webp
vinogradniki-gay-kodzora-malbec-de-gai-kodzor-malbek-krasnoe-suhoe-135	Malbec De Gai-Kodzor	Виноградники Гай-Кодзора	Красное	Кубань	Мальбек	indexed	dataset/prod-svoe-vino-3/uploads/vinogradniki_gay_kodzora_malbec_de_gai_kodzor_malbek_krasnoe_suhoe_135_5a017ab36f.webp
vinogradniki-gay-kodzora-malbec-red-klen-de-gai-kodzor-malbek-krasnoe-suhoe-135	Malbec Red Klen De Gai-Kodzor	Виноградники Гай-Кодзора	Красное	Кубань	Мальбек	indexed	dataset/prod-svoe-vino-3/uploads/vinogradniki_gay_kodzora_malbec_red_klen_de_gai_kodzor_malbek_krasnoe_suhoe_135_88285a40f2.webp
vinogradniki-gay-kodzora-muscat-de-gai-kodzor-sladkiy-muskat-aleksandriyskiy-beloe-sladkoe-14	Muscat de Gai-Kodzor сладкий	Виноградники Гай-Кодзора	Белое	Кубань	Мускат Александрийский	indexed	dataset/prod-svoe-vino-3/uploads/vinogradniki_gay_kodzora_muscat_de_gai_kodzor_sladkiy_muskat_aleksandriyskiy_beloe_sladkoe_14_b6db28874b.webp
vinogradniki-gay-kodzora-muscat-ga-kodzor-muskat-melkozernistyy-beloe-suhoe-12	Muscat Gaï-Kodzor	Виноградники Гай-Кодзора	Белое	Кубань	Мускат Мелкозернистый	indexed	dataset/prod-svoe-vino-3/uploads/vinogradniki_gay_kodzora_muscat_ga_kodzor_muskat_melkozernistyy_beloe_suhoe_12_b15bbb92d8.webp
vinogradniki-gay-kodzora-rose-cuvee-prestige-de-gai-kodzor-murvedr-rozovoe-suhoe-13	Rose Cuvee Prestige De Gai-Kodzor	Виноградники Гай-Кодзора	Розовое	Кубань	Мурведр	indexed	dataset/prod-svoe-vino-3/uploads/vinogradniki_gay_kodzora_rose_cuvee_prestige_de_gai_kodzor_murvedr_rozovoe_suhoe_13_fd29618965.webp
vinogradniki-gay-kodzora-rose-de-gai-kodzor-grenash-rozovoe-suhoe-125	Rose de Gai-Kodzor	Виноградники Гай-Кодзора	Розовое	Кубань	Гренаш	indexed	dataset/prod-svoe-vino-3/uploads/vinogradniki_gay_kodzora_rose_de_gai_kodzor_grenash_rozovoe_suhoe_125_c757714c6a.webp
vinogradniki-gay-kodzora-sauvignon-blanc-de-ga-kodzor-sovinon-blan-beloe-suhoe-12	Sauvignon Blanc de Gaï-Kodzor	Виноградники Гай-Кодзора	Белое	Кубань	Совиньон Блан	indexed	dataset/prod-svoe-vino-3/uploads/vinogradniki_gay_kodzora_sauvignon_blanc_de_ga_kodzor_sovinon_blan_beloe_suhoe_12_b968e9c060.webp
vinogradniki-gay-kodzora-semillion-de-gai-kodzor-semilon-beloe-sladkoe-12	Semillion de Gai-Kodzor	Виноградники Гай-Кодзора	Белое	Кубань	Семильон	indexed	dataset/prod-svoe-vino-3/uploads/vinogradniki_gay_kodzora_semillion_de_gai_kodzor_semilon_beloe_sladkoe_12_61091f4885.webp
vinogradniki-gay-kodzora-terroir-blanc-de-ga-kodzor-semilon-beloe-suhoe-13	Terroir Blanc de Gaï-Kodzor	Виноградники Гай-Кодзора	Белое	Кубань	Семильон	indexed	dataset/prod-svoe-vino-3/uploads/vinogradniki_gay_kodzora_terroir_blanc_de_ga_kodzor_semilon_beloe_suhoe_13_e642b358c7.webp
vinogradniki-gay-kodzora-terroir-de-gai-kodzor-sira-krasnoe-suhoe-14	Terroir De Gai-Kodzor	Виноградники Гай-Кодзора	Красное	Кубань	Сира	indexed	dataset/prod-svoe-vino-3/uploads/vinogradniki_gay_kodzora_terroir_de_gai_kodzor_sira_krasnoe_suhoe_14_f2d3a63dff.webp
vinogradniki-gay-kodzora-terroir-red-klyon-de-ga-kodzor-sira-krasnoe-suhoe-14	Terroir Red Klёn de Gaï-Kodzor	Виноградники Гай-Кодзора	Красное	Кубань	Сира	indexed	dataset/prod-svoe-vino-3/uploads/vinogradniki_gay_kodzora_terroir_red_klyon_de_ga_kodzor_sira_krasnoe_suhoe_14_715bb0e9f8.webp
vinogradniki-gay-kodzora-viognier-de-ga-kodzor-vione-beloe-suhoe-125	Viognier de Gaï-Kodzor	Виноградники Гай-Кодзора	Белое	Кубань	Вионье	indexed	dataset/prod-svoe-vino-3/uploads/vinogradniki_gay_kodzora_viognier_de_ga_kodzor_vione_beloe_suhoe_125_b8fae3d571.webp
vintazh-premium	Винтаж. Премиум	Литавщук. Litavshchuk vineyards & winery	Красное	Кубань	Каберне Совиньон, Рубин Голодриги	not_indexed	
viognier-special-reserve	Viognier special reserve	Kalos Limen	Белое	Крым	Вионье	not_indexed	
vysokij-bereg-czvajgelt	Высокий Берег Цвайгельт	Кубань-Вино	Розовое	Кубань	Цвайгельт	not_indexed	
vysokij-bereg-risling-zelenaya-seriya	Высокий берег Рислинг. Зеленая серия	Кубань-Вино	Белое	Кубань	Рислинг	not_indexed	
vysokij-bereg-risling-zelenaya-seriya-1	Высокий берег Рислинг. Зеленая серия	Кубань-Вино	Белое	Кубань	Рислинг	not_indexed	
vysokij-bereg-risling-zelenaya-seriya-2	Высокий берег Рислинг. Зеленая серия	Кубань-Вино	Белое	Кубань	Рислинг	not_indexed	
vysokij-bereg-traminer-zelenaya-seriya	Высокий берег Траминер. Зеленая серия	Кубань-Вино	Белое	Кубань	Траминер Розовый	not_indexed	
wein-und-wasser-vayn-taym-sira-krym-krasnoe-suhoe-13	Вайн Тайм Сира Крым	Wein und Wasser	Красное	Крым	Сира	not_indexed	
wein-und-wasser-vayn-taym-sovinon-blan-krym-beloe-suhoe-12	Вайн Тайм Совиньон Блан Крым	Wein und Wasser	Белое	Крым	Совиньон Блан	not_indexed	
wine	Балаклава Брют Резерв Розе	Золотая Балка	Розовое	Крым	Пино Блан	not_indexed	
wine-1	Margarita, 2022	WINEMAFIA	Белое	Кубань	Совиньон Блан	not_indexed	
winemaker-selection	Winemaker selection	Инкерманский ЗМВ	Белое	Крым	Рислинг	not_indexed	
winepark-kokur-kokur-belyy-beloe-suhoe-13	Кокур	WINEPARK	Белое	Крым	Кокур Белый	not_indexed	
winepark-kuchuk-isar-kaberne-sovinon-krasnoe-suhoe-135	Кучук-Исар	WINEPARK	Красное	Крым	Каберне Совиньон	not_indexed	
winepark-pino-blan-beloe-suhoe-125	Пино Блан	WINEPARK	Белое	Крым	Пино Блан	not_indexed	
winepark-risling-beloe-suhoe-125	Рислинг	WINEPARK	Белое	Крым	Рислинг	not_indexed	
ya-jla-risling	Яйла Рислинг	Yaiyla Winery	Белое	Крым	Рислинг	not_indexed	
yaiyla-winery-kokur-kokur-belyy-beloe-suhoe-13	Кокур	Yaiyla Winery	Белое	Крым	Кокур Белый	not_indexed	
zakat-denisov-vajneri	Закат. Денисов Вайнери	Denisov Winery	Розовое	Самара	Левокумский, Шардоне	not_indexed	
zb-vajn-moskato-polusladkoe-beloe	ЗБ вайн МОСКАТО полусладкое белое	Золотая Балка	Белое	Крым	Мускат	not_indexed	
zb-vajn-moskato-polusladkoe-rozovoe	ЗБ вайн МОСКАТО полусладкое розовое	Золотая Балка	Розовое	Крым	Мускат	not_indexed	
zb-vajn-risling-polusuhoe-beloe	ЗБ вайн РИСЛИНГ Полусухое белое	Золотая Балка	Белое	Крым	Рислинг	not_indexed	
zb-vajn-roze-suhoe-rozovoe	ЗБ вайн РОЗЕ сухое розовое	Золотая Балка	Розовое	Крым	Мерло	not_indexed	
zb-vajn-spumante-bryut-beloe	ЗБ вайн СПУМАНТЕ Брют белое	Золотая Балка	Белое	Крым	Алиготе	not_indexed	
zb-vajn-spumante-bryut-rozovoe	ЗБ вайн СПУМАНТЕ Брют розовое	Золотая Балка	Розовое	Крым	Алиготе	not_indexed	
zb-vajn-spumante-polusuhoe-beloe	ЗБ вайн СПУМАНТЕ Полусухое белое	Золотая Балка	Белое	Крым	Алиготе	not_indexed	
zb-vajn-vajt-suhoe-beloe	ЗБ вайн ВАЙТ сухое белое	Золотая Балка	Белое	Крым	Ркацители	indexed	dataset/prod-svoe-vino-1/uploads/convertio_in_L1002571_8cf9459a5e.webp
zb-wine-moscato-beloe-polusladkoe	ZB Wine Moscato белое полусладкое	Золотая Балка	Белое	Крым	Мускат Белый, Мускат Янтарный	not_indexed	
zhemchuzhnaya-9-aligote-czitron	Жемчужная 9 Алиготе, Цитрон	АРАТТИ	Белое	Кубань	Алиготе, Цитронный Магарача	not_indexed	
zhemchuzhnaya-9-czitron-shardone	Жемчужная 9 Цитрон, Шардоне	АРАТТИ	Белое	Кубань	Цитронный Магарача, Шардоне	not_indexed	
zhemchuzhnaya-9-czitron-shardone-1	Жемчужная 9 Цитрон, Шардоне	АРАТТИ	Белое	Кубань	Цитронный Магарача, Шардоне	not_indexed	
zhemchuzhnaya-9-kaberne-sovinon-pino-nuar	Жемчужная 9 Каберне Совиньон, Пино Нуар	АРАТТИ	Розовое	Кубань	Каберне Совиньон, Пино Нуар	not_indexed	
zhemchuzhnaya-9-kaberne-sovinon-pino-nuar-1	Жемчужная 9 Каберне Совиньон, Пино Нуар	АРАТТИ	Розовое	Кубань	Каберне Совиньон, Пино Нуар	not_indexed	
zhemchuzhnaya-9-merlo-kaberne-sovinon	Жемчужная 9 Мерло, Каберне Совиньон	АРАТТИ	Красное	Кубань	Каберне Совиньон, Мерло	indexed	dataset/prod-svoe-vino-1/uploads/ec2082cwb8d2y4rf36x235pckozylfad_9994a4e28f.webp
zhemchuzhnaya-9-muskat-rozovyj-kaberne-sovinon	Жемчужная 9 Мускат Розовый, Каберне Совиньон	АРАТТИ	Розовое	Кубань	Каберне Совиньон, Мускат Розовый	not_indexed	
zhemchuzhnaya-9-muskat-rozovyj-pino-gri	Жемчужная 9 Мускат Розовый, Пино гри	АРАТТИ	Розовое	Кубань	Мускат Розовый, Пино Гри	not_indexed	
zhemchuzhnaya-9-pino-gri-pino-nuar	Жемчужная 9 Пино Гри, Пино Нуар	АРАТТИ	Розовое	Кубань	Пино Гри, Пино Нуар	not_indexed	
zhemchuzhnaya-9-pino-nuar-muskat-rozovyj	Жемчужная 9 Пино Нуар, Мускат Розовый	АРАТТИ	Розовое	Кубань	Мускат Розовый, Пино Нуар	not_indexed	
zhemchuzhnaya-9-pino-nuar-muskat-rozovyj-1	Жемчужная 9 Пино Нуар, Мускат розовый	АРАТТИ	Розовое	Кубань	Мускат Розовый, Пино Нуар	not_indexed	
zhemchuzhnaya-9-pino-nuar-muskat-rozovyj-2	Жемчужная 9 Пино нуар, Мускат Розовый	АРАТТИ	Розовое	Кубань	Мускат Розовый, Пино Нуар	not_indexed	
zhemchuzhnaya-9-risling-sovinon-blan	Жемчужная 9 Рислинг,Совиньон блан	АРАТТИ	Белое	Кубань	Рислинг, Совиньон Блан	not_indexed	
zhemchuzhnaya-9-sovinon-blan-aligote	Жемчужная 9 Совиньон блан, Алиготе	АРАТТИ	Белое	Кубань	Алиготе, Совиньон Блан	not_indexed	
zimovets-avtohton-tsimlyanskiy-chernyy-krasnoe-suhoe-135	Автохтон	Зимовец	Красное	Нижняя Волга	Цимлянский черный	not_indexed	
zmv-koktebel-atmosfera-aligote-rkatsiteli-shardone-beloe-suhoe-11	Атмосфера - Алиготе, Ркацители, Шардоне	ЗМВ Коктебель	Белое	Крым	Алиготе, Ркацители, Шардоне	not_indexed	
zmv-koktebel-atmosfera-kaberne-sovinon-kaberne-fran-merlo-bastardo-magarachskiy-krasnoe-suhoe-13	Атмосфера - Каберне Совиньон, Каберне Фран, Мерло, Бастардо Магарачский	ЗМВ Коктебель	Красное	Крым	Бастардо Магарачский, Каберне Совиньон, Каберне Фран, Мерло	not_indexed	
zmv-koktebel-atmosfera-kaberne-sovinon-merlo-pino-chernyy-krasnoe-polusladkoe-13	Атмосфера - Каберне Совиньон, Мерло, Пино Черный	ЗМВ Коктебель	Красное	Крым	Каберне Совиньон, Мерло, Пино черный	not_indexed	
zmv-koktebel-atmosfera-rkatsiteli-aligote-kokur-muskat-belyy-shardone-beloe-polusladkoe-11	Атмосфера - Ркацители, Алиготе, Кокур, Мускат Белый, Шардоне	ЗМВ Коктебель	Белое	Крым	Алиготе, Кокур, Мускат Белый, Ркацители, Шардоне	not_indexed	
zmv-koktebel-atmosfera-shardone-merlo-rkatsiteli-muskat-rozovyy-muskat-gamburgskiy-rozovoe-polusuhoe-12	Атмосфера - Шардоне, Мерло, Ркацители, Мускат Розовый, Мускат Гамбургский	ЗМВ Коктебель	Розовое	Крым	Мерло, Мускат Гамбургский, Мускат Розовый, Ркацители, Шардоне	not_indexed	
zmv-koktebel-bastardo-krasnoe-suhoe-14	Бастардо	ЗМВ Коктебель	Красное	Крым	Бастардо	not_indexed	
zmv-koktebel-blan-aligote-beloe-suhoe-12	Блан, Алиготе	ЗМВ Коктебель	Белое	Крым	Алиготе	not_indexed	
zmv-koktebel-grand-kupazh-kaberne-sovinon-krasnoe-suhoe-13	Гранд Купаж	ЗМВ Коктебель	Красное	Крым	Бастардо, Каберне Совиньон, Мерло, Рубиновый Магарача	not_indexed	
zmv-koktebel-kagor-vysshego-kachestva-kaberne-sovinon-krasnoe-sladkoe-16	Кагор Высшего Качества	ЗМВ Коктебель	Красное	Крым	Бастардо, Каберне Совиньон, Каберне Фран	not_indexed	
zmv-koktebel-kokur-bryut-beloe-11	Кокур брют	ЗМВ Коктебель	Белое	Крым	Кокур	not_indexed	
zmv-koktebel-madera-albilo-beloe-sladkoe-19	Мадера	ЗМВ Коктебель	Белое	Крым	Альбильо, Вердельо, Ркацители, Шабаш	not_indexed	
zmv-koktebel-merlo-krasnoe-suhoe-13	Мерло	ЗМВ Коктебель	Красное	Крым	Мерло	not_indexed	
zmv-koktebel-muskat-desertnyy-rozovoe-sladkoe-16	Мускат десертный	ЗМВ Коктебель	Розовое	Крым	Мускат	not_indexed	
zmv-koktebel-muskat-yantarnyy-desertnyy-beloe-sladkoe-16	Мускат янтарный десертный	ЗМВ Коктебель	Белое	Крым	Мускат	not_indexed	
zmv-koktebel-oranzh-rkatsiteli-beloe-suhoe-125	Оранж, Ркацители	ЗМВ Коктебель	Белое	Крым	Ркацители	not_indexed	
zmv-koktebel-pino-gri-desertnoe-beloe-sladkoe-16	Пино гри десертное	ЗМВ Коктебель	Белое	Крым	Пино Гри	not_indexed	
zmv-koktebel-pino-nuar-bryut-rozovoe-11	Пино Нуар брют	ЗМВ Коктебель	Розовое	Крым	Пино Нуар	not_indexed	
zmv-koktebel-portveyn-beloe-kreplyonoe-aligote-sladkoe-17	Портвейн - белое креплёное	ЗМВ Коктебель	Белое	Крым	Алиготе, Ркацители, Шабаш	not_indexed	
zmv-koktebel-portveyn-krasnoe-kreplyonoe-kaberne-sovinon-sladkoe-17	Портвейн - красное креплёное	ЗМВ Коктебель	Красное	Крым	Каберне Совиньон, Мерло, Молдова	not_indexed	
zmv-koktebel-rkatsiteli-beloe-sladkoe-135	Ркацители	ЗМВ Коктебель	Белое	Крым	Ркацители	not_indexed	
zmv-koktebel-rkatsiteli-desertnoe-beloe-sladkoe-16	Ркацители десертное	ЗМВ Коктебель	Белое	Крым	Ркацители	not_indexed	
zmv-koktebel-roze-merlo-rozovoe-suhoe-12	Розе, Мерло	ЗМВ Коктебель	Розовое	Крым	Мерло	not_indexed	
zmv-koktebel-ruzh-rubinovyy-magaracha-krasnoe-suhoe-135	Руж, Рубиновый Магарача	ЗМВ Коктебель	Красное	Крым	Рубиновый Магарача	not_indexed	
zmv-koktebel-shardone-beloe-suhoe-12	Шардоне	ЗМВ Коктебель	Белое	Крым	Шардоне	not_indexed	
zmv-koktebel-traminer-desertnoe-beloe-sladkoe-16	Траминер десертное	ЗМВ Коктебель	Белое	Крым	Траминер	not_indexed	
znoj-denisov-vajneri	Зной. Денисов Вайнери	Denisov Winery	Белое	Самара	Ркацители, Цитронный Магарача	not_indexed	
zolotaya-balka-black-prince-crimea-prestige-cuvee-extra-brut-limited-edition-shardone-beloe-ekstra-bryut-125	Black Prince Crimea Prestige Cuvee Extra Brut Limited Edition	Золотая Балка	Белое	Крым	Шардоне	not_indexed	
zolotaya-balka-blanc-de-neige-shardone-beloe-suhoe-125	Blanc De Neige	Золотая Балка	Белое	Крым	Пино Блан, Шардоне	not_indexed	
zolotaya-balka-chernyy-prints-shardone-beloe-ekstra-bryut-12	Черный Принц	Золотая Балка	Белое	Крым	Шардоне	not_indexed	
zolotaya-balka-cuvee-de-vitmer-rose-pino-blan-rozovoe-bryut-12	Cuvee de Vitmer rose	Золотая Балка	Розовое	Крым	Пино Блан	not_indexed	
zolotaya-balka-igristoe-krasnoe-polusladkoe	Золотая Балка игристое красное полусладкое	Золотая Балка	Красное	Крым	Каберне Совиньон, Мерло, Саперави	not_indexed	
zolotaya-balka-pink-sira-rozovoe-suhoe-13	Pink	Золотая Балка	Розовое	Крым	Каберне Фран, Сира	not_indexed	
zolotaya-balka-zb-frizzante-dry-risling-beloe-suhoe-10	ZB Frizzante Dry	Золотая Балка	Белое	Крым	Мускат Янтарный, Рислинг, Ркацители	not_indexed	
zolotaya-balka-zb-frizzante-semi-dry-rose-risling-rozovoe-polusuhoe-10	ZB Frizzante Semi-Dry Rose	Золотая Балка	Розовое	Крым	Алиготе, Бастардо Магарачский, Каберне Совиньон, Мускат Гамбургский, Пино Нуар, Рислинг, Ркацители, Саперави, Шардоне	not_indexed	
zolotaya-balka-zb-moscato-semi-sweet-rose-muskat-yantarnyy-rozovoe-polusladkoe-9	ZB Moscato Semi-Sweet Rose	Золотая Балка	Розовое	Крым	Мускат Гамбургский, Мускат Янтарный	not_indexed	
zolotaya-balka-zb-spumante-brut-risling-beloe-bryut-125	ZB Spumante Brut	Золотая Балка	Белое	Крым	Рислинг, Шардоне	not_indexed	
zolotaya-balka-zb-spumante-semi-dry-risling-beloe-polusuhoe-125	ZB Spumante Semi-Dry	Золотая Балка	Белое	Крым	Рислинг, Шардоне	not_indexed	
zolotaya-balka-zb-wine-riesling-risling-beloe-polusuhoe-115	ZB Wine Riesling	Золотая Балка	Белое	Крым	Рислинг	not_indexed	
zolotaya-balka-zb-wine-sauvignon-blanc-sovinon-blan-beloe-suhoe-125	ZB Wine Sauvignon Blanc	Золотая Балка	Белое	Крым	Совиньон Блан	not_indexed	
zolotoe-pole-kaffa-kaberne-fran-krasnoe-suhoe-14	"KAFFA ""Каберне Фран"""	Золотое Поле	Красное	Крым	Каберне Фран	not_indexed	
zolotoe-pole-kaffa-kaberne-sovinon-krasnoe-suhoe-125	"KAFFA ""Каберне Совиньон"""	Золотое Поле	Красное	Крым	Каберне Совиньон	not_indexed	
zolotoe-pole-kaffa-malbek-krasnoe-suhoe-125	"KAFFA ""Мальбек"""	Золотое Поле	Красное	Крым	Мальбек	not_indexed	
zolotoe-pole-kaffa-moskato-dzhallo-moskato-dzhallo-beloe-suhoe-135	"KAFFA ""Москато Джалло"""	Золотое Поле	Белое	Крым	Москато-джалло	not_indexed	
zolotoe-pole-kaffa-saperavi-krasnoe-suhoe-14	"KAFFA ""Саперави"""	Золотое Поле	Красное	Крым	Саперави	not_indexed	
zolotoe-pole-kaffa-shardone-beloe-suhoe-125	"KAFFA ""Шардоне"""	Золотое Поле	Белое	Крым	Шардоне	not_indexed	
zolotoe-pole-kaffa-vione-beloe-suhoe-13	"KAFFA ""Вионье"""	Золотое Поле	Белое	Крым	Вионье	not_indexed	
zolotoe-pole-legend-of-crimea-cabernet-sauvignon-kaberne-sovinon-krasnoe-suhoe-125	"Legend of Crimea ""Cabernet Sauvignon"""	Золотое Поле	Красное	Крым	Каберне Совиньон	not_indexed	
zolotoe-pole-legend-of-crimea-chardonnay-shardone-beloe-suhoe-13	"Legend of Crimea ""Chardonnay"""	Золотое Поле	Белое	Крым	Шардоне	not_indexed	
zolotoe-pole-legend-of-crimea-malbec-malbek-krasnoe-suhoe-125	"Legend of Crimea ""Malbec"""	Золотое Поле	Красное	Крым	Мальбек	not_indexed	
zolotoe-pole-legend-of-crimea-muscat-ottonel-muskat-ottonel-beloe-suhoe-14	"Legend of Crimea ""Muscat Ottonel"""	Золотое Поле	Белое	Крым	Мускат Оттонель	not_indexed	
zolotoe-pole-legend-of-crimea-pinot-gris-rose-pino-gri-rozovoe-suhoe-135	"Legend of Crimea ""Pinot Gris Rose"""	Золотое Поле	Розовое	Крым	Пино Гри	not_indexed	
zolotoe-pole-legend-of-crimea-red-blend-kaberne-sovinon-krasnoe-suhoe-14	"Legend of Crimea ""Red Blend"""	Золотое Поле	Красное	Крым	Каберне Совиньон, Каберне Фран, Мерло	not_indexed	
zolotoe-pole-legend-of-crimea-sauvignon-blanc-sovinon-blan-beloe-suhoe-13	"Legend of Crimea ""Sauvignon Blanc"""	Золотое Поле	Белое	Крым	Совиньон Блан	not_indexed	
zolotoe-pole-legend-of-crimea-white-blend-malvaziya-beloe-suhoe-135	"Legend of Crimea ""White Blend"""	Золотое Поле	Белое	Крым	Мальвазия, Совиньон Блан	not_indexed	
